Season,Home_Team,Away_Team,Home_Win_Percentage,Away_Win_Percentage,Home_Avg_Points_For,Away_Avg_Points_For,Home_Avg_Points_Conceded,Away_Avg_Points_Conceded,Home_Avg_Points_Differential,Away_Avg_Points_Differential,Home_Last5_Win_Percentage,Away_Last5_Win_Percentage,Home_Last5_Avg_Points_For,Away_Last5_Avg_Points_For,Home_Last5_Avg_Points_Conceded,Away_Last5_Avg_Points_Conceded,Home_Last5_Avg_Points_Differential,Away_Last5_Avg_Points_Differential,Winner
2000,Richmond,Melbourne,50.0,50.0,90.0,90.0,90.0,90.0,0.0,0.0,50.0,50.0,90.0,90.0,90.0,90.0,0.0,0.0,Home
2000,Essendon,Port Adelaide,50.0,50.0,93.0,93.0,93.0,93.0,0.0,0.0,50.0,50.0,90.0,93.0,93.0,93.0,0.0,0.0,Home
2000,North Melbourne,West Coast,50.0,50.0,101.0,101.0,101.0,101.0,0.0,0.0,50.0,50.0,90.0,101.0,101.0,101.0,0.0,0.0,Away
2000,Adelaide,Footscray,50.0,50.0,111.5,111.5,111.5,111.5,0.0,0.0,50.0,50.0,90.0,111.5,111.5,111.5,0.0,0.0,Away
2000,Fremantle,Geelong,50.0,50.0,113.5,113.5,113.5,113.5,0.0,0.0,50.0,50.0,90.0,113.5,113.5,113.5,0.0,0.0,Away
2000,St Kilda,Sydney,50.0,50.0,114.4,114.4,114.4,114.4,0.0,0.0,50.0,50.0,90.0,114.4,114.4,114.4,0.0,0.0,Away
2000,Carlton,Brisbane Lions,50.0,50.0,114.83,114.83,114.83,114.83,0.0,0.0,50.0,50.0,90.0,114.83,114.83,114.83,0.0,0.0,Home
2000,Hawthorn,Collingwood,50.0,50.0,117.29,117.29,117.29,117.29,0.0,0.0,50.0,50.0,90.0,117.29,117.29,117.29,0.0,0.0,Away
2000,Essendon,Richmond,100.0,50.0,156.0,94.0,62.0,92.0,94.0,2.0,100.0,100.0,156.0,94.0,62.0,92.0,94.0,2.0,Home
2000,Melbourne,North Melbourne,50.0,50.0,92.0,111.0,94.0,154.0,-2.0,-43.0,0.0,0.0,92.0,111.0,94.0,154.0,-2.0,-43.0,Home
2000,Geelong,St Kilda,50.0,50.0,129.0,100.0,107.0,134.0,22.0,-34.0,100.0,0.0,129.0,100.0,107.0,134.0,22.0,-34.0,Home
2000,Port Adelaide,Fremantle,50.0,50.0,62.0,107.0,156.0,129.0,-94.0,-22.0,0.0,0.0,62.0,107.0,156.0,129.0,-94.0,-22.0,Away
2000,Carlton,Hawthorn,100.0,50.0,152.0,86.0,112.0,140.0,40.0,-54.0,100.0,0.0,152.0,86.0,112.0,140.0,40.0,-54.0,Home
2000,Collingwood,Adelaide,50.0,50.0,140.0,108.0,86.0,131.0,54.0,-23.0,100.0,0.0,140.0,108.0,86.0,131.0,54.0,-23.0,Home
2000,Footscray,Brisbane Lions,50.0,0.0,131.0,112.0,108.0,152.0,23.0,-40.0,100.0,0.0,131.0,112.0,108.0,152.0,23.0,-40.0,Away
2000,West Coast,Sydney,50.0,100.0,154.0,134.0,111.0,100.0,43.0,34.0,100.0,100.0,154.0,134.0,111.0,100.0,43.0,34.0,Away
2000,Richmond,North Melbourne,100.0,0.0,90.5,115.5,111.0,149.5,-20.5,-34.0,50.0,0.0,90.5,115.5,111.0,149.5,-20.5,-34.0,Away
2000,Hawthorn,Brisbane Lions,0.0,50.0,99.0,125.5,147.0,131.0,-48.0,-5.5,0.0,50.0,99.0,125.5,147.0,131.0,-48.0,-5.5,Home
2000,Adelaide,Geelong,0.0,100.0,100.0,134.0,117.0,103.0,-17.0,31.0,0.0,100.0,100.0,134.0,117.0,103.0,-17.0,31.0,Away
2000,St Kilda,West Coast,0.0,100.0,99.5,112.0,136.5,96.5,-37.0,15.5,0.0,50.0,99.5,112.0,136.5,96.5,-37.0,15.5,Draw
2000,Collingwood,Carlton,100.0,50.0,121.5,153.0,89.0,112.0,32.5,41.0,100.0,100.0,121.5,153.0,89.0,112.0,32.5,41.0,Home
2000,Footscray,Port Adelaide,0.0,0.0,120.5,74.5,123.5,140.5,-3.0,-66.0,50.0,0.0,120.5,74.5,123.5,140.5,-3.0,-66.0,Home
2000,Sydney,Melbourne,50.0,0.0,108.0,118.5,85.0,107.0,23.0,11.5,100.0,50.0,108.0,118.5,85.0,107.0,23.0,11.5,Home
2000,Fremantle,Essendon,0.0,50.0,116.0,143.0,108.0,74.5,8.0,68.5,50.0,100.0,116.0,143.0,108.0,74.5,8.0,68.5,Away
2000,North Melbourne,Geelong,0.0,100.0,133.67,126.33,144.33,102.0,-10.67,24.33,33.33,100.0,133.67,126.33,144.33,102.0,-10.67,24.33,Home
2000,Footscray,Carlton,50.0,0.0,127.33,131.0,113.67,128.0,13.67,3.0,66.67,66.67,127.33,131.0,113.67,128.0,13.67,3.0,Home
2000,Hawthorn,Essendon,50.0,100.0,102.67,136.67,132.33,79.0,-29.67,57.67,33.33,100.0,102.67,136.67,132.33,79.0,-29.67,57.67,Away
2000,Sydney,Collingwood,100.0,100.0,114.0,134.33,94.67,88.33,19.33,46.0,100.0,100.0,114.0,134.33,94.67,88.33,19.33,46.0,Away
2000,West Coast,Adelaide,0.0,0.0,113.33,100.0,103.0,115.0,15.5,-15.0,33.33,0.0,113.33,100.0,103.0,115.0,10.33,-15.0,Home
2000,Richmond,Fremantle,50.0,100.0,105.0,106.67,130.67,113.33,-25.67,-6.67,33.33,33.33,105.0,106.67,130.67,113.33,-25.67,-6.67,Away
2000,Melbourne,St Kilda,100.0,0.0,117.0,105.0,113.33,129.67,3.67,-37.0,33.33,0.0,117.0,105.0,113.33,129.67,3.67,-24.67,Home
2000,Port Adelaide,Brisbane Lions,0.0,33.33,81.0,118.0,140.67,124.0,-59.67,-6.0,0.0,33.33,81.0,118.0,140.67,124.0,-59.67,-6.0,Home
2000,Footscray,Collingwood,66.67,100.0,120.0,127.25,100.0,91.5,20.0,35.75,75.0,100.0,120.0,127.25,100.0,91.5,20.0,35.75,Away
2000,Essendon,Carlton,100.0,0.0,136.75,113.0,81.75,120.5,55.0,-7.5,100.0,50.0,136.75,113.0,81.75,120.5,55.0,-7.5,Home
2000,Brisbane Lions,Adelaide,50.0,0.0,115.0,93.25,130.25,133.0,-15.25,-39.75,25.0,0.0,115.0,93.25,130.25,133.0,-15.25,-39.75,Home
2000,Fremantle,Melbourne,0.0,0.0,102.0,129.0,106.75,103.75,-4.75,25.25,50.0,50.0,102.0,129.0,106.75,103.75,-4.75,25.25,Away
2000,Geelong,West Coast,100.0,50.0,119.5,131.75,102.5,95.5,17.0,48.33,75.0,50.0,119.5,131.75,102.5,95.5,17.0,36.25,Home
2000,North Melbourne,Sydney,50.0,100.0,126.25,110.75,133.0,97.5,-6.75,13.25,50.0,75.0,126.25,110.75,133.0,97.5,-6.75,13.25,Home
2000,St Kilda,Richmond,0.0,0.0,97.5,100.5,138.5,120.0,-54.67,-19.5,0.0,25.0,97.5,100.5,138.5,120.0,-41.0,-19.5,Away
2000,Port Adelaide,Hawthorn,50.0,0.0,98.0,99.5,132.0,133.5,-34.0,-34.0,25.0,25.0,98.0,99.5,132.0,133.5,-34.0,-34.0,Away
2000,Footscray,Essendon,50.0,100.0,118.0,134.0,103.6,85.2,14.4,48.8,60.0,100.0,118.0,134.0,103.6,85.2,14.4,48.8,Away
2000,Carlton,Port Adelaide,100.0,0.0,110.2,93.2,121.0,128.2,-10.8,-35.0,40.0,20.0,110.2,93.2,121.0,128.2,-10.8,-35.0,Home
2000,Collingwood,North Melbourne,100.0,50.0,125.4,126.6,95.2,130.4,30.2,-3.8,100.0,60.0,125.4,126.6,95.2,130.4,30.2,-3.8,Away
2000,St Kilda,Brisbane Lions,0.0,25.0,94.8,116.4,132.8,122.6,-47.5,-6.2,0.0,40.0,94.8,116.4,132.8,122.6,-38.0,-6.2,Away
2000,West Coast,Fremantle,50.0,100.0,121.6,96.6,108.8,106.6,16.0,-10.0,40.0,40.0,121.6,96.6,108.8,106.6,12.8,-10.0,Home
2000,Sydney,Richmond,50.0,50.0,112.6,102.4,103.6,112.8,9.0,-10.4,60.0,40.0,112.6,102.4,103.6,112.8,9.0,-10.4,Away
2000,Geelong,Melbourne,100.0,33.33,128.0,124.4,98.2,98.0,29.8,26.4,80.0,60.0,128.0,124.4,98.2,98.0,29.8,26.4,Home
2000,Adelaide,Hawthorn,0.0,50.0,93.0,102.2,130.8,121.6,-37.8,-19.4,0.0,40.0,93.0,102.2,130.8,121.6,-37.8,-19.4,Home
2000,Hawthorn,Footscray,33.33,100.0,94.67,111.83,125.17,110.33,-30.5,1.5,40.0,40.0,96.4,111.83,125.17,110.33,-25.8,-2.8,Home
2000,Sydney,Geelong,33.33,66.67,111.5,124.83,105.0,95.83,6.5,29.0,40.0,80.0,107.0,124.83,105.0,95.83,1.0,30.4,Away
2000,St Kilda,North Melbourne,0.0,66.67,90.0,124.5,128.17,122.33,-45.8,2.17,0.0,80.0,88.0,124.5,128.17,122.33,-39.0,11.2,Away
2000,Port Adelaide,Adelaide,33.33,0.0,90.67,101.33,135.0,118.5,-44.33,-17.17,20.0,20.0,96.4,101.33,135.0,118.5,-34.4,-16.0,Away
2000,Melbourne,West Coast,100.0,33.33,117.67,131.0,99.83,100.83,17.83,36.2,60.0,40.0,122.8,131.0,99.83,100.83,21.8,27.6,Home
2000,Richmond,Carlton,33.33,0.0,104.0,120.0,111.67,113.83,-7.67,6.17,40.0,40.0,106.0,120.0,111.67,113.83,-9.6,-0.6,Away
2000,Collingwood,Essendon,66.67,100.0,118.17,135.67,98.33,84.5,19.83,51.17,80.0,100.0,113.8,135.67,98.33,84.5,13.0,42.6,Away
2000,Fremantle,Brisbane Lions,0.0,40.0,90.67,114.5,118.5,113.17,-27.83,1.33,40.0,60.0,87.4,114.5,118.5,113.17,-29.0,9.6,Home
2000,North Melbourne,Hawthorn,66.67,33.33,125.14,98.71,121.57,120.43,3.57,-21.71,100.0,60.0,129.0,98.71,121.57,120.43,18.6,-11.2,Away
2000,St Kilda,Adelaide,0.0,25.0,93.86,100.86,128.29,114.57,-40.17,-13.71,0.0,40.0,91.6,100.86,128.29,114.57,-33.4,-12.4,Away
2000,West Coast,Footscray,66.67,50.0,123.29,109.0,106.14,112.14,20.0,-3.14,40.0,40.0,127.8,109.0,106.14,112.14,17.8,-3.2,Home
2000,Carlton,Sydney,100.0,66.67,120.0,109.71,107.43,105.43,12.57,4.29,40.0,20.0,106.8,109.71,107.43,105.43,1.2,-3.2,Home
2000,Geelong,Richmond,100.0,66.67,122.43,99.0,96.29,112.86,26.14,-13.86,80.0,40.0,117.8,99.0,96.29,112.86,24.2,-11.2,Away
2000,Port Adelaide,Melbourne,25.0,25.0,90.71,120.57,129.71,96.57,-39.0,24.0,20.0,60.0,97.2,120.57,129.71,96.57,-28.2,29.0,Away
2000,Collingwood,Fremantle,50.0,66.67,115.57,93.57,104.29,115.86,11.29,-22.29,60.0,40.0,113.2,93.57,104.29,115.86,2.8,-34.4,Away
2000,Brisbane Lions,Essendon,100.0,100.0,112.43,136.29,112.86,86.71,-0.43,49.57,40.0,100.0,107.2,136.29,112.86,86.71,1.6,42.0,Away
2000,Footscray,St Kilda,40.0,0.0,108.12,90.62,111.62,125.75,-3.5,-40.14,20.0,0.0,96.6,90.62,111.62,125.75,-13.8,-41.4,Home
2000,Hawthorn,Geelong,50.0,75.0,102.38,116.75,113.75,102.62,-11.38,14.12,60.0,60.0,102.2,116.75,113.75,102.62,-0.4,8.0,Home
2000,Adelaide,North Melbourne,33.33,75.0,101.75,117.88,108.75,122.38,-7.0,-4.5,60.0,80.0,102.8,117.88,108.75,122.38,-2.2,-0.8,Away
2000,Richmond,West Coast,25.0,25.0,105.0,121.38,108.38,105.62,-3.38,18.0,60.0,60.0,105.0,121.38,108.38,105.62,10.0,19.0,Home
2000,Brisbane Lions,Collingwood,50.0,100.0,106.25,111.75,114.62,104.62,-8.38,7.12,40.0,40.0,99.2,111.75,114.62,104.62,-9.8,-16.2,Home
2000,Melbourne,Essendon,100.0,100.0,119.38,135.12,95.25,83.75,24.12,51.38,80.0,100.0,120.8,135.12,95.25,83.75,36.4,47.6,Away
2000,Sydney,Port Adelaide,25.0,0.0,104.0,90.12,105.88,127.38,-1.88,-37.25,0.0,20.0,98.0,90.12,105.88,127.38,-14.6,-23.8,Home
2000,Fremantle,Carlton,25.0,25.0,95.25,118.62,112.0,102.0,-16.75,16.62,60.0,60.0,88.4,118.62,112.0,102.0,-22.8,24.8,Away
2000,West Coast,Hawthorn,75.0,50.0,115.67,101.89,102.67,109.22,14.62,-7.33,40.0,80.0,102.8,101.89,102.67,109.22,-5.6,14.0,Home
2000,Richmond,Collingwood,40.0,75.0,102.11,112.33,104.11,109.22,-2.0,3.11,80.0,20.0,103.4,112.33,104.11,109.22,12.0,-23.0,Home
2000,St Kilda,Carlton,0.0,40.0,92.11,121.78,123.44,99.78,-35.25,22.0,0.0,80.0,87.8,121.78,123.44,99.78,-23.6,45.6,Away
2000,Port Adelaide,Geelong,20.0,60.0,89.56,111.89,125.56,102.11,-36.0,9.78,0.0,60.0,82.8,111.89,125.56,102.11,-37.6,4.0,Draw
2000,Essendon,Adelaide,100.0,40.0,131.89,104.33,84.78,110.89,47.11,-6.56,100.0,60.0,128.0,104.33,84.78,110.89,40.8,20.0,Home
2000,Footscray,Sydney,50.0,50.0,107.78,104.78,110.78,103.56,-3.0,1.22,20.0,20.0,98.0,104.78,110.78,103.56,-21.4,-8.4,Home
2000,North Melbourne,Fremantle,50.0,75.0,119.0,93.78,122.67,115.89,-3.67,-22.11,80.0,40.0,113.2,93.78,122.67,115.89,-1.2,-36.0,Home
2000,Melbourne,Brisbane Lions,75.0,33.33,116.44,110.67,96.44,114.89,20.0,-4.22,60.0,60.0,106.4,110.67,96.44,114.89,15.8,4.6,Home
2000,St Kilda,Port Adelaide,0.0,0.0,91.1,88.4,122.0,120.8,-34.33,-36.0,0.0,0.0,87.4,88.4,122.0,120.8,-23.8,-29.8,Home
2000,Carlton,North Melbourne,100.0,80.0,120.5,121.9,98.0,116.4,22.5,5.5,100.0,80.0,130.8,121.9,98.0,116.4,55.8,14.8,Home
2000,Hawthorn,Richmond,60.0,75.0,100.5,102.1,110.1,99.1,-9.6,3.0,60.0,80.0,98.8,102.1,110.1,99.1,0.2,16.4,Away
2000,Geelong,Essendon,75.0,100.0,108.5,131.9,99.7,84.7,9.78,47.2,40.0,100.0,89.0,131.9,99.7,84.7,-12.2,45.6,Away
2000,Fremantle,Footscray,20.0,33.33,90.4,110.7,119.1,107.6,-28.7,3.1,40.0,40.0,84.2,110.7,119.1,107.6,-47.4,-8.2,Away
2000,Adelaide,Melbourne,25.0,40.0,102.3,115.0,113.0,95.2,-10.7,19.8,60.0,60.0,111.6,115.0,113.0,95.2,16.4,13.2,Home
2000,Collingwood,West Coast,40.0,20.0,106.5,115.9,108.5,101.2,-2.0,16.33,0.0,60.0,87.6,115.9,108.5,101.2,-34.2,16.6,Away
2000,Sydney,Brisbane Lions,40.0,28.57,102.2,108.0,106.9,113.6,-4.7,-5.6,20.0,40.0,91.8,108.0,106.9,113.6,-18.4,-5.0,Away
2000,Essendon,St Kilda,100.0,0.0,133.09,93.45,84.91,115.91,48.18,-24.7,100.0,20.0,130.0,93.45,84.91,115.91,44.6,-3.6,Home
2000,Collingwood,Geelong,33.33,50.0,105.18,106.55,110.27,103.82,-5.09,3.0,0.0,20.0,89.6,106.55,110.27,103.82,-35.0,-28.8,Away
2000,Adelaide,Sydney,40.0,40.0,102.55,102.64,109.09,107.18,-6.55,-4.55,60.0,20.0,104.0,102.64,109.09,107.18,6.2,-17.8,Home
2000,Hawthorn,Fremantle,50.0,60.0,98.36,89.55,107.36,124.09,-9.0,-34.55,60.0,40.0,102.8,89.55,107.36,124.09,16.8,-42.6,Home
2000,Brisbane Lions,Richmond,66.67,80.0,108.18,100.09,113.0,97.09,-4.82,3.0,40.0,80.0,100.6,100.09,113.0,97.09,-12.2,15.8,Away
2000,North Melbourne,Port Adelaide,60.0,0.0,119.82,85.36,117.55,120.45,2.27,-38.6,60.0,0.0,114.2,85.36,117.55,120.45,2.4,-24.0,Home
2000,Footscray,Melbourne,57.14,33.33,116.45,110.91,105.18,96.09,11.27,14.82,60.0,60.0,122.0,110.91,105.18,96.09,23.0,11.2,Home
2000,West Coast,Carlton,80.0,50.0,117.0,121.27,100.36,98.09,18.3,23.18,60.0,100.0,100.2,121.27,100.36,98.09,0.4,43.6,Away
2000,Richmond,Adelaide,50.0,33.33,101.0,102.17,97.25,104.0,3.75,-1.83,100.0,60.0,103.8,102.17,97.25,104.0,28.4,14.8,Away
2000,Melbourne,Carlton,80.0,57.14,108.58,121.83,97.08,96.42,11.5,25.42,40.0,100.0,91.8,121.83,97.08,96.42,-6.0,43.4,Away
2000,Port Adelaide,Collingwood,16.67,60.0,83.17,102.0,116.75,107.0,-36.64,-5.0,0.0,0.0,72.6,102.0,116.75,107.0,-26.0,-27.8,Home
2000,Brisbane Lions,West Coast,50.0,33.33,107.42,113.75,112.83,102.67,-5.42,12.09,40.0,60.0,100.4,113.75,112.83,102.67,-12.4,2.6,Home
2000,Sydney,Hawthorn,33.33,40.0,98.08,100.25,106.42,103.58,-8.33,-3.33,20.0,60.0,81.8,100.25,106.42,103.58,-26.0,22.4,Home
2000,Essendon,North Melbourne,100.0,66.67,136.08,116.17,84.75,112.67,51.33,3.5,100.0,60.0,135.8,116.17,84.75,112.67,53.8,3.4,Home
2000,Geelong,Footscray,60.0,50.0,103.58,115.75,100.75,103.33,3.09,12.42,20.0,80.0,77.2,115.75,100.75,103.33,-29.8,34.2,Home
2000,Fremantle,St Kilda,16.67,0.0,87.25,92.58,123.83,120.33,-36.58,-30.27,20.0,20.0,78.4,92.58,123.83,120.33,-56.6,-18.4,Home
2000,North Melbourne,Brisbane Lions,66.67,37.5,112.62,112.46,113.15,111.0,-0.54,1.46,60.0,60.0,104.2,112.46,113.15,111.0,5.8,17.2,Home
2000,Melbourne,Collingwood,66.67,50.0,104.92,99.92,101.85,105.62,3.08,-5.69,20.0,0.0,81.8,99.92,101.85,105.62,-30.6,-26.2,Home
2000,West Coast,Port Adelaide,66.67,0.0,111.85,83.62,108.08,113.54,4.08,-32.42,40.0,20.0,96.6,83.62,108.08,113.54,-15.4,-18.2,Away
2000,Carlton,Geelong,100.0,57.14,124.69,105.31,93.69,102.15,31.0,3.42,100.0,40.0,134.4,105.31,93.69,102.15,54.0,-14.4,Home
2000,Sydney,Essendon,42.86,100.0,98.92,134.77,104.23,83.62,-5.31,51.15,40.0,100.0,90.8,134.77,104.23,83.62,-10.8,50.8,Away
2000,St Kilda,Hawthorn,12.5,33.33,89.77,98.54,118.77,104.0,-31.42,-5.46,20.0,40.0,88.4,98.54,118.77,104.0,-19.2,4.0,Away
2000,Adelaide,Fremantle,50.0,50.0,103.62,88.23,104.62,118.62,-1.0,-30.38,60.0,20.0,106.6,88.23,104.62,118.62,8.6,-52.2,Home
2000,Richmond,Footscray,42.86,40.0,101.85,116.0,99.08,105.08,2.77,10.92,80.0,80.0,96.8,116.0,99.08,105.08,12.6,34.0,Home
2000,Collingwood,St Kilda,28.57,0.0,98.36,89.5,108.29,122.5,-9.93,-35.54,0.0,20.0,73.2,89.5,108.29,122.5,-33.4,-36.0,Home
2000,Carlton,Adelaide,100.0,42.86,123.43,106.57,93.93,102.29,29.5,4.29,100.0,80.0,126.4,106.57,93.93,102.29,43.0,23.8,Home
2000,Geelong,Brisbane Lions,66.67,33.33,104.71,112.43,102.5,111.36,2.38,1.07,40.0,40.0,91.8,112.43,102.5,111.36,-11.4,10.6,Away
2000,Hawthorn,Melbourne,57.14,28.57,103.71,107.64,102.71,100.14,1.0,7.5,40.0,40.0,107.0,107.64,102.71,100.14,16.0,-15.0,Away
2000,Essendon,West Coast,100.0,28.57,131.5,108.93,83.07,108.0,48.43,1.0,100.0,40.0,130.8,108.93,83.07,108.0,50.8,-20.8,Home
2000,Port Adelaide,Richmond,28.57,83.33,85.29,100.79,110.5,95.71,-27.15,5.07,40.0,80.0,77.6,100.79,110.5,95.71,-5.8,17.8,Home
2000,Footscray,North Melbourne,62.5,57.14,111.43,112.86,103.79,113.07,7.64,-0.21,60.0,60.0,118.0,112.86,103.79,113.07,26.8,6.0,Home
2000,Fremantle,Sydney,28.57,33.33,87.07,97.29,120.5,103.14,-33.43,-5.86,20.0,20.0,75.0,97.29,120.5,103.14,-53.8,-18.6,Home
2000,Collingwood,Hawthorn,37.5,42.86,99.47,101.6,106.53,105.27,-7.07,-3.67,20.0,40.0,85.4,101.6,106.53,105.27,-17.2,8.2,Away
2000,Geelong,Fremantle,57.14,42.86,101.67,89.47,104.2,118.87,-2.71,-29.4,40.0,40.0,88.0,89.47,104.2,118.87,-25.2,-30.8,Home
2000,Melbourne,Richmond,71.43,71.43,109.87,99.07,98.27,96.2,11.6,2.87,40.0,60.0,99.6,99.07,98.27,96.2,-4.8,2.6,Home
2000,Sydney,St Kilda,37.5,0.0,97.2,89.0,104.47,122.0,-7.27,-35.36,20.0,20.0,87.2,89.0,104.47,122.0,-12.4,-37.2,Home
2000,Port Adelaide,Essendon,37.5,100.0,86.47,129.93,108.13,82.6,-23.21,47.33,60.0,100.0,82.6,129.93,108.13,82.6,-0.2,47.6,Away
2000,Brisbane Lions,Carlton,60.0,62.5,113.47,123.2,107.87,94.07,5.6,29.13,60.0,100.0,124.4,123.2,107.87,94.07,28.0,42.4,Away
2000,Footscray,Adelaide,66.67,37.5,111.07,105.87,103.67,103.47,7.4,2.4,60.0,80.0,111.8,105.87,103.67,103.47,16.0,28.6,Home
2000,West Coast,North Melbourne,57.14,50.0,106.73,112.13,108.0,112.6,-1.36,-0.47,20.0,40.0,88.4,112.13,108.0,112.6,-33.2,-12.4,Away
2000,St Kilda,Geelong,11.11,50.0,87.5,100.94,120.19,102.94,-34.87,-2.13,0.0,60.0,74.4,100.94,120.19,102.94,-55.2,-12.4,Home
2000,Richmond,Essendon,50.0,100.0,99.12,127.38,97.06,81.06,2.06,46.31,40.0,100.0,97.0,127.38,97.06,81.06,0.0,42.2,Away
2000,North Melbourne,Melbourne,71.43,37.5,112.19,109.88,108.81,98.38,3.38,11.5,60.0,60.0,95.4,109.88,108.81,98.38,5.8,4.2,Home
2000,Fremantle,Port Adelaide,37.5,14.29,89.12,84.69,117.06,106.94,-27.94,-23.73,40.0,60.0,88.2,84.69,117.06,106.94,-13.4,6.0,Home
2000,Brisbane Lions,Footscray,50.0,33.33,113.38,112.56,110.88,101.81,2.5,10.75,40.0,60.0,124.8,112.56,110.88,101.81,18.6,9.6,Home
2000,Hawthorn,Carlton,50.0,66.67,103.06,125.25,102.94,95.19,0.12,30.06,60.0,100.0,113.4,125.25,102.94,95.19,20.2,45.2,Away
2000,Sydney,West Coast,44.44,25.0,96.94,103.31,102.0,108.31,-5.06,-5.33,40.0,0.0,84.4,103.31,102.0,108.31,-6.2,-52.6,Home
2000,Adelaide,Collingwood,57.14,42.86,103.88,97.5,105.44,107.69,-1.56,-10.19,60.0,20.0,106.8,97.5,105.44,107.69,9.4,-21.4,Home
2000,Essendon,Fremantle,100.0,37.5,129.71,88.71,80.18,113.94,49.53,-25.24,100.0,60.0,114.4,88.71,80.18,113.94,45.2,2.0,Home
2000,Geelong,Adelaide,62.5,33.33,100.0,106.41,103.29,105.65,-3.5,0.76,40.0,60.0,91.4,106.41,103.29,105.65,-18.0,7.0,Home
2000,Melbourne,Sydney,75.0,28.57,109.41,100.12,98.65,100.71,10.76,-0.59,60.0,60.0,111.4,100.12,98.65,100.71,9.0,18.0,Home
2000,North Melbourne,Richmond,75.0,62.5,111.65,97.18,108.41,101.18,3.24,-4.0,60.0,20.0,100.8,97.18,108.41,101.18,2.6,-22.6,Home
2000,West Coast,St Kilda,50.0,0.0,101.94,88.76,110.82,118.12,-9.44,-31.19,0.0,20.0,73.6,88.76,110.82,118.12,-56.8,-33.2,Home
2000,Port Adelaide,Footscray,33.33,28.57,83.47,110.71,105.47,103.94,-23.38,6.76,60.0,40.0,84.2,110.71,105.47,103.94,5.8,-6.8,Home
2000,Carlton,Collingwood,100.0,37.5,124.94,98.18,93.29,110.0,31.65,-11.82,100.0,20.0,132.4,98.18,93.29,110.0,46.6,-28.2,Home
2000,Brisbane Lions,Hawthorn,57.14,50.0,114.82,100.71,109.12,103.94,5.71,-3.24,60.0,40.0,132.6,100.71,109.12,103.94,32.4,-3.0,Away
2000,Geelong,North Melbourne,66.67,55.56,100.5,112.89,103.22,105.5,-2.88,7.39,40.0,80.0,88.0,112.89,103.22,105.5,-18.0,28.0,Away
2000,Adelaide,West Coast,62.5,22.22,106.17,102.67,105.83,106.28,0.33,-3.82,40.0,20.0,112.8,102.67,105.83,106.28,3.8,-22.8,Home
2000,Carlton,Footscray,100.0,25.0,128.0,110.44,91.94,106.44,36.06,4.0,100.0,40.0,136.6,110.44,91.94,106.44,49.2,-14.0,Away
2000,Essendon,Hawthorn,100.0,55.56,131.33,102.0,79.72,104.06,51.61,-2.06,100.0,60.0,122.4,102.0,79.72,104.06,52.8,6.8,Home
2000,Brisbane Lions,Port Adelaide,50.0,12.5,114.33,87.11,109.94,105.5,4.39,-19.47,40.0,60.0,119.2,87.11,109.94,105.5,12.0,11.6,Home
2000,Collingwood,Sydney,33.33,25.0,96.56,100.06,113.89,102.06,-17.33,-2.0,20.0,40.0,87.8,100.06,113.89,102.06,-47.6,6.6,Away
2000,St Kilda,Melbourne,20.0,33.33,85.44,110.28,117.94,98.67,-34.41,11.61,20.0,80.0,74.2,110.28,117.94,98.67,-41.6,33.8,Away
2000,Fremantle,Richmond,44.44,55.56,87.78,94.89,116.44,103.0,-28.67,-8.11,40.0,20.0,86.6,94.89,116.44,103.0,-24.2,-36.4,Away
2000,Carlton,Essendon,88.89,100.0,125.05,133.11,91.05,79.84,34.0,53.26,80.0,100.0,129.6,133.11,91.05,79.84,46.6,66.8,Away
2000,Hawthorn,Port Adelaide,44.44,11.11,100.95,85.32,107.26,106.26,-6.32,-22.11,40.0,40.0,93.2,85.32,107.26,106.26,-26.8,-9.0,Home
2000,Collingwood,Footscray,30.0,33.33,95.89,108.58,113.37,104.63,-17.47,3.95,20.0,60.0,89.0,108.58,113.37,104.63,-38.6,-6.4,Away
2000,Sydney,North Melbourne,50.0,60.0,100.26,113.47,101.11,104.42,-0.84,9.05,60.0,80.0,108.6,113.47,101.11,104.42,13.2,35.0,Home
2000,West Coast,Geelong,55.56,44.44,102.0,99.68,106.32,104.32,-4.56,-4.89,20.0,40.0,82.6,99.68,106.32,104.32,-19.0,-23.8,Away
2000,Adelaide,Brisbane Lions,66.67,40.0,106.21,114.63,105.0,106.95,1.21,7.68,40.0,60.0,105.2,114.63,105.0,106.95,-7.4,26.2,Away
2000,Melbourne,Fremantle,77.78,33.33,110.58,87.32,98.63,115.89,11.95,-28.58,80.0,40.0,118.8,87.32,98.63,115.89,24.4,-15.0,Home
2000,Richmond,St Kilda,44.44,0.0,95.47,86.11,101.74,117.84,-6.26,-33.5,20.0,20.0,80.6,86.11,101.74,117.84,-38.0,-28.2,Home
2000,Essendon,Footscray,100.0,40.0,131.9,108.15,80.0,103.95,51.9,4.2,100.0,60.0,137.8,108.15,80.0,103.95,65.6,-5.4,Away
2000,Hawthorn,Adelaide,50.0,30.0,100.95,104.8,105.9,105.5,-4.95,-0.7,60.0,40.0,99.0,104.8,105.9,105.5,-8.8,-10.0,Home
2000,Richmond,Sydney,50.0,33.33,96.65,102.5,100.6,100.6,-3.95,1.9,40.0,80.0,89.4,102.5,100.6,100.6,-24.4,29.4,Away
2000,Brisbane Lions,St Kilda,55.56,0.0,114.65,85.75,105.5,117.9,9.15,-33.84,60.0,20.0,118.2,85.75,105.5,117.9,19.8,-29.6,Home
2000,Port Adelaide,Carlton,40.0,70.0,85.05,122.95,106.0,91.95,-22.05,31.0,20.0,60.0,80.8,122.95,106.0,91.95,-18.8,36.6,Home
2000,North Melbourne,Collingwood,77.78,33.33,112.35,95.65,106.45,112.7,5.9,-17.05,80.0,0.0,113.0,95.65,106.45,112.7,25.0,-47.0,Away
2000,Melbourne,Geelong,80.0,50.0,113.05,100.1,97.55,103.0,15.5,-3.05,80.0,60.0,122.6,100.1,97.55,103.0,27.2,-4.0,Home
2000,Fremantle,West Coast,40.0,20.0,86.8,100.8,118.1,106.4,-31.3,-5.89,20.0,20.0,78.8,100.8,118.1,106.4,-37.0,-18.6,Home
2000,Footscray,Hawthorn,70.0,50.0,107.38,100.81,102.86,104.05,4.52,-3.24,60.0,60.0,90.8,100.81,102.86,104.05,-15.4,-14.0,Away
2000,Essendon,Collingwood,90.0,40.0,129.48,95.76,80.57,111.14,48.9,-15.38,80.0,20.0,136.2,95.76,80.57,111.14,57.2,-32.0,Home
2000,Geelong,Sydney,60.0,40.0,100.48,101.62,104.1,99.76,-3.8,1.86,40.0,80.0,99.0,101.62,104.1,99.76,-8.8,24.0,Home
2000,Brisbane Lions,Fremantle,60.0,30.0,116.48,87.48,103.48,117.24,13.0,-29.76,80.0,40.0,126.4,87.48,103.48,117.24,46.6,-35.6,Home
2000,North Melbourne,St Kilda,70.0,0.0,110.81,84.67,106.05,119.57,4.76,-36.65,60.0,20.0,106.4,84.67,106.05,119.57,9.2,-42.0,Home
2000,Adelaide,Port Adelaide,60.0,10.0,103.0,85.19,105.14,104.9,-2.14,-20.7,40.0,40.0,100.2,85.19,105.14,104.9,-4.0,-11.6,Away
2000,Carlton,Richmond,80.0,60.0,121.05,96.0,91.76,99.81,29.29,-3.81,40.0,40.0,107.6,96.0,91.76,99.81,26.8,-22.6,Home
2000,West Coast,Melbourne,50.0,40.0,100.76,113.67,106.14,98.05,-5.65,15.62,20.0,80.0,92.6,113.67,106.14,98.05,-6.6,28.8,Away
2000,Geelong,Hawthorn,63.64,54.55,101.55,99.91,104.82,102.32,-3.43,-2.41,60.0,80.0,106.8,99.91,104.82,102.32,-3.2,0.4,Away
2000,Essendon,North Melbourne,90.91,54.55,128.0,111.23,80.45,104.73,47.55,6.5,80.0,60.0,122.2,111.23,80.45,104.73,40.8,17.6,Home
2000,Brisbane Lions,Footscray,63.64,45.45,118.27,105.5,101.0,101.86,17.27,3.64,80.0,60.0,130.0,105.5,101.0,101.86,56.6,-7.0,Home
2000,Carlton,Melbourne,81.82,45.45,121.23,116.23,89.95,98.14,31.27,18.09,40.0,100.0,108.6,116.23,89.95,98.14,30.0,43.0,Away
2000,North Melbourne,Hawthorn,72.73,58.33,109.57,99.57,108.78,101.48,0.78,-1.91,40.0,80.0,97.6,99.57,108.78,101.48,-23.0,-1.4,Home
2000,Carlton,Brisbane Lions,75.0,45.45,119.74,117.91,90.22,99.91,29.52,18.0,20.0,100.0,90.0,117.91,90.22,99.91,6.0,67.0,Home
2000,Melbourne,North Melbourne,81.82,50.0,115.35,109.58,97.65,108.42,17.7,1.17,100.0,40.0,133.6,109.58,97.65,108.42,39.6,-28.8,Home
2000,Essendon,Carlton,91.67,63.64,131.04,121.04,80.13,89.33,50.91,31.71,80.0,40.0,130.0,121.04,80.13,89.33,48.4,23.0,Home
2000,Essendon,Melbourne,92.31,50.0,130.79,117.04,80.12,98.0,50.67,19.04,80.0,100.0,122.0,117.04,80.12,98.0,40.8,46.0,Home
2001,North Melbourne,Essendon,75.0,100.0,109.44,130.96,110.32,79.92,-0.88,51.04,40.0,80.0,97.8,130.96,110.32,79.92,-28.0,47.6,Away
2001,Hawthorn,Collingwood,54.55,36.36,99.58,94.95,101.83,110.5,-2.25,-15.55,80.0,20.0,94.4,94.95,101.83,110.5,13.2,-28.2,Home
2001,Footscray,St Kilda,63.64,0.0,104.22,84.32,102.22,119.59,2.0,-36.95,60.0,0.0,81.8,84.32,102.22,119.59,-5.2,-55.4,Away
2001,Fremantle,Carlton,45.45,58.33,85.73,119.4,119.0,90.76,-33.27,28.64,20.0,40.0,75.6,119.4,119.0,90.76,-60.6,19.2,Away
2001,Port Adelaide,Brisbane Lions,45.45,41.67,87.64,115.88,104.32,102.04,-17.48,13.83,60.0,80.0,101.8,115.88,104.32,102.04,1.4,37.2,Home
2001,Sydney,Adelaide,54.55,27.27,102.45,102.5,100.86,106.68,1.59,-4.18,60.0,20.0,110.4,102.5,100.86,106.68,9.0,-21.0,Home
2001,Geelong,West Coast,58.33,18.18,100.74,100.73,104.26,109.05,-3.68,-8.71,40.0,20.0,101.6,100.73,104.26,109.05,-6.4,-6.4,Home
2001,Melbourne,Richmond,83.33,54.55,115.36,94.0,99.48,100.95,15.88,-6.95,80.0,40.0,124.6,94.0,99.48,100.95,17.4,-17.0,Away
2001,Essendon,Port Adelaide,92.86,18.18,131.54,88.13,79.19,103.83,52.35,-16.41,100.0,60.0,140.2,88.13,79.19,103.83,66.8,-6.0,Home
2001,Carlton,Hawthorn,76.92,53.85,119.38,99.0,91.81,101.0,27.58,-2.0,60.0,80.0,112.4,99.0,91.81,101.0,20.4,9.8,Away
2001,Richmond,Footscray,45.45,41.67,95.74,104.33,101.04,102.62,-5.3,1.71,60.0,40.0,98.8,104.33,101.04,102.62,4.8,-6.8,Away
2001,Collingwood,Fremantle,27.27,27.27,94.35,87.13,109.39,119.0,-15.04,-31.87,20.0,20.0,86.4,87.13,109.39,119.0,-6.8,-43.4,Home
2001,Adelaide,Melbourne,54.55,46.15,101.26,114.88,107.52,100.81,-6.26,14.08,20.0,60.0,83.6,114.88,107.52,100.81,-30.0,7.6,Away
2001,St Kilda,Geelong,18.18,45.45,85.52,101.33,119.04,101.96,-35.05,-0.65,20.0,60.0,85.8,101.33,119.04,101.96,-37.2,14.6,Away
2001,Brisbane Lions,North Melbourne,66.67,46.15,114.96,107.58,101.92,111.69,13.04,-4.12,60.0,40.0,116.2,107.58,101.92,111.69,28.6,-41.4,Home
2001,West Coast,Sydney,45.45,36.36,98.48,103.48,109.3,99.7,-11.32,3.78,0.0,80.0,83.4,103.48,109.3,99.7,-36.8,24.6,Away
2001,Carlton,Essendon,71.43,100.0,117.96,132.04,92.37,80.22,25.59,51.81,40.0,100.0,103.6,132.04,92.37,80.22,0.6,70.6,Home
2001,Richmond,Brisbane Lions,41.67,38.46,94.62,115.08,101.46,100.23,-6.83,14.85,40.0,60.0,91.4,115.08,101.46,100.23,-9.0,22.6,Home
2001,Footscray,Collingwood,58.33,33.33,104.6,94.79,101.28,108.5,3.32,-13.71,40.0,40.0,90.4,94.79,101.28,108.5,-0.2,0.6,Away
2001,North Melbourne,Sydney,69.23,41.67,105.74,103.5,111.93,99.25,-6.19,4.25,20.0,80.0,81.6,103.5,111.93,99.25,-62.0,23.6,Away
2001,Adelaide,Port Adelaide,50.0,16.67,100.38,88.92,106.5,105.54,-6.12,-17.35,0.0,60.0,78.2,88.92,106.5,105.54,-34.0,-0.2,Away
2001,Fremantle,Hawthorn,41.67,57.14,87.17,99.31,118.42,100.23,-31.25,-0.92,20.0,80.0,86.6,99.31,118.42,100.23,-41.4,8.8,Away
2001,St Kilda,West Coast,16.67,16.67,85.54,98.08,118.88,109.08,-34.78,-11.48,20.0,0.0,83.4,98.08,118.88,109.08,-39.4,-36.4,Away
2001,Melbourne,Geelong,76.92,50.0,113.7,101.88,100.04,101.32,13.67,0.58,60.0,60.0,102.6,101.88,100.04,101.32,-5.8,14.4,Home
2001,Collingwood,Richmond,33.33,58.33,97.12,95.48,107.4,101.16,-10.28,-5.68,60.0,40.0,103.0,95.48,107.4,101.16,16.8,-12.6,Away
2001,Sydney,Essendon,58.33,92.31,105.4,130.04,98.12,80.68,7.28,49.36,80.0,80.0,117.0,130.04,98.12,80.68,28.8,42.2,Away
2001,Carlton,Adelaide,73.33,25.0,117.07,99.88,91.79,108.36,25.29,-8.48,60.0,0.0,104.8,99.88,91.79,108.36,5.8,-39.6,Away
2001,Footscray,Brisbane Lions,53.85,35.71,103.69,114.3,103.27,100.81,0.42,13.48,20.0,40.0,88.2,114.3,103.27,100.81,-16.8,-3.2,Home
2001,Port Adelaide,St Kilda,50.0,8.33,91.48,86.4,104.84,119.12,-13.92,-34.08,80.0,20.0,117.2,86.4,104.84,119.12,17.0,-35.0,Home
2001,Fremantle,West Coast,38.46,23.08,86.04,99.16,116.96,109.0,-30.92,-10.25,20.0,20.0,83.0,99.16,116.96,109.0,-29.4,-26.8,Away
2001,Geelong,North Melbourne,61.54,42.86,101.96,104.5,102.19,113.32,-0.24,-8.82,60.0,20.0,108.2,104.5,102.19,113.32,14.0,-53.0,Away
2001,Hawthorn,Melbourne,58.33,50.0,98.67,114.07,98.7,100.18,-0.04,13.89,80.0,60.0,93.2,114.07,98.7,100.18,10.4,-3.6,Home
2001,Essendon,Collingwood,93.33,38.46,129.07,96.12,79.79,106.58,49.28,-10.46,80.0,40.0,120.8,96.12,79.79,106.58,42.6,10.2,Home
2001,West Coast,Richmond,41.67,61.54,99.65,95.12,108.19,100.0,-8.88,-4.88,40.0,60.0,95.0,95.12,108.19,100.0,-21.8,-9.4,Away
2001,Carlton,St Kilda,68.75,7.69,114.86,85.0,90.76,118.92,24.1,-35.28,40.0,20.0,85.2,85.0,90.76,118.92,-12.4,-29.8,Home
2001,Footscray,Hawthorn,57.14,60.0,105.04,98.11,102.67,96.75,2.37,1.36,40.0,80.0,103.0,98.11,102.67,96.75,-3.2,16.4,Away
2001,Adelaide,North Melbourne,46.15,46.67,98.42,102.72,106.23,110.55,-7.81,-7.83,20.0,20.0,79.2,102.72,106.23,110.55,-31.6,-51.0,Home
2001,Brisbane Lions,Fremantle,69.23,25.0,113.32,86.12,102.21,116.77,11.11,-30.65,20.0,0.0,92.2,86.12,102.21,116.77,-20.6,-34.4,Home
2001,Geelong,Port Adelaide,57.14,23.08,99.41,92.35,100.37,102.73,-1.0,-10.8,40.0,80.0,90.0,92.35,100.37,102.73,9.2,28.8,Away
2001,Melbourne,Sydney,78.57,46.15,111.66,103.46,99.59,98.27,12.07,5.19,40.0,60.0,85.8,103.46,99.59,98.27,-21.4,19.2,Home
2001,North Melbourne,Richmond,64.29,64.29,101.8,95.63,109.87,98.89,-8.07,-3.26,20.0,80.0,63.6,95.63,109.87,98.89,-44.0,13.0,Away
2001,St Kilda,Sydney,15.38,42.86,85.26,103.48,119.15,99.04,-35.19,4.44,20.0,60.0,89.4,103.48,119.15,99.04,-27.8,17.0,Home
2001,Port Adelaide,Footscray,53.85,46.15,94.41,105.79,102.7,104.54,-8.62,1.25,80.0,40.0,124.2,105.79,102.7,104.54,28.6,-2.2,Home
2001,Fremantle,Melbourne,35.71,46.67,87.44,111.9,118.78,99.73,-31.33,12.17,0.0,60.0,95.0,111.9,118.78,99.73,-22.8,-6.4,Away
2001,Brisbane Lions,Geelong,71.43,46.15,115.31,99.5,102.9,102.07,12.41,-2.67,40.0,40.0,112.6,99.5,102.9,102.07,5.6,1.8,Home
2001,Hawthorn,Adelaide,61.54,30.77,100.07,98.11,97.76,105.07,2.31,-6.96,100.0,40.0,102.4,98.11,97.76,105.07,24.2,-19.2,Home
2001,Essendon,West Coast,93.75,28.57,128.2,98.56,80.3,108.22,47.9,-10.04,80.0,40.0,114.4,98.56,80.3,108.22,32.2,-15.6,Home
2001,Collingwood,Carlton,30.77,61.54,96.07,115.2,106.44,90.8,-10.37,24.4,40.0,60.0,101.0,115.2,106.44,90.8,12.4,3.2,Home
2001,Melbourne,Footscray,80.0,42.86,112.13,105.1,98.9,105.38,13.23,-0.28,80.0,40.0,97.8,105.1,98.9,105.38,8.8,-9.8,Away
2001,Richmond,Essendon,46.15,92.86,96.82,129.16,98.14,79.97,-1.32,49.19,80.0,80.0,101.8,129.16,98.14,79.97,17.0,32.8,Away
2001,St Kilda,Hawthorn,21.43,62.5,86.5,100.2,118.25,97.53,-32.93,2.67,20.0,100.0,91.0,100.2,118.25,97.53,-23.6,26.0,Away
2001,Adelaide,Fremantle,50.0,23.08,97.86,86.96,105.04,118.79,-7.18,-31.82,40.0,0.0,82.2,86.96,105.04,118.79,-11.4,-31.6,Home
2001,Geelong,Carlton,53.33,57.14,98.17,114.55,102.55,91.19,-4.54,23.35,20.0,40.0,83.0,114.55,102.55,91.19,-22.4,1.4,Away
2001,Collingwood,North Melbourne,35.71,43.75,96.32,101.03,106.04,110.48,-9.71,-9.45,60.0,20.0,105.4,101.03,106.04,110.48,14.8,-37.2,Away
2001,Sydney,Brisbane Lions,53.85,33.33,103.14,115.33,99.79,101.5,3.36,13.83,40.0,60.0,101.6,115.33,99.79,101.5,1.4,17.8,Away
2001,West Coast,Port Adelaide,38.46,28.57,97.54,95.64,110.0,102.11,-12.93,-6.7,40.0,80.0,93.2,95.64,110.0,102.11,-20.0,36.0,Away
2001,Richmond,Adelaide,42.86,28.57,96.03,98.03,98.9,104.28,-2.86,-6.24,80.0,60.0,102.8,98.03,98.9,104.28,16.2,-6.8,Away
2001,North Melbourne,St Kilda,60.0,7.14,100.97,86.93,110.06,117.97,-9.09,-32.14,40.0,20.0,75.2,86.93,110.06,117.97,-24.8,-20.0,Home
2001,Carlton,Brisbane Lions,70.59,37.5,114.34,115.23,90.47,100.81,23.88,14.42,60.0,60.0,94.8,115.23,90.47,100.81,14.6,12.2,Home
2001,Hawthorn,West Coast,64.29,26.67,100.52,95.9,97.58,110.38,2.94,-15.0,100.0,40.0,106.8,95.9,97.58,110.38,23.0,-31.2,Home
2001,Port Adelaide,Collingwood,57.14,35.71,96.52,96.34,100.31,105.79,-3.93,-9.45,100.0,40.0,133.0,96.34,100.31,105.79,57.8,11.0,Away
2001,Melbourne,Essendon,75.0,93.33,111.03,128.88,99.16,79.78,11.88,49.09,60.0,80.0,96.6,128.88,99.16,79.78,2.2,34.4,Away
2001,Footscray,Sydney,53.33,40.0,105.17,102.34,104.43,100.21,0.73,2.14,40.0,20.0,108.0,102.34,104.43,100.21,-12.2,-8.0,Home
2001,Fremantle,Geelong,33.33,42.86,86.83,97.17,118.24,102.73,-31.41,-5.76,0.0,0.0,85.2,97.17,118.24,102.73,-32.2,-36.2,Away
2001,North Melbourne,Carlton,62.5,60.0,102.09,115.18,109.42,89.79,-7.33,25.39,60.0,60.0,88.6,115.18,109.42,89.79,1.0,26.0,Away
2001,Collingwood,St Kilda,33.33,6.67,97.1,87.0,105.93,118.63,-8.83,-32.72,40.0,20.0,97.0,87.0,105.93,118.63,-1.6,-26.2,Home
2001,Brisbane Lions,Adelaide,73.33,33.33,113.75,98.77,102.09,103.87,11.66,-5.1,60.0,80.0,110.8,98.77,102.09,103.87,1.8,11.8,Away
2001,Essendon,Hawthorn,94.12,64.71,127.55,101.69,79.76,96.34,47.79,5.34,100.0,100.0,113.6,101.69,79.76,96.34,39.0,34.4,Home
2001,West Coast,Footscray,35.71,46.67,94.63,105.71,111.3,104.32,-17.24,1.39,20.0,60.0,72.0,105.71,111.3,104.32,-50.8,6.4,Away
2001,Sydney,Fremantle,50.0,21.43,102.3,86.37,100.93,117.47,1.37,-31.1,0.0,0.0,86.8,86.37,100.93,117.47,-28.2,-32.0,Home
2001,Geelong,Richmond,50.0,66.67,97.1,95.9,101.77,99.6,-4.83,-3.7,20.0,60.0,71.8,95.9,101.77,99.6,-27.8,6.2,Home
2001,Port Adelaide,Melbourne,53.33,50.0,96.97,110.06,100.93,98.73,-4.1,11.33,80.0,40.0,124.4,110.06,100.93,98.73,43.0,-3.0,Home
2001,Footscray,North Melbourne,56.25,47.06,106.31,101.12,103.47,108.62,2.84,-7.5,60.0,40.0,113.2,101.12,103.47,108.62,5.4,-5.6,Away
2001,Carlton,West Coast,72.22,25.0,114.21,94.06,89.18,111.74,25.03,-18.27,80.0,0.0,110.4,94.06,89.18,111.74,30.4,-65.2,Home
2001,Hawthorn,Port Adelaide,66.67,33.33,100.33,96.68,97.12,99.87,3.21,-3.3,80.0,80.0,112.8,96.68,97.12,99.87,13.6,34.2,Away
2001,St Kilda,Melbourne,20.0,47.06,86.77,108.82,117.97,98.41,-32.23,10.41,20.0,40.0,96.0,108.82,117.97,98.41,-17.0,0.8,Away
2001,Brisbane Lions,Essendon,68.75,93.75,114.0,127.38,102.85,79.09,11.15,48.29,60.0,100.0,117.8,127.38,102.85,79.09,11.4,42.6,Home
2001,Adelaide,Geelong,53.33,46.67,99.68,97.75,104.45,100.97,-4.77,-3.32,80.0,40.0,106.2,97.75,104.45,100.97,11.0,-15.4,Home
2001,Collingwood,Sydney,37.5,37.5,97.13,101.71,105.1,99.77,-7.97,1.94,60.0,20.0,102.4,101.71,105.1,99.77,5.0,-15.0,Away
2001,Fremantle,Richmond,31.25,62.5,85.68,95.26,116.39,100.19,-30.71,-4.94,0.0,40.0,83.4,95.26,116.39,100.19,-31.0,-5.2,Away
2001,St Kilda,Essendon,18.75,88.24,87.59,125.86,118.78,79.74,-32.19,46.11,20.0,80.0,100.2,125.86,118.78,79.74,-16.6,35.4,Away
2001,Geelong,Hawthorn,52.94,61.11,96.45,99.53,99.91,97.68,-3.56,1.85,40.0,60.0,79.4,99.53,99.91,97.68,-8.4,-0.8,Home
2001,Adelaide,Footscray,56.25,50.0,98.62,105.48,102.91,104.12,-4.28,1.36,80.0,60.0,101.4,105.48,102.91,104.12,10.2,2.0,Away
2001,West Coast,Brisbane Lions,33.33,35.29,92.06,113.65,112.91,102.0,-21.52,11.65,0.0,60.0,57.0,113.65,112.91,102.0,-81.2,7.2,Away
2001,Richmond,Carlton,40.0,62.5,94.91,115.2,98.5,87.49,-3.59,27.71,40.0,80.0,91.0,115.2,98.5,87.49,-5.4,47.6,Home
2001,North Melbourne,Fremantle,58.82,20.0,101.8,84.44,107.77,115.38,-5.97,-30.94,60.0,0.0,101.8,84.44,107.77,115.38,6.6,-28.8,Home
2001,Sydney,Port Adelaide,53.33,37.5,100.81,97.28,98.38,99.03,2.44,-1.81,40.0,80.0,86.4,97.28,98.38,99.03,-8.4,33.6,Home
2001,Melbourne,Collingwood,70.59,40.0,109.83,95.81,98.83,104.09,11.0,-8.28,40.0,60.0,97.4,95.81,98.83,104.09,4.0,3.0,Away
2001,Essendon,Adelaide,94.44,37.5,125.92,98.58,79.92,103.64,46.0,-5.06,80.0,80.0,105.8,98.58,79.92,103.64,26.2,6.8,Home
2001,Geelong,Footscray,55.56,52.94,96.35,106.12,99.62,103.91,-3.36,2.21,60.0,80.0,85.8,106.12,99.62,103.91,3.2,16.6,Away
2001,Fremantle,St Kilda,29.41,6.25,83.94,87.55,116.55,119.06,-32.61,-32.5,0.0,0.0,67.0,87.55,116.55,119.06,-37.0,-30.2,Away
2001,Melbourne,Brisbane Lions,66.67,38.89,108.36,112.8,99.81,100.86,8.56,11.94,20.0,60.0,85.0,112.8,99.81,100.86,-20.4,0.6,Away
2001,Collingwood,West Coast,35.29,23.53,96.97,91.15,102.67,112.03,-5.7,-21.53,60.0,0.0,100.6,91.15,102.67,112.03,16.8,-68.0,Home
2001,Hawthorn,North Melbourne,62.5,50.0,99.26,103.25,97.54,106.67,1.71,-3.42,40.0,80.0,93.6,103.25,97.54,106.67,-4.0,34.0,Home
2001,Richmond,Sydney,43.75,41.18,94.7,101.55,97.36,97.76,-2.67,3.79,40.0,60.0,82.8,101.55,97.36,97.76,-10.2,6.2,Home
2001,Port Adelaide,Carlton,56.25,58.82,96.7,113.69,99.82,87.5,-3.22,26.19,60.0,80.0,102.6,113.69,99.82,87.5,15.6,43.8,Away
2001,Brisbane Lions,Hawthorn,70.59,57.89,113.78,99.31,100.81,97.56,12.97,1.75,60.0,40.0,104.8,99.31,100.81,97.56,4.0,-5.6,Home
2001,North Melbourne,Port Adelaide,61.11,35.29,103.11,95.91,106.51,99.94,-3.41,-4.15,60.0,40.0,116.8,95.91,106.51,99.94,33.0,-5.4,Home
2001,Carlton,Footscray,73.68,55.56,113.43,105.77,87.03,103.43,26.41,2.34,80.0,80.0,107.6,105.77,87.03,103.43,42.6,12.0,Home
2001,Essendon,Fremantle,94.74,18.75,125.81,83.82,79.73,115.76,46.08,-31.94,80.0,0.0,106.2,83.82,79.73,115.76,26.8,-35.0,Home
2001,Adelaide,Collingwood,52.94,43.75,97.82,99.21,104.18,102.35,-6.35,-3.15,60.0,80.0,96.6,99.21,104.18,102.35,-7.0,33.4,Away
2001,Sydney,Geelong,56.25,43.75,100.32,96.09,97.41,99.46,2.91,-3.47,60.0,60.0,88.6,96.09,97.41,99.46,7.4,9.8,Away
2001,St Kilda,Richmond,17.65,64.71,87.62,94.44,117.91,96.26,-31.21,-1.82,20.0,60.0,91.6,94.44,117.91,96.26,-26.0,4.2,Away
2001,West Coast,Melbourne,31.25,50.0,91.18,108.11,113.82,101.11,-23.33,7.0,0.0,20.0,63.8,108.11,113.82,101.11,-70.0,-24.2,Home
2001,Footscray,Essendon,52.94,88.89,105.39,125.61,104.81,79.53,0.58,46.08,60.0,80.0,103.4,125.61,104.81,79.53,-4.4,34.8,Away
2001,Richmond,Hawthorn,47.06,55.0,95.34,98.05,96.0,98.7,-0.66,-0.65,80.0,20.0,92.0,98.05,96.0,98.7,17.6,-39.0,Away
2001,Adelaide,West Coast,50.0,22.22,97.8,91.29,104.03,113.09,-6.23,-22.44,40.0,20.0,92.0,91.29,104.03,113.09,-13.0,-52.6,Home
2001,Brisbane Lions,St Kilda,72.22,11.76,114.49,87.6,99.51,118.14,14.97,-31.44,80.0,20.0,119.2,87.6,99.51,118.14,36.2,-24.0,Home
2001,Sydney,Carlton,52.94,61.11,99.31,114.47,97.03,87.16,2.29,27.32,60.0,80.0,81.4,114.47,97.03,87.16,7.8,40.0,Home
2001,Geelong,Collingwood,52.63,47.06,95.75,99.2,98.5,102.2,-2.83,-3.0,60.0,80.0,87.4,99.2,98.5,102.2,9.2,32.0,Home
2001,Melbourne,North Melbourne,63.16,47.37,107.58,102.89,100.95,105.63,6.63,-2.74,20.0,60.0,91.2,102.89,100.95,105.63,-24.4,27.6,Away
2001,Fremantle,Port Adelaide,27.78,33.33,83.49,95.26,115.83,99.8,-32.34,-4.68,0.0,40.0,66.2,95.26,115.83,99.8,-39.8,-8.0,Away
2001,St Kilda,Adelaide,16.67,35.29,86.89,96.86,118.17,102.56,-32.17,-5.69,20.0,40.0,87.6,96.86,118.17,102.56,-31.8,-11.4,Away
2001,Carlton,Melbourne,75.0,47.37,113.62,107.21,87.26,101.46,26.36,5.74,60.0,20.0,109.6,107.21,87.26,101.46,35.4,-26.0,Away
2001,Footscray,Fremantle,50.0,17.65,104.59,83.14,106.14,117.14,-1.54,-34.0,40.0,0.0,93.6,83.14,106.14,117.14,-29.6,-54.4,Home
2001,Hawthorn,Sydney,64.71,38.89,98.87,99.08,97.97,96.58,0.89,2.5,40.0,60.0,89.2,99.08,97.97,96.58,-14.4,6.0,Away
2001,Port Adelaide,Richmond,52.94,66.67,97.14,94.67,99.0,96.92,-1.91,-2.25,40.0,80.0,100.0,94.67,99.0,96.92,6.4,14.4,Home
2001,Collingwood,Brisbane Lions,38.89,42.11,99.03,114.61,102.44,98.53,-3.42,16.08,60.0,100.0,110.8,114.61,102.44,98.53,24.8,48.6,Away
2001,Essendon,Geelong,95.0,47.06,126.33,96.16,79.44,98.35,46.9,-2.25,80.0,60.0,119.2,96.16,79.44,98.35,37.4,4.4,Home
2001,West Coast,North Melbourne,35.29,50.0,90.17,103.36,111.72,105.31,-22.17,-1.95,20.0,80.0,66.0,103.36,111.72,105.31,-45.6,35.8,Away
2001,Richmond,Melbourne,44.44,50.0,93.51,107.45,96.89,101.7,-3.38,5.75,60.0,20.0,84.6,107.45,96.89,101.7,-2.0,-31.0,Home
2001,Carlton,Fremantle,71.43,16.67,113.55,83.19,88.0,117.19,25.55,-34.0,40.0,0.0,102.0,83.19,88.0,117.19,10.4,-53.6,Home
2001,Collingwood,Hawthorn,36.84,57.14,99.14,98.31,103.16,97.97,-4.03,0.33,60.0,40.0,120.4,98.31,103.16,97.97,23.2,-10.0,Away
2001,St Kilda,Footscray,15.79,52.63,86.14,104.97,119.19,105.58,-33.97,-0.61,20.0,60.0,76.8,104.97,119.19,105.58,-45.0,-13.6,Away
2001,Brisbane Lions,Port Adelaide,73.68,36.84,114.97,97.11,98.64,97.73,16.33,-0.64,100.0,40.0,124.0,97.11,98.64,97.73,48.2,6.6,Home
2001,Adelaide,Sydney,52.63,42.11,98.46,99.05,101.38,96.05,-2.92,3.0,40.0,60.0,97.4,99.05,101.38,96.05,5.8,6.6,Away
2001,Essendon,North Melbourne,95.24,52.38,126.35,104.62,80.25,105.42,46.1,-0.8,100.0,80.0,129.8,104.62,80.25,105.42,46.0,35.4,Home
2001,West Coast,Geelong,33.33,44.44,90.7,96.58,112.86,99.11,-22.78,-2.59,20.0,60.0,82.0,96.58,112.86,99.11,-30.6,3.6,Away
2001,Footscray,Richmond,52.63,63.16,105.15,94.39,104.87,96.61,0.28,-2.21,60.0,60.0,98.6,94.39,104.87,96.61,-12.8,0.8,Away
2001,Melbourne,Adelaide,60.0,38.89,106.93,97.34,102.32,101.47,4.61,-4.13,20.0,40.0,96.6,97.34,102.32,101.47,-23.8,2.0,Away
2001,Geelong,St Kilda,55.0,11.11,97.95,85.92,98.62,119.0,-0.68,-33.97,60.0,20.0,108.8,85.92,98.62,119.0,17.0,-43.4,Home
2001,North Melbourne,Brisbane Lions,63.16,45.0,105.95,114.45,107.02,97.68,-1.07,16.77,60.0,100.0,125.4,114.45,107.02,97.68,15.8,50.6,Away
2001,Fremantle,Collingwood,26.32,44.44,82.47,98.87,117.55,104.24,-35.08,-5.37,0.0,40.0,72.8,98.87,117.55,104.24,-51.4,-3.2,Away
2001,Hawthorn,Carlton,61.11,57.89,99.45,113.98,97.75,87.22,1.7,26.76,60.0,60.0,100.8,113.98,97.75,87.22,1.6,30.8,Home
2001,Port Adelaide,Essendon,55.56,89.47,96.13,127.44,97.63,82.17,-1.54,45.27,40.0,100.0,92.4,127.44,97.63,82.17,9.2,40.0,Home
2001,Sydney,West Coast,55.56,21.05,99.21,90.42,95.0,113.84,4.21,-24.05,60.0,20.0,83.8,90.42,95.0,113.84,7.0,-40.2,Home
2001,Richmond,Collingwood,47.37,47.37,94.59,99.38,96.69,103.87,-2.1,-4.49,60.0,40.0,95.6,99.38,96.69,103.87,-4.0,-13.6,Home
2001,Hawthorn,Fremantle,63.16,15.79,99.37,82.67,97.63,117.59,1.73,-34.92,60.0,0.0,99.8,82.67,97.63,117.59,1.6,-55.2,Away
2001,Geelong,Melbourne,57.14,47.62,97.45,106.38,97.8,102.26,-0.36,4.12,80.0,20.0,107.0,106.38,97.8,102.26,20.8,-17.2,Away
2001,Sydney,North Melbourne,57.89,50.0,98.79,106.17,93.79,107.71,5.0,-1.55,80.0,60.0,88.4,106.17,93.79,107.71,19.2,12.2,Home
2001,Port Adelaide,Adelaide,57.89,42.11,96.33,97.41,97.62,101.03,-1.32,-3.62,60.0,60.0,99.2,97.41,97.62,101.03,17.4,15.0,Home
2001,Essendon,Carlton,95.45,55.0,126.71,113.48,82.69,87.43,44.02,26.05,80.0,40.0,133.4,113.48,82.69,87.43,28.8,23.4,Away
2001,Brisbane Lions,Footscray,75.0,55.0,114.98,105.02,98.1,104.8,16.88,0.22,100.0,40.0,123.6,105.02,98.1,104.8,45.0,-14.6,Home
2001,West Coast,St Kilda,31.58,10.53,89.33,85.41,113.05,117.95,-24.34,-33.39,20.0,0.0,76.8,85.41,113.05,117.95,-31.0,-47.8,Home
2001,North Melbourne,Geelong,60.0,47.37,104.53,97.51,108.53,97.93,-4.0,-0.42,40.0,60.0,117.0,97.51,108.53,97.93,-13.6,16.4,Home
2001,St Kilda,Port Adelaide,15.0,35.0,85.25,96.6,119.28,97.65,-34.9,-1.08,0.0,80.0,68.8,96.6,119.28,97.65,-58.4,23.4,Away
2001,Melbourne,Hawthorn,57.14,59.09,106.3,99.14,102.21,97.83,4.09,1.31,40.0,60.0,96.6,99.14,102.21,97.83,-15.2,15.8,Away
2001,Adelaide,Carlton,50.0,57.14,97.45,113.21,101.18,87.6,-3.72,25.6,60.0,40.0,95.0,113.21,101.18,87.6,13.8,12.6,Home
2001,Collingwood,Footscray,35.0,52.38,98.18,104.98,103.05,105.56,-4.88,-0.59,20.0,40.0,91.0,104.98,103.05,105.56,-18.0,-9.0,Home
2001,Essendon,Sydney,91.3,45.0,125.98,99.9,83.14,92.35,42.84,7.55,60.0,100.0,128.8,99.9,83.14,92.35,18.2,44.4,Home
2001,Brisbane Lions,Richmond,76.19,65.0,115.48,94.0,98.21,95.55,17.26,-1.55,100.0,60.0,122.8,94.0,98.21,95.55,34.2,-7.8,Home
2001,West Coast,Fremantle,35.0,20.0,91.38,83.25,112.2,116.9,-21.36,-33.65,20.0,20.0,92.0,83.25,112.2,116.9,-14.0,-42.8,Home
2001,North Melbourne,Adelaide,61.9,40.0,105.14,97.66,107.93,100.0,-2.8,-2.34,40.0,60.0,119.0,97.66,107.93,100.0,-9.4,21.8,Away
2001,Richmond,West Coast,50.0,20.0,94.07,91.54,96.34,111.02,-2.27,-19.98,60.0,40.0,89.8,91.54,96.34,111.02,-2.4,-4.6,Home
2001,Collingwood,Essendon,38.1,85.0,98.68,124.91,102.41,83.0,-3.73,41.91,40.0,60.0,96.2,124.91,102.41,83.0,-6.0,3.0,Away
2001,Port Adelaide,Geelong,60.0,45.0,97.29,97.14,98.05,98.71,-0.78,-1.61,80.0,40.0,98.4,97.14,98.05,98.71,7.2,3.0,Home
2001,St Kilda,Carlton,14.29,54.55,85.95,111.84,119.41,88.02,-34.3,23.82,0.0,40.0,79.2,111.84,119.41,88.02,-49.2,4.0,Away
2001,Hawthorn,Footscray,60.0,50.0,100.47,104.31,97.21,105.88,3.26,-1.57,60.0,40.0,112.6,104.31,97.21,105.88,21.2,-1.8,Away
2001,Fremantle,Brisbane Lions,25.0,47.62,82.78,115.77,116.44,98.19,-33.66,17.58,20.0,100.0,80.2,115.77,116.44,98.19,-31.2,29.0,Away
2001,Sydney,Melbourne,60.0,50.0,99.34,105.5,92.02,103.43,7.32,2.07,80.0,40.0,101.2,105.5,92.02,103.43,42.0,-26.6,Away
2001,Richmond,North Melbourne,52.38,47.83,95.12,105.02,95.79,109.13,-0.67,-4.11,80.0,20.0,107.0,105.02,95.79,109.13,19.4,-30.6,Home
2001,Carlton,Collingwood,72.73,45.0,112.64,98.4,88.38,102.52,24.27,-4.12,60.0,40.0,105.4,98.4,88.38,102.52,14.0,-4.8,Home
2001,Footscray,Port Adelaide,50.0,38.1,104.79,97.33,105.26,97.36,-0.47,-0.02,40.0,80.0,103.4,97.33,105.26,97.36,0.6,4.4,Away
2001,West Coast,Essendon,38.1,85.71,91.1,124.51,111.67,83.09,-21.07,41.42,40.0,60.0,94.0,124.51,111.67,83.09,-8.8,4.0,Away
2001,Adelaide,Hawthorn,52.38,60.87,99.19,99.98,100.0,97.84,-0.81,2.14,60.0,60.0,104.6,99.98,100.0,97.84,14.8,16.2,Home
2001,Melbourne,Fremantle,54.55,19.05,106.07,82.88,103.31,116.95,2.76,-34.07,40.0,20.0,95.0,82.88,103.31,116.95,-21.2,-34.6,Home
2001,Geelong,Brisbane Lions,54.55,50.0,96.49,116.27,98.72,97.93,-2.29,18.34,40.0,100.0,95.8,116.27,98.72,97.93,0.0,34.0,Away
2001,Sydney,St Kilda,57.14,10.0,99.31,86.38,92.95,120.1,6.36,-34.54,60.0,0.0,101.2,86.38,92.95,120.1,31.2,-38.6,Home
2001,Essendon,Richmond,91.67,61.9,124.76,95.05,82.3,95.6,42.46,-0.56,60.0,80.0,102.8,95.05,82.3,95.6,19.4,12.0,Away
2001,Carlton,Geelong,73.91,42.86,113.02,95.82,87.8,98.98,25.22,-3.23,60.0,20.0,105.2,95.82,87.8,98.98,12.6,-22.6,Home
2001,Hawthorn,St Kilda,57.14,9.52,98.93,85.65,97.69,120.6,1.24,-35.79,40.0,0.0,94.8,85.65,97.69,120.6,-2.4,-49.2,Away
2001,Brisbane Lions,Sydney,77.27,42.86,116.13,100.3,97.24,92.07,18.89,8.23,100.0,60.0,129.6,100.3,97.24,92.07,35.8,38.8,Home
2001,Fremantle,Adelaide,23.81,42.86,82.79,99.0,116.88,98.91,-34.09,0.09,20.0,80.0,85.2,99.0,116.88,98.91,-26.6,32.2,Home
2001,North Melbourne,Collingwood,59.09,42.86,104.65,97.56,108.76,103.16,-4.11,-5.6,20.0,40.0,94.0,97.56,108.76,103.16,-29.0,-7.4,Away
2001,Footscray,Melbourne,47.62,52.17,104.07,106.24,106.27,102.78,-2.2,3.46,20.0,60.0,95.6,106.24,106.27,102.78,-21.6,-6.0,Away
2001,Port Adelaide,West Coast,61.9,19.05,98.56,90.07,96.79,112.23,1.81,-22.69,100.0,40.0,117.0,90.07,96.79,112.23,26.6,-12.6,Home
2001,Essendon,Richmond,88.0,63.64,123.87,95.32,82.83,95.32,41.04,0.0,60.0,80.0,100.0,95.32,82.83,95.32,16.0,16.4,Home
2001,Carlton,Adelaide,75.0,40.91,112.68,98.64,86.51,99.39,26.17,-0.75,80.0,60.0,106.0,98.64,86.51,99.39,27.2,21.6,Home
2001,Brisbane Lions,Port Adelaide,78.26,40.91,115.63,100.02,96.48,95.75,19.15,4.37,100.0,100.0,121.0,100.02,96.48,95.75,37.8,47.6,Home
2001,Hawthorn,Sydney,54.55,40.91,98.67,99.43,97.5,92.09,1.17,7.34,20.0,40.0,93.0,99.43,97.5,92.09,-3.4,25.6,Home
2001,Richmond,Carlton,54.55,56.52,94.16,112.79,95.71,85.75,-1.56,27.04,60.0,80.0,95.4,112.79,95.71,85.75,-1.6,39.4,Home
2001,Port Adelaide,Hawthorn,63.64,58.33,99.04,99.32,95.58,97.0,3.55,2.32,80.0,40.0,118.6,99.32,95.58,97.0,39.6,10.8,Away
2001,Essendon,Hawthorn,88.46,60.0,123.65,98.75,82.0,96.42,41.65,2.33,80.0,40.0,103.6,98.75,82.0,96.42,31.4,-5.6,Home
2001,Brisbane Lions,Richmond,79.17,60.87,115.04,93.57,95.62,94.85,19.43,-1.28,100.0,80.0,111.4,93.57,95.62,94.85,37.6,6.8,Home
2001,Essendon,Brisbane Lions,88.89,52.17,122.67,115.48,81.69,95.04,40.98,20.44,80.0,100.0,103.0,115.48,81.69,95.04,32.8,45.0,Away
2002,Richmond,Collingwood,56.52,45.45,93.02,98.2,95.72,102.7,-2.7,-4.5,60.0,40.0,75.4,98.2,95.72,102.7,-19.8,-4.6,Home
2002,St Kilda,Carlton,13.64,54.17,85.73,111.63,119.84,85.37,-34.91,26.27,20.0,80.0,88.2,111.63,119.84,85.37,-46.4,47.8,Home
2002,Geelong,Essendon,52.17,86.36,94.29,121.86,98.93,82.22,-4.75,39.64,0.0,60.0,69.0,121.86,98.93,82.22,-39.0,23.6,Away
2002,Port Adelaide,North Melbourne,60.87,45.83,98.39,104.19,95.07,109.13,3.4,-4.94,60.0,20.0,107.4,104.19,95.07,109.13,36.8,-33.4,Away
2002,Sydney,Brisbane Lions,59.09,54.17,98.87,115.33,92.91,94.78,5.96,20.55,20.0,100.0,90.6,115.33,92.91,94.78,-6.8,40.0,Away
2002,Footscray,Adelaide,45.45,39.13,104.49,97.56,106.87,99.8,-2.38,-2.24,20.0,60.0,100.2,97.56,106.87,99.8,-23.2,9.6,Away
2002,West Coast,Fremantle,36.36,18.18,89.18,83.64,113.39,116.11,-24.77,-32.48,40.0,40.0,88.0,83.64,113.39,116.11,-28.0,-13.4,Home
2002,Hawthorn,Melbourne,56.52,54.17,98.1,106.81,96.0,103.21,2.1,3.6,40.0,80.0,81.6,106.81,96.0,103.21,1.8,-0.8,Away
2002,Essendon,Richmond,85.71,58.33,121.94,94.31,82.1,96.19,39.84,-1.88,60.0,60.0,96.0,94.31,82.1,96.19,15.8,-13.2,Home
2002,Carlton,Sydney,76.0,39.13,110.7,98.61,85.44,93.28,25.26,5.33,60.0,20.0,93.2,98.61,85.44,93.28,34.2,-11.0,Away
2002,Collingwood,West Coast,36.36,18.18,98.64,90.24,103.87,113.49,-5.22,-23.77,40.0,40.0,102.4,90.24,103.87,113.49,-8.0,-42.6,Home
2002,North Melbourne,Footscray,56.52,52.17,103.75,104.24,108.38,106.98,-4.62,-2.74,40.0,20.0,97.0,104.24,108.38,106.98,-10.0,-20.4,Home
2002,Adelaide,Geelong,54.55,40.91,97.87,93.89,99.65,99.52,-1.78,-5.76,60.0,0.0,99.6,93.89,99.65,99.52,2.8,-48.4,Home
2002,Brisbane Lions,Hawthorn,80.0,57.69,115.22,98.2,94.62,96.66,20.6,1.54,100.0,40.0,107.0,98.2,94.62,96.66,36.0,4.2,Home
2002,Melbourne,Port Adelaide,56.52,39.13,107.27,97.85,103.21,94.81,4.06,3.11,80.0,40.0,115.6,97.85,103.21,94.81,3.8,28.8,Home
2002,Fremantle,St Kilda,27.27,13.64,84.4,85.8,116.58,118.62,-32.18,-33.57,20.0,40.0,93.6,85.8,116.58,118.62,-20.4,-23.2,Home
2002,Carlton,Collingwood,73.08,43.48,109.18,99.11,85.94,104.2,23.24,-5.09,40.0,40.0,73.8,99.11,85.94,104.2,5.0,-16.2,Home
2002,Richmond,Melbourne,58.33,56.0,93.61,107.31,96.51,102.78,-2.9,4.53,40.0,100.0,78.6,107.31,96.51,102.78,-28.4,26.2,Home
2002,Adelaide,Sydney,56.52,41.67,98.13,98.87,99.21,92.0,-1.09,6.87,60.0,40.0,89.2,98.87,99.21,92.0,-3.4,11.2,Home
2002,Brisbane Lions,Essendon,80.77,86.96,115.86,121.75,93.67,81.67,22.2,40.08,100.0,80.0,118.0,121.75,93.67,81.67,50.2,31.0,Home
2002,North Melbourne,Geelong,58.33,39.13,103.88,93.57,108.14,99.74,-4.27,-6.3,40.0,0.0,92.8,93.57,108.14,99.74,-17.2,-44.8,Away
2002,Hawthorn,Fremantle,54.17,17.39,97.18,84.22,97.67,115.63,-0.49,-31.41,40.0,40.0,83.4,84.22,97.67,115.63,-15.8,-13.0,Home
2002,St Kilda,Port Adelaide,17.39,37.5,85.52,97.52,117.7,95.1,-32.89,2.47,40.0,20.0,82.0,97.52,117.7,95.1,-21.6,8.0,Away
2002,West Coast,Footscray,39.13,50.0,90.87,104.09,113.63,107.04,-23.27,-2.96,20.0,20.0,85.4,104.09,113.63,107.04,-49.6,-14.6,Home
2002,Essendon,Adelaide,86.21,41.67,120.72,98.46,82.34,98.9,38.38,-0.44,60.0,60.0,92.6,98.46,82.34,98.9,7.0,-5.0,Home
2002,Collingwood,Hawthorn,39.13,55.56,98.17,97.02,103.57,97.31,-5.4,-0.29,40.0,40.0,96.2,97.02,103.57,97.31,-16.2,-24.8,Home
2002,Melbourne,West Coast,58.33,17.39,106.68,91.34,102.64,112.94,4.04,-22.07,80.0,40.0,112.2,91.34,102.64,112.94,15.6,-30.2,Home
2002,Sydney,North Melbourne,56.52,48.0,98.56,103.14,92.46,107.48,6.1,-4.34,20.0,40.0,83.6,103.14,92.46,107.48,-12.2,-6.4,Home
2002,Footscray,Brisbane Lions,43.48,56.0,103.6,115.88,107.17,93.15,-3.56,22.73,0.0,100.0,93.4,115.88,107.17,93.15,-30.2,53.8,Away
2002,Port Adelaide,Carlton,58.33,52.0,98.37,108.52,94.31,85.35,4.15,23.17,20.0,40.0,83.8,108.52,94.31,85.35,2.2,-5.0,Home
2002,Geelong,St Kilda,50.0,13.04,93.19,84.89,99.06,118.15,-6.0,-33.98,20.0,40.0,64.8,84.89,99.06,118.15,-37.2,-29.4,Home
2002,Fremantle,Richmond,30.43,56.0,84.11,93.66,115.06,96.1,-30.96,-2.44,40.0,60.0,94.4,93.66,115.06,96.1,-4.8,-10.4,Home
2002,Collingwood,Essendon,41.67,83.33,98.29,120.74,102.73,82.31,-4.44,38.43,60.0,60.0,104.6,120.74,102.73,82.31,5.6,13.4,Home
2002,Footscray,Melbourne,41.67,53.85,103.08,107.27,106.9,102.65,-3.82,4.63,0.0,80.0,94.4,107.27,106.9,102.65,-18.0,15.4,Away
2002,Hawthorn,Richmond,56.0,53.85,96.38,93.24,97.43,96.92,-1.06,-3.69,20.0,40.0,73.6,93.24,97.43,96.92,-33.6,-25.8,Home
2002,West Coast,Brisbane Lions,41.67,57.69,91.58,115.47,113.44,92.87,-22.32,22.6,40.0,100.0,104.6,115.47,113.44,92.87,-19.2,43.4,Home
2002,St Kilda,Sydney,16.67,40.0,84.04,98.65,119.15,92.61,-35.85,6.04,40.0,40.0,70.2,98.65,119.15,92.61,-36.4,-5.4,Draw
2002,Adelaide,Port Adelaide,58.33,40.0,98.1,99.36,99.37,94.32,-1.27,5.14,60.0,40.0,93.4,99.36,99.37,94.32,-5.8,19.2,Away
2002,Geelong,Fremantle,52.0,16.67,94.67,85.23,97.94,114.17,-3.33,-28.94,40.0,60.0,84.6,85.23,97.94,114.17,-4.2,15.4,Home
2002,Carlton,North Melbourne,74.07,46.15,108.26,103.08,86.53,107.39,21.74,-4.31,20.0,40.0,64.8,103.08,86.53,107.39,-29.2,-6.2,Away
2002,St Kilda,Collingwood,16.0,41.67,83.47,97.63,117.86,101.31,-35.85,-3.67,20.0,60.0,63.6,97.63,117.86,101.31,-36.8,3.6,Away
2002,North Melbourne,Hawthorn,56.0,53.57,103.62,96.91,107.48,97.17,-3.87,-0.26,60.0,40.0,98.2,96.91,107.48,97.17,6.2,-23.4,Away
2002,Fremantle,Essendon,33.33,80.0,84.49,119.15,114.1,82.02,-29.61,37.13,40.0,60.0,92.0,119.15,114.1,82.02,-4.4,12.0,Home
2002,Carlton,Footscray,71.43,48.0,108.33,102.64,87.35,106.84,20.98,-4.2,20.0,0.0,76.0,102.64,87.35,106.84,-30.8,-20.6,Away
2002,Brisbane Lions,Geelong,81.48,41.67,114.72,95.0,93.39,96.96,21.33,-2.0,80.0,60.0,108.8,95.0,93.39,96.96,29.0,22.2,Home
2002,Sydney,Melbourne,58.33,55.56,97.8,107.21,91.88,102.23,6.04,4.98,40.0,80.0,88.2,107.21,91.88,102.23,5.6,18.0,Home
2002,Richmond,Adelaide,60.0,40.0,93.04,97.78,97.46,99.18,-4.42,-1.4,40.0,60.0,93.2,97.78,97.46,99.18,-20.6,6.2,Away
2002,Port Adelaide,West Coast,60.0,16.67,99.18,92.18,94.08,112.65,5.2,-20.9,60.0,60.0,106.4,92.18,94.08,112.65,21.4,12.4,Home
2002,Essendon,Carlton,86.67,50.0,118.12,107.6,82.14,87.51,35.98,20.09,40.0,20.0,79.2,107.6,82.14,87.51,-3.4,-31.6,Home
2002,Hawthorn,Geelong,57.69,40.0,97.96,94.88,96.98,97.92,0.98,-3.1,60.0,60.0,95.6,94.88,96.98,97.92,-4.6,20.8,Home
2002,West Coast,North Melbourne,44.0,48.15,91.92,103.3,113.06,108.38,-21.57,-5.08,40.0,40.0,107.0,103.3,113.06,108.38,-2.2,-9.4,Home
2002,Richmond,Sydney,57.69,38.46,92.66,97.82,97.6,91.47,-4.94,6.48,20.0,60.0,76.8,97.82,97.6,91.47,-34.4,15.8,Home
2002,Adelaide,Fremantle,56.0,16.0,97.92,84.58,98.67,113.06,-0.75,-28.48,60.0,60.0,98.4,84.58,98.67,113.06,8.8,4.8,Home
2002,Brisbane Lions,Port Adelaide,82.14,42.31,115.29,99.83,93.31,93.79,21.98,6.16,80.0,80.0,116.0,99.83,93.31,93.79,35.8,34.2,Home
2002,Footscray,Collingwood,40.0,44.0,102.51,97.9,106.08,99.84,-3.57,-1.94,20.0,80.0,86.6,97.9,106.08,99.84,-11.2,27.6,Away
2002,Melbourne,St Kilda,60.0,12.5,106.53,82.36,102.17,117.72,4.36,-36.83,60.0,0.0,99.4,82.36,102.17,117.72,7.2,-58.2,Home
2002,Hawthorn,Carlton,59.26,48.15,98.54,106.79,96.64,87.5,1.89,19.29,80.0,20.0,112.4,106.79,96.64,87.5,26.2,-21.0,Home
2002,Richmond,West Coast,59.26,16.0,92.57,92.84,97.31,112.61,-4.74,-20.16,40.0,60.0,82.4,92.84,97.31,112.61,-22.8,7.8,Home
2002,Port Adelaide,Geelong,61.54,38.46,99.3,94.56,94.45,98.54,4.94,-4.06,80.0,60.0,116.4,94.56,94.45,98.54,28.2,16.6,Home
2002,Collingwood,Brisbane Lions,44.0,55.56,97.41,115.54,99.12,92.93,-1.71,22.61,80.0,80.0,81.8,115.54,99.12,92.93,29.4,26.8,Home
2002,Fremantle,Melbourne,36.0,53.57,84.67,106.5,113.16,102.17,-28.49,4.33,40.0,60.0,88.8,106.5,113.16,102.17,-1.6,2.4,Home
2002,North Melbourne,Adelaide,53.85,42.31,103.06,98.31,108.94,98.48,-5.89,-0.17,20.0,60.0,95.0,98.31,108.94,98.48,-21.8,8.4,Home
2002,Footscray,Sydney,38.46,37.04,101.75,97.52,105.44,91.4,-3.69,6.24,20.0,40.0,79.8,97.52,105.44,91.4,-10.6,-1.0,Home
2002,Essendon,St Kilda,87.1,12.0,117.58,82.75,81.79,117.47,35.79,-36.14,40.0,0.0,74.2,82.75,81.79,117.47,-8.8,-58.2,Home
2002,Port Adelaide,Collingwood,62.96,46.15,99.85,97.73,93.7,99.35,6.26,-1.62,80.0,100.0,114.4,97.73,93.7,99.35,26.6,34.0,Home
2002,Geelong,Footscray,53.85,50.0,93.79,102.83,99.11,105.15,-5.42,-2.32,40.0,40.0,99.6,102.83,99.11,105.15,0.0,9.6,Away
2002,Melbourne,North Melbourne,61.54,46.43,106.18,103.18,102.02,108.65,4.16,-5.47,60.0,40.0,101.2,103.18,102.02,108.65,5.4,-16.8,Home
2002,Sydney,Essendon,60.0,76.92,97.38,118.5,92.68,81.62,4.79,36.88,40.0,60.0,86.0,118.5,92.68,81.62,-8.8,21.0,Away
2002,St Kilda,Richmond,15.38,51.85,82.54,92.6,118.5,96.87,-37.4,-4.27,0.0,40.0,60.4,92.6,118.5,96.87,-61.4,-22.6,Home
2002,Brisbane Lions,Fremantle,82.76,15.38,115.46,84.85,93.3,112.69,22.16,-27.85,60.0,60.0,111.0,84.85,93.3,112.69,16.2,1.4,Home
2002,Carlton,Adelaide,68.97,40.74,106.32,98.21,87.53,98.7,18.79,-0.49,0.0,40.0,83.4,98.21,87.53,98.7,-26.8,-1.0,Away
2002,West Coast,Hawthorn,46.15,55.17,92.46,98.37,112.25,96.35,-20.18,2.02,40.0,80.0,103.0,98.37,112.25,96.35,-2.8,26.0,Home
2002,North Melbourne,Essendon,55.56,77.78,103.25,117.93,108.7,81.64,-5.45,36.29,40.0,60.0,105.0,117.93,108.7,81.64,-17.0,13.2,Home
2002,Richmond,Footscray,60.71,51.85,92.07,103.09,96.43,105.15,-4.36,-2.06,40.0,60.0,80.2,103.09,96.43,105.15,-11.2,15.2,Away
2002,Geelong,Melbourne,51.85,51.72,94.0,106.27,99.44,102.11,-5.55,4.16,20.0,60.0,87.4,106.27,99.44,102.11,-26.8,-0.6,Home
2002,Collingwood,Sydney,46.15,35.71,97.51,97.11,99.19,92.54,-1.68,4.66,80.0,20.0,90.0,97.11,99.19,92.54,24.8,-9.8,Home
2002,Adelaide,Brisbane Lions,57.69,53.57,98.81,115.34,98.26,93.05,0.56,22.29,60.0,60.0,105.8,115.34,98.26,93.05,18.4,19.0,Home
2002,Hawthorn,Port Adelaide,60.71,40.74,98.19,99.69,96.86,93.56,1.33,6.24,80.0,80.0,117.4,99.69,96.86,93.56,26.6,17.0,Away
2002,St Kilda,West Coast,18.52,15.38,82.34,93.09,117.45,111.79,-36.49,-19.06,20.0,60.0,66.0,93.09,117.45,111.79,-35.2,11.6,Home
2002,Fremantle,Carlton,38.46,46.43,84.74,105.78,112.62,88.28,-27.89,17.5,40.0,0.0,80.0,105.78,112.62,88.28,-17.8,-27.4,Home
2002,North Melbourne,Richmond,57.14,50.0,103.05,92.18,108.26,96.79,-5.21,-4.61,40.0,40.0,97.2,92.18,108.26,96.79,-19.2,-6.6,Home
2002,Adelaide,Hawthorn,59.26,53.33,98.85,97.83,98.18,97.2,0.67,0.63,80.0,60.0,109.6,97.83,98.18,97.2,21.4,10.2,Home
2002,Essendon,Port Adelaide,87.5,42.86,117.37,100.0,81.82,93.27,35.55,6.85,60.0,80.0,97.8,100.0,81.82,93.27,18.2,23.4,Away
2002,West Coast,Sydney,48.15,34.48,92.8,96.87,112.07,92.58,-19.64,4.37,40.0,20.0,98.8,96.87,112.07,92.58,-7.6,-12.0,Home
2002,Brisbane Lions,St Kilda,83.33,11.54,114.98,83.17,93.19,116.7,21.8,-34.83,60.0,40.0,117.8,83.17,93.19,116.7,26.8,-25.2,Home
2002,Geelong,Carlton,53.57,44.83,93.91,105.14,98.78,88.41,-4.96,16.73,20.0,0.0,83.0,105.14,98.78,88.41,-34.0,-29.2,Home
2002,Footscray,Fremantle,40.74,14.81,103.35,84.94,105.02,111.8,-1.67,-26.85,80.0,60.0,110.4,84.94,105.02,111.8,23.6,0.2,Home
2002,Melbourne,Collingwood,62.96,44.44,105.51,97.46,101.88,98.91,3.63,-1.44,40.0,80.0,87.8,97.46,101.88,98.91,-10.4,20.4,Away
2002,Essendon,Hawthorn,84.85,51.61,116.25,97.17,82.25,97.28,34.0,-0.12,60.0,40.0,95.2,97.17,82.25,97.28,11.8,-12.2,Home
2002,Carlton,West Coast,66.67,14.81,104.98,92.96,88.6,111.65,16.38,-19.04,0.0,60.0,76.2,92.96,88.6,111.65,-24.4,5.8,Away
2002,Sydney,Geelong,57.69,37.04,96.73,94.02,92.75,98.73,4.05,-4.8,0.0,40.0,85.6,94.02,92.75,98.73,-20.2,-21.8,Away
2002,Fremantle,Collingwood,40.74,46.43,84.85,97.98,112.4,98.47,-27.55,-0.49,40.0,80.0,87.6,97.98,112.4,98.47,-18.2,14.0,Home
2002,Footscray,St Kilda,42.86,11.11,104.09,82.6,104.57,116.64,-0.48,-35.32,80.0,40.0,120.2,82.6,104.57,116.64,31.0,-20.8,Home
2002,Melbourne,Adelaide,60.71,42.86,104.98,98.91,102.29,97.46,2.69,1.45,40.0,80.0,88.6,98.91,102.29,97.46,-15.0,23.8,Home
2002,Brisbane Lions,North Melbourne,83.87,44.83,114.95,102.91,92.5,107.84,22.45,-4.93,60.0,60.0,111.2,102.91,92.5,107.84,27.6,-3.4,Home
2002,Port Adelaide,Richmond,64.29,48.28,100.14,92.03,92.49,96.76,7.79,-4.72,80.0,40.0,103.4,92.03,92.49,96.76,24.4,-2.4,Home
2002,Essendon,Melbourne,85.29,50.0,115.53,104.86,81.97,101.8,33.56,3.07,60.0,40.0,92.2,104.86,81.97,101.8,8.2,-10.6,Home
2002,Richmond,Geelong,58.62,39.29,91.66,94.14,97.73,98.74,-6.07,-4.68,20.0,60.0,81.8,94.14,97.73,98.74,-20.4,-11.0,Away
2002,Port Adelaide,Footscray,65.52,53.57,101.07,104.6,92.1,104.25,9.12,0.35,100.0,100.0,119.8,104.6,92.1,104.25,52.6,42.4,Home
2002,Brisbane Lions,Carlton,84.38,43.33,115.33,104.7,93.0,88.61,22.33,16.1,60.0,0.0,113.0,104.7,93.0,88.61,19.2,-19.6,Home
2002,Collingwood,North Melbourne,48.15,43.33,97.64,103.25,98.32,108.36,-0.68,-5.1,60.0,60.0,100.0,103.25,98.32,108.36,9.8,3.4,Home
2002,Sydney,Fremantle,55.56,14.29,96.77,84.95,92.89,111.8,3.95,-26.86,0.0,60.0,89.0,84.95,92.89,111.8,-19.4,-10.2,Home
2002,St Kilda,Hawthorn,21.43,50.0,82.66,96.64,116.93,96.87,-35.54,-0.23,40.0,20.0,81.8,96.64,116.93,96.87,-29.6,-24.0,Away
2002,West Coast,Adelaide,50.0,41.38,92.89,98.46,111.23,97.47,-18.67,0.98,60.0,60.0,93.4,98.46,111.23,97.47,-3.8,13.0,Home
2002,Carlton,Richmond,64.52,46.67,104.77,91.03,89.18,97.7,15.6,-6.67,0.0,0.0,87.2,91.03,89.18,97.7,-20.8,-33.0,Home
2002,Geelong,West Coast,55.17,17.86,94.17,93.63,97.97,111.33,-3.86,-18.02,80.0,80.0,98.2,93.63,97.97,111.33,12.4,4.0,Home
2002,Hawthorn,Sydney,58.62,33.33,96.48,97.5,96.56,92.36,-0.08,5.23,20.0,20.0,75.0,97.5,96.56,92.36,-24.0,9.8,Home
2002,Footscray,Essendon,44.83,75.0,104.78,115.6,105.22,82.38,-0.45,33.22,80.0,60.0,125.4,115.6,105.22,82.38,19.4,-9.2,Draw
2002,Fremantle,Port Adelaide,42.86,44.83,84.54,102.08,112.28,92.49,-27.74,9.76,40.0,100.0,81.4,102.08,112.28,92.49,-26.6,46.8,Away
2002,Melbourne,Brisbane Lions,62.07,51.72,104.92,115.47,102.1,93.26,2.82,22.21,40.0,80.0,91.0,115.47,102.1,93.26,-12.0,22.8,Home
2002,St Kilda,North Melbourne,20.69,41.94,82.58,102.53,116.4,108.1,-35.05,-5.57,40.0,40.0,83.0,102.53,116.4,108.1,-11.6,-6.6,Away
2002,Adelaide,Collingwood,60.71,44.83,98.78,97.56,98.12,97.65,0.66,-0.09,60.0,60.0,104.8,97.56,98.12,97.65,12.8,15.8,Away
2002,Hawthorn,Footscray,60.0,51.72,96.13,105.0,96.05,105.44,0.08,-0.45,40.0,60.0,72.2,105.0,96.05,105.44,-14.4,17.0,Home
2002,North Melbourne,Fremantle,58.62,13.79,102.95,84.17,107.7,112.88,-4.75,-28.71,60.0,40.0,99.6,84.17,107.7,112.88,3.0,-37.4,Home
2002,Collingwood,Geelong,50.0,41.38,98.26,93.68,97.97,96.86,0.29,-3.24,80.0,100.0,106.2,93.68,97.97,96.86,21.2,21.2,Away
2002,Richmond,Brisbane Lions,56.67,50.0,90.93,115.38,97.51,93.86,-6.57,21.52,0.0,60.0,78.2,115.38,97.51,93.86,-31.4,12.6,Away
2002,Adelaide,St Kilda,58.62,10.71,99.07,82.6,98.8,116.6,0.27,-35.21,40.0,20.0,101.8,82.6,98.8,116.6,-2.8,-22.2,Home
2002,Sydney,Port Adelaide,57.14,46.67,96.93,102.83,92.05,92.0,4.97,11.02,20.0,100.0,95.0,102.83,92.05,92.0,8.2,62.6,Away
2002,Carlton,Melbourne,65.62,48.39,104.48,105.34,89.11,102.23,15.37,3.11,20.0,40.0,89.4,105.34,89.11,102.23,-9.4,-8.6,Away
2002,West Coast,Essendon,51.72,72.41,92.59,115.64,110.53,82.94,-18.26,33.22,60.0,40.0,87.2,115.64,110.53,82.94,-10.0,-9.6,Home
2002,Collingwood,Richmond,48.28,45.16,98.27,90.35,98.46,97.84,-0.19,-7.48,60.0,0.0,107.0,90.35,98.46,97.84,13.4,-40.2,Home
2002,Melbourne,Hawthorn,63.33,51.52,105.89,96.44,102.11,96.0,3.77,0.44,60.0,60.0,110.2,96.44,102.11,96.0,5.4,-1.8,Away
2002,North Melbourne,Port Adelaide,60.0,48.39,102.63,102.69,107.29,92.0,-4.66,10.87,60.0,100.0,97.8,102.69,107.29,92.0,1.6,55.0,Home
2002,Essendon,Geelong,85.71,43.33,114.83,94.23,83.05,96.9,32.28,-2.71,40.0,100.0,84.4,94.23,83.05,96.9,-13.4,21.6,Away
2002,Fremantle,West Coast,41.38,17.24,84.14,92.54,112.37,109.73,-28.24,-17.48,20.0,80.0,75.4,92.54,112.37,109.73,-43.2,5.4,Home
2002,Brisbane Lions,Sydney,84.85,32.26,115.42,96.85,93.25,92.08,22.17,4.85,80.0,20.0,120.6,96.85,93.25,92.08,26.6,10.0,Home
2002,Carlton,St Kilda,63.64,10.34,104.33,82.58,89.89,116.31,14.44,-34.91,20.0,0.0,94.8,82.58,89.89,116.31,-12.6,-35.8,Away
2002,Adelaide,Footscray,60.0,50.0,99.07,104.8,98.5,105.62,0.57,-0.83,40.0,40.0,101.4,104.8,98.5,105.62,-0.6,8.6,Home
2002,Richmond,Essendon,54.84,70.0,89.7,113.94,97.7,83.23,-8.0,31.18,0.0,40.0,62.6,113.94,97.7,83.23,-46.0,-9.4,Away
2002,Hawthorn,Brisbane Lions,61.29,51.61,96.38,115.45,95.55,93.03,0.83,22.42,80.0,80.0,87.0,115.45,95.55,93.03,12.2,22.0,Away
2002,West Coast,Collingwood,53.33,46.67,92.17,98.12,109.57,97.63,-17.69,0.48,60.0,60.0,83.4,98.12,109.57,97.63,-3.2,11.2,Home
2002,Sydney,Carlton,55.17,41.94,96.56,104.22,92.49,90.66,4.13,13.55,20.0,20.0,94.6,104.22,92.49,90.66,5.0,-20.4,Home
2002,Port Adelaide,Melbourne,66.67,50.0,102.16,105.27,92.11,101.97,10.21,3.3,80.0,60.0,125.2,105.27,92.11,101.97,37.4,10.4,Home
2002,Geelong,Adelaide,56.67,40.0,94.25,99.7,96.23,98.44,-2.02,1.26,100.0,40.0,96.8,99.7,96.23,98.44,28.6,-0.8,Away
2002,Footscray,North Melbourne,43.33,43.75,104.64,102.57,106.15,106.7,-1.53,-4.13,20.0,60.0,110.8,102.57,106.15,106.7,-13.0,5.2,Home
2002,St Kilda,Fremantle,20.0,13.33,83.53,84.4,115.98,111.67,-33.57,-27.27,20.0,40.0,93.8,84.4,115.98,111.67,-15.0,-24.2,Home
2002,Collingwood,Carlton,50.0,40.62,97.43,103.68,97.9,90.68,-0.48,13.0,60.0,20.0,95.0,103.68,97.9,90.68,1.8,-24.8,Home
2002,Geelong,North Melbourne,54.84,42.42,94.18,102.61,96.18,107.2,-2.03,-4.59,80.0,60.0,94.6,102.61,96.18,107.2,27.6,1.4,Away
2002,Fremantle,Hawthorn,43.33,52.94,84.31,95.95,111.77,95.98,-27.46,-0.03,20.0,80.0,77.2,95.95,111.77,95.98,-34.2,2.4,Home
2002,Essendon,Brisbane Lions,83.33,53.12,113.04,115.58,82.78,92.65,30.73,22.92,40.0,80.0,82.2,115.58,82.78,92.65,-10.6,30.2,Away
2002,Port Adelaide,St Kilda,67.74,13.33,102.38,84.1,92.43,115.38,10.11,-32.34,80.0,40.0,117.6,84.1,92.43,115.38,21.4,2.2,Home
2002,Sydney,Adelaide,56.67,41.94,96.48,99.6,92.11,98.31,4.44,1.29,40.0,60.0,93.2,99.6,92.11,98.31,10.0,4.8,Away
2002,Footscray,West Coast,45.16,16.67,105.19,92.52,106.13,108.69,-0.95,-16.43,20.0,60.0,112.0,92.52,106.13,108.69,-15.6,8.2,Home
2002,Melbourne,Richmond,61.29,43.75,105.38,89.12,102.19,97.02,3.19,-7.89,40.0,0.0,111.4,89.12,102.19,97.02,4.6,-29.4,Away
2002,Hawthorn,Collingwood,59.38,45.16,95.04,98.13,95.99,96.85,-0.94,1.27,60.0,60.0,77.2,98.13,95.99,96.85,-11.6,16.8,Home
2002,Carlton,Port Adelaide,61.76,46.88,102.63,102.42,91.43,91.97,11.19,10.62,20.0,80.0,76.0,102.42,91.43,91.97,-43.4,20.6,Away
2002,Richmond,Fremantle,53.12,12.9,89.28,84.5,96.97,110.53,-7.69,-26.03,20.0,40.0,68.2,84.5,96.97,110.53,-20.0,-6.6,Home
2002,Brisbane Lions,Footscray,85.29,48.39,115.46,105.78,92.33,105.89,23.13,-0.11,80.0,40.0,115.4,105.78,92.33,105.89,34.6,3.8,Home
2002,North Melbourne,Sydney,61.29,31.25,102.8,96.51,106.34,92.49,-3.54,4.08,80.0,20.0,106.0,96.51,106.34,92.49,20.8,-9.0,Away
2002,Adelaide,Essendon,61.29,70.97,99.86,112.43,98.3,83.15,1.56,29.72,80.0,20.0,112.4,112.43,98.3,83.15,12.0,-20.4,Home
2002,St Kilda,Geelong,22.58,45.16,83.76,93.49,115.21,96.48,-32.5,-3.03,40.0,60.0,97.2,93.49,115.21,96.48,-4.4,6.4,Away
2002,West Coast,Melbourne,54.84,48.48,92.5,105.2,109.23,102.14,-17.0,3.06,40.0,40.0,79.6,105.2,109.23,102.14,-5.6,6.0,Away
2002,Richmond,Hawthorn,54.55,51.43,89.77,95.19,96.59,96.0,-6.82,-0.81,40.0,60.0,75.6,95.19,96.59,96.0,-9.8,-12.0,Home
2002,North Melbourne,Carlton,59.38,39.39,102.71,101.78,106.91,90.88,-4.2,10.9,60.0,0.0,99.8,101.78,106.91,90.88,2.6,-45.4,Home
2002,Fremantle,Geelong,45.16,46.88,84.3,93.62,110.71,96.55,-26.41,-2.97,40.0,60.0,85.8,93.62,110.71,96.55,0.2,0.2,Home
2002,Essendon,Collingwood,81.08,43.75,111.9,98.11,83.74,96.98,28.57,1.13,20.0,40.0,64.0,98.11,83.74,96.98,-30.0,10.8,Home
2002,Brisbane Lions,West Coast,85.71,16.13,115.31,92.62,91.96,109.17,23.35,-16.82,100.0,40.0,114.4,92.62,91.96,109.17,46.4,-0.4,Home
2002,Sydney,St Kilda,54.84,12.9,97.25,84.03,92.56,115.0,4.76,-31.98,40.0,40.0,101.0,84.03,92.56,115.0,2.4,4.2,Home
2002,Melbourne,Footscray,59.38,46.88,105.21,105.17,102.11,105.88,3.11,-0.71,40.0,40.0,103.6,105.17,102.11,105.88,3.0,-3.8,Home
2002,Port Adelaide,Adelaide,68.75,43.75,101.68,100.23,91.25,97.95,10.59,2.28,80.0,100.0,87.8,100.23,91.25,97.95,5.6,26.0,Home
2002,Hawthorn,North Melbourne,60.61,44.12,95.16,102.88,96.16,106.73,-1.0,-3.85,40.0,60.0,78.8,102.88,96.16,106.73,-19.4,6.2,Away
2002,Geelong,Brisbane Lions,53.12,54.55,93.29,115.61,96.86,91.91,-3.62,23.7,40.0,100.0,82.0,115.61,96.86,91.91,-14.4,43.2,Away
2002,Melbourne,Sydney,60.61,33.33,105.24,97.09,102.0,92.37,3.24,4.8,40.0,60.0,97.2,97.09,102.0,92.37,-3.4,4.2,Away
2002,Footscray,Carlton,46.88,38.24,105.02,101.68,105.89,91.22,-0.89,10.46,40.0,0.0,107.6,101.68,105.89,91.22,-1.6,-40.4,Away
2002,West Coast,Port Adelaide,53.12,48.48,92.56,101.41,109.59,91.02,-17.3,10.55,20.0,80.0,92.8,101.41,109.59,91.02,-15.2,6.8,Away
2002,Adelaide,Richmond,62.5,45.45,99.86,90.03,97.74,96.54,2.12,-6.51,80.0,60.0,109.4,90.03,97.74,96.54,20.8,5.6,Home
2002,Collingwood,St Kilda,51.61,12.5,97.69,83.97,97.44,114.56,0.25,-31.58,40.0,40.0,90.8,83.97,97.44,114.56,5.4,6.4,Home
2002,Essendon,Fremantle,81.58,12.5,112.1,84.81,83.56,110.11,28.96,-25.3,40.0,60.0,76.6,84.81,83.56,110.11,-13.6,9.4,Home
2002,Geelong,Hawthorn,51.52,50.0,92.71,95.29,97.06,96.49,-4.42,-1.2,20.0,20.0,74.0,95.29,97.06,96.49,-33.2,-27.6,Away
2002,Collingwood,Footscray,53.12,45.45,97.37,104.89,96.95,105.79,0.42,-0.91,40.0,40.0,88.4,104.89,96.95,105.79,-0.4,6.6,Away
2002,Port Adelaide,Brisbane Lions,69.7,55.88,101.43,115.53,90.63,91.39,10.97,24.14,100.0,100.0,92.4,115.53,90.63,91.39,20.2,46.6,Home
2002,St Kilda,Melbourne,21.88,50.0,83.69,104.82,113.98,102.63,-31.25,2.19,20.0,40.0,85.6,104.82,113.98,102.63,-4.4,-11.8,Away
2002,Sydney,Richmond,56.25,44.12,97.82,89.66,92.14,96.4,5.77,-6.74,80.0,60.0,113.2,89.66,92.14,96.4,25.4,9.2,Home
2002,North Melbourne,West Coast,60.61,15.62,103.12,92.14,106.69,109.49,-3.57,-17.62,60.0,20.0,110.0,92.14,106.69,109.49,3.4,-16.8,Away
2002,Carlton,Essendon,60.0,68.75,101.64,111.83,91.3,83.39,10.34,28.84,20.0,60.0,68.2,111.83,91.3,83.39,-31.4,-1.6,Away
2002,Fremantle,Adelaide,46.88,42.42,84.62,99.67,109.85,97.24,-25.23,2.42,40.0,80.0,87.2,99.67,109.85,97.24,-0.8,16.6,Away
2002,Port Adelaide,Collingwood,70.59,42.42,101.26,97.0,90.53,97.21,10.9,-0.21,100.0,40.0,87.2,97.0,90.53,97.21,20.6,3.0,Away
2002,Essendon,West Coast,82.05,18.18,111.56,92.91,82.75,109.74,29.21,-17.09,60.0,20.0,91.6,92.91,82.75,109.74,9.2,-25.0,Home
2002,Brisbane Lions,Adelaide,86.11,44.12,115.08,99.97,91.37,96.99,23.72,2.99,80.0,80.0,108.6,99.97,91.37,96.99,34.2,24.0,Home
2002,Melbourne,North Melbourne,58.82,45.71,105.26,103.45,102.84,107.22,2.42,-3.77,60.0,60.0,103.8,103.45,102.84,107.22,-7.4,6.8,Home
2002,Port Adelaide,Essendon,68.57,69.7,101.17,111.55,90.78,82.68,10.54,29.26,80.0,80.0,85.2,111.55,90.78,82.68,9.6,23.2,Home
2002,Melbourne,Adelaide,60.0,42.86,105.5,99.15,102.57,97.25,2.93,1.9,80.0,60.0,109.4,99.15,102.57,97.25,1.2,6.2,Away
2002,Adelaide,Collingwood,63.64,44.12,99.59,97.16,97.55,97.18,2.04,-0.01,60.0,40.0,91.4,97.16,97.55,97.18,-1.0,-16.0,Away
2002,Brisbane Lions,Port Adelaide,86.49,50.0,115.08,100.91,90.71,90.33,24.38,10.74,80.0,80.0,110.0,100.91,90.71,90.33,41.0,12.6,Home
2002,Brisbane Lions,Collingwood,86.84,45.71,115.4,97.07,90.59,96.68,24.81,0.4,80.0,60.0,116.6,97.07,90.59,96.68,44.6,-8.8,Home
2003,Collingwood,Richmond,51.52,42.86,96.62,89.46,96.36,96.68,0.26,-7.22,60.0,60.0,83.0,89.46,96.36,96.68,0.4,1.4,Home
2003,North Melbourne,St Kilda,58.82,12.12,103.17,84.2,107.43,114.3,-4.26,-31.05,40.0,0.0,108.0,84.2,107.43,114.3,-13.6,-15.8,Home
2003,West Coast,Port Adelaide,51.52,48.57,92.69,100.65,109.76,91.0,-17.33,9.79,20.0,60.0,95.0,100.65,109.76,91.0,-21.4,-0.2,Home
2003,Sydney,Carlton,57.58,40.0,98.09,100.73,91.9,91.31,6.29,9.42,80.0,20.0,118.0,100.73,91.9,91.31,28.8,-37.8,Home
2003,Brisbane Lions,Essendon,87.18,67.65,114.85,110.84,90.26,82.69,24.59,28.53,80.0,80.0,104.4,110.84,90.26,82.69,37.0,28.0,Home
2003,Adelaide,Fremantle,61.76,12.12,99.07,84.55,97.46,110.0,1.61,-25.45,60.0,40.0,88.8,84.55,97.46,110.0,-5.0,-1.0,Home
2003,Footscray,Geelong,45.45,45.45,105.03,92.18,105.3,96.73,-0.27,-4.62,40.0,20.0,103.0,92.18,105.3,96.73,8.0,-36.2,Home
2003,Melbourne,Hawthorn,58.33,51.35,105.68,95.0,102.96,95.93,2.72,-0.93,60.0,40.0,111.8,95.0,102.96,95.93,-2.4,-12.8,Home
2003,Carlton,Collingwood,58.33,44.44,100.33,96.59,92.07,95.93,8.26,0.66,20.0,60.0,69.6,96.59,92.07,95.93,-31.0,3.8,Away
2003,St Kilda,Adelaide,21.21,44.44,83.99,99.72,114.03,97.34,-30.97,2.38,0.0,60.0,86.8,99.72,114.03,97.34,-12.6,1.8,Home
2003,Essendon,Melbourne,82.5,51.43,110.17,105.68,82.97,102.92,27.57,2.76,60.0,60.0,83.2,105.68,82.97,102.92,8.4,-3.6,Home
2003,Fremantle,Sydney,45.45,35.29,84.61,98.79,110.52,91.6,-25.91,7.3,20.0,100.0,86.0,98.79,110.52,91.6,-24.4,47.2,Home
2003,Port Adelaide,Brisbane Lions,69.44,54.29,100.28,114.71,91.43,89.87,8.97,24.84,40.0,80.0,84.8,114.71,91.43,89.87,-17.4,34.6,Away
2003,Hawthorn,West Coast,58.82,17.65,95.07,93.12,96.07,109.24,-1.0,-16.36,40.0,40.0,95.4,93.12,96.07,109.24,-1.8,-10.6,Home
2003,Richmond,Footscray,55.88,47.06,89.13,105.4,96.64,105.09,-7.51,0.31,40.0,40.0,87.2,105.4,96.64,105.09,-5.2,5.6,Home
2003,Geelong,North Melbourne,50.0,44.44,92.16,103.07,97.22,106.9,-5.13,-3.83,20.0,60.0,75.4,103.07,97.22,106.9,-31.2,1.0,Away
2003,Essendon,Carlton,82.93,38.89,110.2,100.21,82.87,92.27,27.69,7.93,60.0,20.0,87.0,100.21,82.87,92.27,11.6,-32.4,Away
2003,Collingwood,Geelong,52.94,44.12,96.73,91.86,95.86,97.17,0.87,-5.4,80.0,0.0,93.2,91.86,95.86,97.17,15.2,-36.0,Home
2003,West Coast,St Kilda,52.94,11.76,93.06,84.21,108.97,113.69,-16.15,-30.38,40.0,20.0,99.4,84.21,108.97,113.69,-1.6,-10.8,Home
2003,North Melbourne,Brisbane Lions,60.0,55.56,102.94,114.33,106.4,89.68,-3.46,24.64,60.0,100.0,103.8,114.33,106.4,89.68,1.8,37.8,Draw
2003,Port Adelaide,Hawthorn,67.57,50.0,99.95,95.01,91.36,95.97,8.71,-0.96,20.0,40.0,82.0,95.01,91.36,95.97,-20.6,-3.0,Home
2003,Sydney,Adelaide,58.82,43.24,98.23,99.6,91.52,97.36,6.81,2.24,80.0,40.0,110.8,99.6,91.52,97.36,32.6,-7.8,Away
2003,Melbourne,Footscray,59.46,45.71,105.26,105.16,103.04,105.17,2.22,-0.01,60.0,40.0,111.2,105.16,103.04,105.17,2.6,8.8,Home
2003,Richmond,Fremantle,57.14,11.76,89.44,84.63,96.54,109.78,-7.1,-25.15,40.0,40.0,85.0,84.63,96.54,109.78,-10.8,-9.2,Home
2003,Brisbane Lions,Collingwood,87.5,45.95,114.26,97.0,89.94,95.49,24.64,1.51,80.0,80.0,102.4,97.0,89.94,95.49,23.6,22.0,Home
2003,Geelong,Melbourne,48.57,50.0,91.53,105.55,97.44,102.93,-6.0,2.62,0.0,60.0,68.6,105.55,97.44,102.93,-36.4,5.4,Home
2003,Footscray,Essendon,47.06,65.71,105.01,109.99,105.49,83.16,-0.48,27.18,40.0,40.0,105.0,109.99,105.49,83.16,4.8,-1.6,Away
2003,Hawthorn,Sydney,60.0,34.29,94.69,97.91,96.41,91.69,-1.72,6.32,40.0,60.0,88.2,97.91,96.41,91.69,-11.6,25.8,Home
2003,Adelaide,West Coast,62.86,17.14,99.64,93.79,97.07,108.47,2.58,-14.9,60.0,60.0,106.4,93.79,97.07,108.47,11.8,20.0,Home
2003,Carlton,Port Adelaide,56.76,47.22,100.27,100.32,92.3,91.08,7.97,9.37,40.0,40.0,80.8,100.32,92.3,91.08,-26.4,-6.6,Away
2003,Fremantle,North Melbourne,47.06,45.95,84.07,103.03,109.55,106.44,-25.48,-3.46,20.0,40.0,74.6,103.03,109.55,106.44,-27.8,-1.2,Home
2003,St Kilda,Richmond,23.53,41.67,84.06,89.5,114.13,95.83,-30.97,-6.33,20.0,40.0,85.2,89.5,114.13,95.83,-23.4,-4.0,Away
2003,Essendon,Collingwood,80.95,44.74,110.23,96.78,83.5,95.48,27.08,1.3,40.0,60.0,91.0,96.78,83.5,95.48,-4.4,13.6,Home
2003,Sydney,Melbourne,57.14,48.65,97.49,104.73,91.94,102.76,5.63,1.97,40.0,40.0,93.2,104.73,91.94,102.76,3.8,-11.4,Home
2003,Hawthorn,Richmond,61.11,43.24,94.89,89.74,96.03,95.63,-1.13,-5.89,60.0,60.0,89.4,89.74,96.03,95.63,-0.2,5.6,Away
2003,North Melbourne,Carlton,58.33,40.54,103.28,100.05,107.26,92.59,-4.03,7.47,40.0,20.0,101.0,100.05,107.26,92.59,-6.8,-32.8,Away
2003,Adelaide,Port Adelaide,63.89,48.65,99.73,100.51,96.74,90.99,2.99,9.65,60.0,40.0,101.6,100.51,96.74,90.99,16.0,-5.4,Away
2003,Brisbane Lions,Footscray,87.8,44.44,114.01,105.08,89.82,105.82,24.51,-0.74,80.0,40.0,93.8,105.08,89.82,105.82,15.2,1.4,Home
2003,St Kilda,Geelong,22.86,42.86,84.01,91.51,114.03,96.69,-30.9,-5.26,20.0,20.0,88.2,91.51,114.03,96.69,-26.4,-16.2,Home
2003,Fremantle,West Coast,48.57,16.67,85.26,93.49,109.73,108.44,-24.47,-15.16,40.0,40.0,93.6,93.49,109.73,108.44,-14.6,10.0,Away
2003,North Melbourne,Adelaide,56.76,44.74,103.41,99.28,107.45,96.49,-4.09,2.79,40.0,60.0,106.8,99.28,107.45,96.49,-1.0,19.2,Away
2003,Carlton,Hawthorn,55.26,48.72,100.34,94.89,92.86,96.28,7.49,-1.38,40.0,40.0,94.8,94.89,92.86,96.28,-20.0,-7.8,Away
2003,Melbourne,West Coast,60.53,18.92,104.47,93.69,102.84,107.94,1.63,-14.45,40.0,60.0,87.4,93.69,102.84,107.94,-13.8,23.6,Away
2003,Collingwood,Sydney,54.29,33.33,96.57,97.65,96.18,91.85,0.39,5.89,60.0,40.0,95.8,97.65,96.18,91.85,2.2,0.6,Away
2003,Port Adelaide,Richmond,68.42,44.74,100.21,90.08,90.66,95.62,9.68,-5.54,60.0,80.0,94.0,90.08,90.66,95.62,8.2,17.6,Home
2003,Geelong,Brisbane Lions,50.0,54.05,91.26,113.91,97.0,89.68,-5.82,24.54,20.0,80.0,79.0,113.91,97.0,89.68,-21.6,18.8,Away
2003,Footscray,St Kilda,45.71,11.43,104.72,84.51,105.82,113.46,-1.11,-29.8,20.0,40.0,100.6,84.51,105.82,113.46,-12.2,-13.8,Away
2003,Fremantle,Essendon,47.22,66.67,85.08,110.7,109.7,83.47,-24.62,27.58,40.0,60.0,92.2,110.7,109.7,83.47,-13.6,13.6,Home
2003,Hawthorn,North Melbourne,59.46,44.74,94.62,102.97,95.84,107.67,-1.22,-4.76,60.0,20.0,88.2,102.97,95.84,107.67,-4.4,-17.0,Away
2003,Richmond,Essendon,58.33,64.86,89.64,110.56,95.47,84.06,-5.83,26.84,80.0,60.0,96.8,110.56,95.47,84.06,17.8,16.0,Home
2003,West Coast,Geelong,54.29,41.67,94.15,91.08,107.75,96.93,-13.79,-5.93,60.0,20.0,108.2,91.08,107.75,96.93,20.6,-16.6,Home
2003,St Kilda,Carlton,25.0,42.11,84.72,99.86,113.07,92.61,-29.16,7.25,60.0,40.0,94.6,99.86,113.07,92.61,-5.6,-7.4,Home
2003,Adelaide,Collingwood,62.16,43.59,99.61,96.47,96.14,96.35,3.46,0.12,60.0,40.0,98.0,96.47,96.14,96.35,18.8,-7.4,Away
2003,Sydney,Brisbane Lions,58.33,55.26,97.81,113.64,91.81,89.54,6.08,24.41,40.0,80.0,84.4,113.64,91.81,89.54,-10.2,13.0,Home
2003,Footscray,Fremantle,44.44,11.43,104.45,85.72,105.74,109.57,-1.31,-23.85,0.0,60.0,91.6,85.72,105.74,109.57,-23.0,3.8,Away
2003,Melbourne,Port Adelaide,58.97,50.0,104.34,100.0,103.16,90.22,1.18,9.91,20.0,80.0,85.0,100.0,103.16,90.22,-21.6,23.2,Home
2003,Hawthorn,Essendon,57.89,63.16,94.55,109.72,96.12,84.06,-1.56,25.98,40.0,40.0,87.8,109.72,96.12,84.06,-10.4,0.2,Away
2003,Collingwood,West Coast,52.78,21.05,96.7,94.41,96.51,107.61,0.18,-13.38,40.0,80.0,96.2,94.41,96.51,107.61,-9.6,24.2,Away
2003,Port Adelaide,North Melbourne,69.23,46.15,99.79,103.16,90.49,107.43,9.43,-4.33,80.0,20.0,97.6,103.16,90.49,107.43,19.8,-16.0,Home
2003,Brisbane Lions,Adelaide,88.1,46.15,113.21,99.73,89.64,96.38,23.86,3.35,60.0,60.0,96.2,99.73,89.64,96.38,7.2,19.4,Home
2003,Richmond,Melbourne,59.46,47.37,89.57,104.42,94.76,102.91,-5.2,1.51,80.0,40.0,91.4,104.42,94.76,102.91,21.8,-8.8,Home
2003,Sydney,Geelong,59.46,40.54,97.81,91.16,91.64,97.15,6.26,-6.07,60.0,20.0,92.0,91.16,91.64,97.15,-1.2,-15.2,Home
2003,Carlton,Footscray,53.85,43.24,99.87,104.01,92.87,106.41,7.0,-2.42,40.0,0.0,95.0,104.01,92.87,106.41,-6.6,-35.2,Home
2003,Fremantle,St Kilda,48.65,13.89,86.67,85.11,109.05,112.9,-22.38,-28.58,60.0,60.0,114.4,85.11,109.05,112.9,15.2,-4.8,Home
2003,Essendon,Port Adelaide,81.4,48.72,109.67,99.84,83.68,89.96,26.31,10.0,60.0,80.0,104.8,99.84,83.68,89.96,13.0,19.2,Away
2003,Carlton,Brisbane Lions,55.0,53.85,99.96,113.13,92.96,89.63,7.0,23.79,40.0,80.0,95.4,113.13,92.96,89.63,-7.4,10.8,Away
2003,Melbourne,Fremantle,60.0,13.89,104.41,87.16,103.03,108.69,1.38,-21.53,20.0,80.0,87.4,87.16,103.03,108.69,-17.0,33.0,Away
2003,Collingwood,St Kilda,51.35,13.51,96.78,85.07,96.81,113.04,-0.03,-28.75,20.0,60.0,93.6,85.07,96.81,113.04,-22.2,1.0,Home
2003,West Coast,Richmond,55.56,43.59,94.73,89.86,107.55,94.87,-12.99,-5.01,80.0,80.0,108.0,89.86,107.55,94.87,13.4,14.0,Home
2003,North Melbourne,Sydney,55.26,35.14,102.46,98.0,107.37,91.39,-4.97,6.7,20.0,80.0,94.2,98.0,107.37,91.39,-26.8,12.0,Home
2003,Geelong,Hawthorn,48.65,50.0,90.92,94.03,97.35,96.24,-6.51,-2.22,20.0,40.0,82.4,94.03,97.35,96.24,-13.6,-9.6,Home
2003,Adelaide,Footscray,60.53,42.11,99.59,103.96,96.51,106.41,3.08,-2.49,40.0,0.0,98.8,103.96,96.51,106.41,10.4,-30.2,Home
2003,Port Adelaide,Collingwood,70.0,45.0,100.41,97.45,90.04,96.64,10.51,0.81,80.0,40.0,99.0,97.45,90.04,96.64,23.2,-6.4,Home
2003,Footscray,North Melbourne,43.24,45.0,103.82,102.23,106.45,106.76,-2.67,-4.59,0.0,40.0,85.8,102.23,106.45,106.76,-29.6,-12.8,Away
2003,Fremantle,Carlton,50.0,41.03,87.35,99.66,108.19,93.71,-20.84,5.95,80.0,40.0,116.6,99.66,108.19,93.71,30.0,-16.8,Home
2003,Melbourne,Brisbane Lions,58.54,55.0,103.99,113.61,103.0,89.47,0.99,24.44,20.0,80.0,92.8,113.61,103.0,89.47,-13.8,23.4,Away
2003,Richmond,Sydney,60.53,34.21,89.63,97.49,95.24,91.29,-5.62,6.28,60.0,80.0,88.0,97.49,95.24,91.29,-1.6,15.4,Away
2003,Geelong,Adelaide,50.0,45.0,91.16,99.71,97.05,96.47,-5.97,3.24,20.0,40.0,86.2,99.71,97.05,96.47,-16.0,7.0,Away
2003,Essendon,West Coast,79.55,23.08,109.51,95.12,84.43,107.08,25.38,-12.12,40.0,100.0,98.2,95.12,84.43,107.08,-0.8,30.4,Home
2003,St Kilda,Hawthorn,27.03,48.78,85.05,93.79,113.52,96.4,-29.25,-2.61,60.0,20.0,99.6,93.79,113.52,96.4,-6.8,-24.8,Home
2003,North Melbourne,Richmond,56.41,42.5,102.9,89.41,107.24,95.35,-4.39,-5.95,60.0,40.0,95.2,89.41,107.24,95.35,-8.8,-12.0,Home
2003,Hawthorn,Adelaide,56.41,46.34,93.74,99.41,96.67,96.0,-2.93,3.41,20.0,60.0,76.2,99.41,96.67,96.0,-26.4,12.8,Home
2003,St Kilda,Brisbane Lions,28.95,56.1,85.49,113.73,113.21,89.15,-28.47,24.87,60.0,80.0,99.4,113.73,113.21,89.15,-10.2,30.0,Home
2003,Sydney,Essendon,60.53,64.1,97.57,109.73,91.04,84.69,6.62,25.34,80.0,40.0,96.4,109.73,91.04,84.69,17.0,-9.6,Home
2003,Port Adelaide,Fremantle,70.73,16.22,100.38,87.87,89.83,108.07,10.69,-20.2,80.0,100.0,103.0,87.87,89.83,108.07,25.8,42.6,Home
2003,Geelong,Carlton,48.72,40.0,90.74,99.65,96.78,94.12,-6.12,5.53,20.0,20.0,83.2,99.65,96.78,94.12,-10.4,-24.2,Home
2003,West Coast,Footscray,56.76,41.03,95.26,104.35,107.35,107.09,-12.25,-2.78,80.0,0.0,117.8,104.35,107.35,107.09,19.0,-26.4,Draw
2003,Melbourne,Collingwood,57.14,43.9,103.48,97.14,103.25,96.66,0.23,0.48,20.0,40.0,88.4,97.14,103.25,96.66,-21.0,1.8,Away
2003,Essendon,North Melbourne,80.0,46.34,109.36,102.77,85.26,107.01,24.39,-4.3,40.0,80.0,90.2,102.77,85.26,107.01,-14.2,2.6,Away
2003,St Kilda,Port Adelaide,30.77,50.0,85.55,100.52,112.84,89.5,-28.03,11.16,60.0,80.0,97.4,100.52,112.84,89.5,-12.2,30.2,Away
2003,Richmond,Carlton,58.97,39.02,89.4,99.35,95.31,94.38,-5.91,4.98,40.0,20.0,85.8,99.35,95.31,94.38,-7.2,-30.0,Away
2003,Footscray,Sydney,42.11,35.9,104.6,98.03,107.31,90.88,-2.78,7.23,0.0,80.0,106.8,98.03,107.31,90.88,-23.4,23.8,Away
2003,Fremantle,Geelong,51.28,39.47,87.55,91.05,108.12,96.5,-20.57,-5.52,80.0,40.0,113.8,91.05,108.12,96.5,26.6,0.4,Home
2003,Brisbane Lions,West Coast,88.37,22.5,113.39,95.63,89.16,107.56,24.51,-12.25,60.0,60.0,109.4,95.63,89.16,107.56,26.2,12.4,Away
2003,Collingwood,Hawthorn,52.63,47.62,97.59,93.51,96.41,96.34,1.18,-2.83,60.0,20.0,114.4,93.51,96.41,96.34,17.0,-27.6,Away
2003,Adelaide,Melbourne,61.54,46.15,99.05,103.16,95.74,103.61,3.31,-0.45,40.0,20.0,90.6,103.16,95.74,103.61,1.0,-25.6,Home
2003,Essendon,Geelong,78.26,38.46,109.12,90.81,85.38,96.39,24.01,-5.65,40.0,40.0,99.4,90.81,85.38,96.39,-7.4,0.4,Home
2003,Melbourne,St Kilda,55.81,13.16,102.7,85.18,104.02,112.67,-1.33,-28.21,0.0,40.0,75.8,85.18,104.02,112.67,-45.6,-23.0,Home
2003,Port Adelaide,Sydney,71.43,37.5,100.51,98.39,89.11,90.53,11.54,7.96,100.0,80.0,111.6,98.39,89.11,90.53,44.0,32.8,Home
2003,Footscray,Collingwood,41.03,45.24,104.08,97.01,107.56,96.26,-3.57,0.75,0.0,40.0,105.0,97.01,107.56,96.26,-19.6,9.4,Away
2003,Brisbane Lions,Richmond,86.36,41.46,113.13,89.36,89.99,95.28,23.41,-5.93,60.0,20.0,111.8,89.36,89.99,95.28,16.2,-17.0,Home
2003,Hawthorn,Fremantle,57.5,15.79,93.4,87.55,95.8,107.65,-2.4,-20.1,40.0,80.0,75.4,87.55,95.8,107.65,-15.4,13.2,Home
2003,Carlton,Adelaide,53.66,45.24,99.28,99.52,94.28,95.37,5.0,4.16,40.0,60.0,90.0,99.52,94.28,95.37,-26.2,16.6,Away
2003,West Coast,North Melbourne,55.26,47.62,96.44,102.68,107.35,106.78,-11.19,-4.15,60.0,80.0,126.6,102.68,107.35,106.78,23.0,-1.4,Home
2003,St Kilda,Essendon,30.0,62.5,85.29,109.34,112.96,85.47,-28.39,24.15,40.0,40.0,88.6,109.34,112.96,85.47,-23.2,-10.8,Away
2003,Hawthorn,Footscray,58.54,40.0,93.45,103.84,95.46,107.81,-2.01,-4.08,60.0,0.0,84.4,103.84,95.46,107.81,1.2,-26.8,Home
2003,Fremantle,Brisbane Lions,52.5,54.76,87.3,113.02,107.53,89.66,-20.23,23.64,60.0,60.0,89.4,113.02,107.53,89.66,-1.0,21.2,Home
2003,North Melbourne,Collingwood,57.5,46.51,102.25,97.39,106.41,96.12,-4.21,1.27,80.0,60.0,99.0,97.39,106.41,96.12,7.6,21.2,Away
2003,Adelaide,Richmond,62.5,40.48,99.43,89.01,94.82,95.39,4.61,-6.38,80.0,0.0,97.0,89.01,94.82,95.39,28.6,-27.4,Home
2003,Sydney,West Coast,61.54,24.39,97.91,96.19,90.64,106.85,7.37,-10.94,60.0,60.0,96.6,96.19,90.64,106.85,17.2,21.6,Home
2003,Carlton,Melbourne,52.38,45.0,98.69,103.1,94.25,103.9,4.44,-0.81,20.0,20.0,78.6,103.1,94.25,103.9,-36.0,-35.4,Away
2003,Geelong,Port Adelaide,50.0,51.22,90.84,100.49,96.8,88.76,-6.04,11.87,40.0,100.0,89.6,100.49,96.8,88.76,1.0,41.0,Home
2003,Adelaide,Essendon,63.41,63.41,99.11,109.45,94.21,85.08,4.89,24.66,80.0,60.0,89.6,109.45,94.21,85.08,31.0,12.8,Home
2003,Collingwood,Fremantle,51.28,15.38,97.73,87.15,95.57,107.09,2.17,-19.94,60.0,60.0,102.2,87.15,95.57,107.09,23.4,-6.4,Home
2003,Richmond,Geelong,57.5,37.5,88.47,90.58,95.11,96.46,-6.64,-5.95,0.0,40.0,70.4,90.58,95.11,96.46,-22.6,-5.6,Away
2003,Sydney,St Kilda,62.5,12.82,97.84,84.86,90.56,113.04,7.38,-28.9,80.0,40.0,103.2,84.86,90.56,113.04,23.8,-23.8,Home
2003,West Coast,Carlton,56.41,40.48,96.04,98.59,106.67,94.28,-10.9,4.31,40.0,20.0,110.0,98.59,106.67,94.28,9.6,-22.0,Home
2003,Brisbane Lions,Hawthorn,86.67,48.84,112.56,94.16,89.49,95.32,23.33,-1.15,40.0,80.0,95.0,94.16,89.49,95.32,5.2,22.2,Home
2003,Footscray,Port Adelaide,40.0,50.0,103.58,100.12,108.38,88.54,-4.92,11.71,0.0,80.0,100.0,100.12,108.38,88.54,-37.8,30.8,Away
2003,North Melbourne,Melbourne,56.1,46.34,101.63,103.02,106.64,103.74,-5.07,-0.72,60.0,40.0,92.2,103.02,106.64,103.74,-12.6,-28.0,Home
2003,Richmond,Collingwood,56.1,47.73,88.57,97.75,95.18,95.12,-6.61,2.63,0.0,80.0,75.4,97.75,95.18,95.12,-17.0,36.6,Away
2003,Carlton,Sydney,51.16,36.59,98.27,98.01,95.36,90.2,2.91,7.91,20.0,80.0,75.8,98.01,95.36,90.2,-39.6,27.6,Away
2003,Hawthorn,Melbourne,59.52,45.24,94.01,102.92,95.29,103.71,-1.28,-0.79,80.0,40.0,98.4,102.92,95.29,103.71,25.4,-17.4,Home
2003,Essendon,Brisbane Lions,78.72,53.49,108.78,112.34,85.13,89.39,23.91,23.2,40.0,40.0,92.8,112.34,85.13,89.39,0.2,-4.4,Home
2003,Port Adelaide,West Coast,72.09,23.81,100.21,97.15,88.59,106.23,11.75,-9.31,80.0,60.0,97.4,97.15,88.59,106.23,28.8,37.2,Home
2003,Geelong,Footscray,51.22,39.02,90.71,103.45,96.46,108.38,-5.83,-5.05,60.0,0.0,90.2,103.45,96.46,108.38,-1.4,-38.6,Away
2003,St Kilda,North Melbourne,29.27,46.51,84.57,101.62,113.02,106.49,-29.18,-4.93,20.0,60.0,70.6,101.62,113.02,106.49,-39.6,-13.4,Home
2003,Fremantle,Adelaide,53.66,46.51,86.79,99.0,106.99,93.68,-20.2,5.32,40.0,80.0,70.4,99.0,106.99,93.68,-20.2,35.8,Home
2003,West Coast,Hawthorn,57.5,47.73,96.58,94.23,106.33,95.41,-9.99,-1.18,60.0,80.0,111.4,94.23,106.33,95.41,24.4,25.8,Home
2003,North Melbourne,Geelong,57.14,39.02,101.92,90.59,106.79,96.49,-4.93,-5.98,40.0,40.0,88.2,90.59,106.79,96.49,-15.0,-13.0,Home
2003,Melbourne,Essendon,56.82,61.9,102.95,108.61,103.82,85.14,-0.86,23.73,40.0,60.0,99.6,108.61,103.82,85.14,-7.6,12.6,Away
2003,Footscray,Richmond,39.02,39.53,103.4,88.26,108.05,95.6,-4.77,-7.34,20.0,0.0,84.6,88.26,108.05,95.6,-35.0,-30.2,Away
2003,Brisbane Lions,Port Adelaide,86.96,51.16,112.04,100.37,89.44,88.15,22.85,12.36,40.0,80.0,89.2,100.37,89.44,88.15,-5.0,31.8,Away
2003,Sydney,Fremantle,63.41,15.0,98.22,86.84,90.12,106.78,8.2,-19.94,80.0,60.0,101.2,86.84,90.12,106.78,23.0,-10.2,Home
2003,Collingwood,Carlton,52.5,39.53,98.14,98.1,94.73,95.59,3.41,2.52,80.0,20.0,107.0,98.1,94.73,95.59,39.2,-37.8,Home
2003,Adelaide,St Kilda,64.29,12.5,98.9,85.15,93.65,113.2,5.24,-28.75,80.0,20.0,96.4,85.15,93.65,113.2,36.6,-39.6,Home
2003,Footscray,Melbourne,38.1,44.19,103.3,102.59,108.61,103.64,-5.44,-1.05,20.0,40.0,91.0,102.59,108.61,103.64,-34.2,3.6,Home
2003,Carlton,Essendon,50.0,62.79,97.69,108.38,96.03,84.99,1.66,23.66,0.0,80.0,71.4,108.38,96.03,84.99,-53.8,17.6,Away
2003,Fremantle,Richmond,54.76,40.91,86.96,89.03,106.83,95.59,-19.87,-6.56,40.0,20.0,77.8,89.03,106.83,95.59,-16.2,-16.8,Home
2003,Geelong,Collingwood,50.0,48.89,90.54,98.57,96.58,94.35,-6.12,4.22,40.0,100.0,86.2,98.57,96.58,94.35,-13.4,60.4,Away
2003,Brisbane Lions,North Melbourne,85.11,45.45,111.95,101.94,89.6,106.55,22.59,-4.66,40.0,40.0,91.6,101.94,89.6,106.55,8.6,-13.0,Home
2003,Adelaide,Sydney,65.12,38.1,99.4,98.37,93.56,90.2,5.84,8.27,80.0,80.0,97.4,98.37,93.56,90.2,33.4,13.0,Home
2003,Hawthorn,Port Adelaide,60.47,52.27,93.64,100.41,95.44,88.32,-1.81,12.23,60.0,80.0,97.6,100.41,95.44,88.32,8.0,23.6,Away
2003,St Kilda,West Coast,30.95,23.26,85.16,96.6,113.55,105.56,-29.1,-9.18,20.0,60.0,84.8,96.6,113.55,105.56,-42.6,21.8,Home
2003,Melbourne,Geelong,55.56,38.1,102.34,90.33,103.61,96.59,-1.27,-6.33,20.0,40.0,89.6,90.33,103.61,96.59,-9.0,-11.0,Away
2003,Collingwood,Brisbane Lions,53.66,52.27,98.55,112.22,94.1,89.53,4.45,22.93,100.0,40.0,117.6,112.22,94.1,89.53,56.6,10.8,Away
2003,West Coast,Adelaide,58.54,45.45,96.25,99.38,105.82,93.56,-9.81,5.82,40.0,80.0,97.2,99.38,105.82,93.56,7.8,25.8,Away
2003,Sydney,Hawthorn,64.29,46.67,98.31,93.48,90.28,95.31,8.12,-1.83,80.0,40.0,104.6,93.48,90.28,95.31,20.0,1.2,Away
2003,Richmond,St Kilda,54.76,12.2,88.94,85.67,95.69,113.0,-6.75,-28.0,20.0,40.0,87.8,85.67,95.69,113.0,-12.8,-22.0,Away
2003,Port Adelaide,Carlton,72.73,38.64,100.22,97.22,88.22,95.97,12.14,1.26,80.0,0.0,95.8,97.22,88.22,95.97,16.6,-52.2,Home
2003,Essendon,Footscray,79.17,40.48,108.18,103.27,84.67,108.27,23.77,-5.12,80.0,40.0,88.0,103.27,84.67,108.27,17.2,-21.4,Home
2003,North Melbourne,Fremantle,58.14,14.63,101.73,87.17,106.9,106.52,-5.23,-19.36,40.0,60.0,93.0,87.17,106.9,106.52,-22.0,-5.6,Away
2003,Collingwood,Adelaide,52.38,46.67,98.14,99.28,94.18,93.26,3.95,6.02,80.0,80.0,104.8,99.28,94.18,93.26,33.6,25.0,Home
2003,Carlton,St Kilda,48.89,14.29,97.04,86.19,96.29,112.26,0.76,-26.7,0.0,60.0,70.8,86.19,96.29,112.26,-59.6,7.6,Away
2003,Geelong,West Coast,48.84,22.73,90.26,95.91,95.99,105.65,-5.8,-9.98,40.0,40.0,85.0,95.91,95.99,105.65,-3.4,4.6,Draw
2003,North Melbourne,Hawthorn,56.82,47.83,101.69,93.67,106.81,95.29,-5.18,-1.62,40.0,40.0,102.6,93.67,106.81,95.29,-7.0,-9.6,Away
2003,Port Adelaide,Melbourne,73.33,43.18,100.5,101.7,88.14,103.39,12.49,-1.69,100.0,0.0,107.0,101.7,88.14,103.39,25.6,-18.2,Home
2003,Brisbane Lions,Sydney,85.42,37.21,112.1,98.24,89.24,90.51,23.11,7.82,60.0,60.0,104.0,98.24,89.24,90.51,19.2,15.0,Away
2003,Essendon,Richmond,79.59,40.0,108.6,88.5,84.62,96.08,24.24,-7.58,80.0,20.0,93.6,88.5,84.62,96.08,17.0,-23.2,Home
2003,Fremantle,Footscray,55.81,39.53,87.31,103.0,106.42,108.72,-19.12,-5.86,60.0,40.0,89.8,103.0,106.42,108.72,-6.0,-20.6,Home
2003,Hawthorn,Carlton,59.09,37.78,93.85,96.8,95.3,97.05,-1.45,-0.25,60.0,0.0,91.0,96.8,95.3,97.05,-4.4,-54.6,Home
2003,Essendon,Fremantle,80.0,16.67,108.43,87.84,84.29,106.08,24.4,-18.24,100.0,80.0,102.2,87.84,84.29,106.08,33.0,13.4,Home
2003,Adelaide,North Melbourne,65.91,44.44,98.97,101.62,93.42,106.84,5.54,-5.28,60.0,20.0,98.4,101.62,93.42,106.84,9.4,-11.2,Away
2003,Brisbane Lions,Geelong,83.67,39.53,111.71,89.94,89.24,95.61,22.71,-5.8,40.0,20.0,100.6,89.94,89.24,95.61,14.0,-4.2,Home
2003,Sydney,Collingwood,62.79,50.0,98.15,98.25,90.34,93.92,7.9,4.33,60.0,80.0,100.4,98.25,90.34,93.92,7.6,32.8,Away
2003,St Kilda,Footscray,32.56,38.64,87.12,102.7,111.83,109.0,-25.3,-6.45,80.0,40.0,128.4,102.7,111.83,109.0,36.0,-28.8,Home
2003,Richmond,Port Adelaide,53.49,53.33,88.1,100.63,96.03,88.25,-7.93,12.51,20.0,100.0,80.2,100.63,96.03,88.25,-30.2,25.4,Away
2003,West Coast,Melbourne,57.14,42.22,95.53,101.66,105.16,103.48,-9.98,-1.82,20.0,0.0,69.0,101.66,105.16,103.48,-18.6,-19.6,Home
2003,Collingwood,Essendon,53.49,63.64,98.26,108.68,93.78,84.17,4.48,24.78,80.0,100.0,100.2,108.68,93.78,84.17,22.6,43.4,Home
2003,Geelong,St Kilda,47.73,16.28,89.9,87.21,95.92,110.89,-6.16,-24.24,20.0,80.0,78.4,87.21,95.92,110.89,-8.0,48.0,Home
2003,Melbourne,Sydney,54.35,38.64,101.54,97.95,103.91,90.44,-2.37,7.6,0.0,40.0,77.0,97.95,103.91,90.44,-28.6,-2.2,Away
2003,Footscray,Brisbane Lions,39.53,53.33,101.88,111.83,108.84,89.21,-7.13,22.86,20.0,60.0,76.6,111.83,108.84,89.21,-45.4,23.0,Away
2003,West Coast,Fremantle,58.14,16.28,96.07,87.67,105.0,106.39,-9.25,-18.72,40.0,60.0,87.6,87.67,105.0,106.39,4.6,1.2,Away
2003,Port Adelaide,Adelaide,73.91,45.65,100.88,98.58,88.42,93.21,12.59,5.37,100.0,60.0,109.8,98.58,88.42,93.21,16.6,7.6,Home
2003,Carlton,North Melbourne,47.83,45.65,96.45,101.32,97.5,106.37,-1.05,-5.11,0.0,40.0,67.6,101.32,97.5,106.37,-63.2,-8.2,Away
2003,Richmond,Hawthorn,52.27,48.94,88.28,94.33,96.34,94.96,-8.07,-0.63,20.0,60.0,88.6,94.33,96.34,94.96,-20.4,9.0,Away
2003,Fremantle,Essendon,56.82,62.22,87.76,108.25,106.11,84.16,-18.35,24.35,80.0,80.0,101.0,108.25,106.11,84.16,6.8,36.8,Away
2003,Adelaide,West Coast,64.44,22.22,98.36,95.91,93.22,104.9,5.14,-9.3,40.0,20.0,80.2,95.91,93.22,104.9,-7.0,-9.4,Home
2003,Collingwood,Brisbane Lions,54.55,54.35,98.09,112.44,93.48,89.18,4.6,23.51,80.0,80.0,89.8,112.44,93.48,89.18,11.2,40.0,Home
2003,Port Adelaide,Sydney,74.47,40.0,100.81,97.91,88.31,90.1,12.63,7.9,100.0,40.0,107.8,97.91,88.31,90.1,19.6,1.8,Away
2003,Brisbane Lions,Adelaide,84.0,44.68,111.8,98.52,88.94,92.83,23.1,5.69,60.0,40.0,104.2,98.52,88.94,92.83,26.2,3.4,Home
2003,Port Adelaide,Essendon,72.92,63.04,100.67,108.18,88.44,83.88,12.37,24.55,80.0,80.0,108.6,108.18,88.44,83.88,16.4,38.8,Home
2003,Collingwood,Port Adelaide,55.56,54.35,97.74,100.48,93.02,87.97,4.72,12.65,80.0,80.0,83.6,100.48,93.02,87.97,9.4,15.4,Home
2003,Sydney,Brisbane Lions,61.36,53.19,97.93,111.93,90.08,88.87,7.94,23.3,60.0,60.0,91.6,111.93,90.08,88.87,5.0,26.8,Away
2003,Collingwood,Brisbane Lions,56.52,54.17,97.89,111.81,92.75,88.54,5.14,23.51,100.0,80.0,93.6,111.81,92.75,88.54,26.0,38.4,Away
2004,Richmond,Collingwood,51.11,51.06,88.12,97.74,96.14,93.19,-8.02,4.55,0.0,80.0,72.4,97.74,96.14,93.19,-33.2,8.6,Home
2004,Hawthorn,Melbourne,60.0,41.3,94.15,101.1,94.73,103.81,-0.58,-2.71,80.0,0.0,103.2,101.1,94.73,103.81,21.0,-32.0,Home
2004,Fremantle,Carlton,55.56,36.96,87.42,96.09,106.06,98.46,-18.64,-2.38,60.0,0.0,91.6,96.09,106.06,98.46,-6.6,-73.4,Home
2004,St Kilda,Geelong,34.09,38.64,86.95,89.83,110.58,95.57,-24.17,-5.87,80.0,40.0,116.8,89.83,110.58,95.57,55.6,-0.6,Home
2004,Brisbane Lions,Sydney,84.31,41.3,112.03,97.47,88.49,90.19,23.78,7.37,80.0,60.0,115.8,97.47,88.49,90.19,41.0,-0.4,Home
2004,Port Adelaide,Essendon,73.47,61.7,100.15,107.52,88.22,83.87,12.05,23.9,60.0,60.0,91.4,107.52,88.22,83.87,3.8,17.6,Home
2004,North Melbourne,Adelaide,55.56,43.75,102.25,98.34,105.9,93.16,-3.69,5.18,40.0,20.0,107.6,98.34,105.9,93.16,13.0,-9.8,Home
2004,Footscray,West Coast,38.64,21.74,101.7,95.48,109.53,104.99,-8.01,-9.84,20.0,20.0,74.8,95.48,109.53,104.99,-50.2,-8.4,Away
2004,Melbourne,Richmond,53.19,39.13,100.77,88.22,103.97,95.72,-3.2,-7.5,0.0,20.0,72.8,88.22,103.97,95.72,-37.6,-20.6,Home
2004,Collingwood,Footscray,55.32,37.78,97.32,102.09,93.23,109.91,4.08,-8.0,60.0,0.0,80.4,102.09,93.23,109.91,-3.0,-55.8,Home
2004,Adelaide,Brisbane Lions,65.22,55.1,98.08,111.71,93.75,88.39,4.34,23.56,20.0,80.0,82.2,111.71,93.75,88.39,-17.4,24.6,Away
2004,Essendon,St Kilda,80.39,15.91,107.06,87.35,84.62,110.02,22.67,-23.2,40.0,80.0,81.4,87.35,84.62,110.02,-9.4,55.6,Away
2004,West Coast,Port Adelaide,56.82,53.19,96.01,100.74,105.34,87.95,-9.65,12.93,40.0,60.0,97.8,100.74,105.34,87.95,-2.2,19.0,Away
2004,Sydney,Fremantle,60.0,18.18,97.26,87.63,90.08,105.54,7.26,-17.91,40.0,60.0,81.8,87.63,90.08,105.54,-3.6,2.6,Home
2004,Carlton,Geelong,46.81,37.78,95.7,89.51,98.55,95.87,-2.85,-6.5,0.0,40.0,68.6,89.51,98.55,95.87,-76.0,-8.0,Home
2004,Hawthorn,North Melbourne,60.87,46.81,94.41,102.75,94.47,105.56,-0.05,-2.84,100.0,60.0,111.0,102.75,94.47,105.56,31.6,38.8,Away
2004,Brisbane Lions,Collingwood,84.62,50.0,111.64,97.41,88.33,93.27,23.53,4.14,100.0,60.0,108.4,97.41,88.33,93.27,31.8,-4.4,Home
2004,North Melbourne,Carlton,56.52,36.17,102.76,95.79,105.22,98.04,-2.49,-2.25,80.0,20.0,121.8,95.79,105.22,98.04,44.8,-56.4,Home
2004,Essendon,West Coast,78.85,23.4,106.59,96.22,84.71,105.48,22.1,-9.57,20.0,40.0,66.8,96.22,84.71,105.48,-28.2,-2.8,Home
2004,Sydney,Geelong,60.87,36.96,97.31,89.08,89.87,95.96,7.52,-7.03,60.0,20.0,86.0,89.08,89.87,95.96,6.2,-26.6,Home
2004,Port Adelaide,Hawthorn,74.0,50.0,100.92,94.2,88.22,94.56,12.82,-0.36,60.0,80.0,103.0,94.2,88.22,94.56,16.4,22.4,Home
2004,Footscray,Melbourne,37.78,40.43,102.03,101.13,109.87,103.67,-8.01,-2.55,0.0,20.0,85.4,101.13,109.87,103.67,-44.2,-18.0,Away
2004,Fremantle,Adelaide,56.52,42.86,87.45,97.93,105.51,93.85,-18.05,4.07,40.0,20.0,80.8,97.93,105.51,93.85,-14.8,-19.6,Home
2004,St Kilda,Richmond,35.56,38.3,87.42,88.09,109.47,96.14,-22.55,-8.05,80.0,20.0,108.4,88.09,109.47,96.14,46.4,-16.4,Home
2004,Carlton,Essendon,47.92,60.42,95.9,106.89,98.18,85.17,-2.28,21.94,20.0,40.0,79.4,106.89,98.18,85.17,-39.2,-23.8,Away
2004,Melbourne,Port Adelaide,54.17,54.17,101.08,101.63,103.5,88.24,-2.42,13.52,40.0,80.0,90.6,101.63,103.5,88.24,-13.2,35.0,Home
2004,West Coast,Brisbane Lions,55.56,56.0,96.59,111.88,105.82,88.22,-9.53,23.89,20.0,100.0,105.8,111.88,105.82,88.22,-14.4,35.4,Home
2004,Geelong,Richmond,48.89,37.5,88.84,87.88,95.71,96.33,-7.02,-8.45,20.0,20.0,69.6,87.88,95.71,96.33,-27.8,-17.6,Home
2004,Adelaide,St Kilda,63.83,17.78,97.58,87.71,93.64,109.02,3.94,-21.79,20.0,80.0,83.2,87.71,93.64,109.02,-18.2,37.2,Away
2004,North Melbourne,Sydney,57.45,40.43,102.84,97.05,105.23,89.63,-2.41,7.51,100.0,60.0,124.8,97.05,105.23,89.63,48.6,0.6,Away
2004,Collingwood,Fremantle,56.25,17.78,97.2,87.29,93.72,105.05,3.47,-17.76,40.0,60.0,87.2,87.29,93.72,105.05,-19.4,-1.0,Away
2004,Hawthorn,Footscray,59.57,36.96,94.16,101.87,95.35,109.73,-1.2,-8.03,60.0,0.0,99.8,101.87,95.35,109.73,3.4,-35.0,Away
2004,Richmond,Adelaide,52.17,42.0,87.78,97.58,96.65,93.84,-8.87,3.74,20.0,0.0,78.8,97.58,96.65,93.84,-23.4,-32.4,Away
2004,Carlton,West Coast,46.94,22.92,95.73,96.4,98.37,105.5,-2.64,-9.4,20.0,40.0,82.6,96.4,98.37,105.5,-31.8,-11.0,Home
2004,St Kilda,North Melbourne,36.96,47.92,87.99,102.5,108.9,105.4,-21.38,-2.93,80.0,80.0,101.6,102.5,108.9,105.4,27.2,36.4,Home
2004,Brisbane Lions,Hawthorn,84.91,48.98,111.54,94.19,88.13,95.49,23.63,-1.31,80.0,40.0,106.2,94.19,88.13,95.49,26.0,-13.8,Home
2004,Sydney,Melbourne,61.7,41.67,97.31,101.32,89.42,103.16,7.97,-1.85,60.0,60.0,86.0,101.32,89.42,103.16,8.4,7.8,Away
2004,Collingwood,Essendon,55.1,61.22,96.76,106.99,93.66,85.12,3.09,22.09,20.0,40.0,75.6,106.99,93.66,85.12,-35.0,-25.2,Away
2004,Port Adelaide,Footscray,74.51,38.3,101.32,101.95,88.6,109.59,12.85,-7.81,60.0,20.0,117.2,101.95,88.6,109.59,16.6,-19.6,Home
2004,Fremantle,Geelong,57.45,36.17,87.3,89.25,104.51,95.52,-17.2,-6.41,60.0,40.0,79.2,89.25,104.51,95.52,3.0,-10.6,Home
2004,Richmond,Hawthorn,51.06,48.0,87.48,93.86,97.04,95.64,-9.56,-1.79,20.0,20.0,75.8,93.86,97.04,95.64,-37.6,-24.2,Home
2004,Essendon,Sydney,79.25,41.67,107.04,97.32,85.06,89.65,22.2,7.76,60.0,60.0,97.6,97.32,85.06,89.65,-10.8,14.8,Home
2004,North Melbourne,Footscray,56.25,37.5,102.11,101.54,105.65,109.69,-3.57,-8.33,60.0,20.0,99.6,101.54,105.65,109.69,-1.4,-13.8,Away
2004,St Kilda,Brisbane Lions,38.3,54.9,88.44,111.52,108.43,87.89,-20.43,23.87,100.0,80.0,114.6,111.52,108.43,87.89,44.0,25.6,Home
2004,West Coast,Fremantle,56.52,19.57,95.84,87.62,105.36,104.36,-9.83,-16.74,40.0,80.0,102.4,87.62,105.36,104.36,-9.6,17.0,Away
2004,Geelong,Adelaide,50.0,43.14,89.27,97.95,95.74,93.48,-6.62,4.46,20.0,20.0,79.2,97.95,95.74,93.48,-19.6,-9.0,Home
2004,Melbourne,Carlton,55.1,35.42,101.42,95.69,103.12,97.81,-1.7,-2.11,80.0,40.0,107.4,95.69,103.12,97.81,17.0,2.8,Home
2004,Port Adelaide,Collingwood,75.0,48.98,101.5,96.58,88.36,93.85,13.27,2.73,80.0,20.0,127.4,96.58,88.36,93.85,36.4,-31.6,Home
2004,Footscray,Essendon,36.96,62.0,101.74,107.05,109.79,85.18,-8.23,22.08,40.0,80.0,95.4,107.05,109.79,85.18,-12.2,10.4,Away
2004,Carlton,Collingwood,48.0,48.0,95.28,96.45,98.43,93.92,-3.15,2.53,40.0,20.0,87.4,96.45,98.43,93.92,-8.8,-27.0,Home
2004,Fremantle,St Kilda,58.33,19.57,87.57,88.48,104.03,108.24,-16.46,-20.2,80.0,100.0,86.4,88.48,104.03,108.24,9.6,32.0,Away
2004,North Melbourne,Brisbane Lions,55.1,53.85,102.29,111.33,105.8,87.92,-3.55,23.63,40.0,60.0,93.6,111.33,105.8,87.92,-16.6,25.0,Away
2004,Port Adelaide,Adelaide,75.47,42.31,101.49,97.55,88.31,93.56,13.31,3.99,80.0,20.0,116.0,97.55,88.31,93.56,20.6,-2.6,Away
2004,Sydney,Richmond,60.42,36.73,97.33,87.44,89.84,96.9,7.57,-9.45,60.0,20.0,98.6,87.44,89.84,96.9,13.2,-45.4,Away
2004,Melbourne,West Coast,56.0,22.45,102.01,95.6,102.64,105.12,-0.63,-9.83,100.0,20.0,125.4,95.6,102.64,105.12,47.8,-13.0,Home
2004,Hawthorn,Geelong,58.33,35.42,93.75,89.39,95.53,95.35,-1.78,-6.09,0.0,40.0,81.2,89.39,95.53,95.35,-34.2,1.2,Away
2004,Adelaide,Essendon,62.5,62.75,97.76,107.18,93.5,85.28,4.27,22.12,40.0,100.0,94.6,107.18,93.5,85.28,8.0,22.4,Away
2004,Richmond,Footscray,52.08,38.78,87.23,101.67,96.46,109.91,-9.22,-8.41,40.0,40.0,71.4,101.67,96.46,109.91,-31.0,-15.6,Home
2004,West Coast,Sydney,55.32,40.82,95.37,96.89,105.3,89.6,-10.24,7.36,20.0,40.0,79.8,96.89,105.3,89.6,-22.2,4.4,Home
2004,Brisbane Lions,Carlton,85.19,34.69,111.41,95.22,87.81,98.25,23.82,-3.03,60.0,40.0,106.8,95.22,87.81,98.25,29.6,-17.8,Home
2004,St Kilda,Collingwood,39.58,47.06,88.55,96.29,107.86,93.87,-19.73,2.42,100.0,0.0,108.8,96.29,107.86,93.87,29.8,-30.6,Home
2004,Hawthorn,Fremantle,57.14,21.28,93.33,87.41,95.65,103.94,-2.32,-16.53,0.0,80.0,76.8,87.41,95.65,103.94,-39.6,11.2,Home
2004,Geelong,Melbourne,51.06,42.86,89.58,102.21,94.9,102.34,-5.43,-0.13,60.0,100.0,98.8,102.21,94.9,102.34,23.2,45.8,Home
2004,North Melbourne,Port Adelaide,54.0,53.06,102.02,101.35,105.94,88.61,-3.96,12.86,20.0,60.0,88.2,101.35,105.94,88.61,-31.2,13.6,Home
2004,Collingwood,Adelaide,54.0,43.4,96.24,97.63,94.3,93.9,1.93,3.73,0.0,40.0,77.6,97.63,94.3,93.9,-28.0,-0.4,Home
2004,Melbourne,North Melbourne,56.86,46.94,102.06,102.4,102.33,105.36,-0.27,-2.99,80.0,20.0,120.8,102.4,102.33,105.36,41.0,-13.8,Home
2004,Fremantle,Brisbane Lions,57.14,54.72,87.13,111.68,103.59,87.94,-16.45,23.95,60.0,60.0,84.2,111.68,103.59,87.94,7.6,25.2,Home
2004,Geelong,Essendon,52.08,63.46,89.7,107.44,94.81,85.26,-5.22,22.39,80.0,100.0,105.6,107.44,94.81,85.26,27.2,31.4,Home
2004,Port Adelaide,Richmond,74.07,38.0,100.84,87.41,89.11,96.31,11.84,-8.9,40.0,60.0,85.2,87.41,89.11,96.31,-21.0,-17.4,Home
2004,Sydney,Hawthorn,59.18,47.06,96.89,93.1,89.95,95.31,7.01,-2.21,20.0,20.0,93.8,93.1,89.95,95.31,-2.2,-21.6,Home
2004,Carlton,Footscray,49.02,38.0,95.29,101.46,98.66,109.86,-3.38,-8.57,40.0,40.0,83.6,101.46,98.66,109.86,-24.4,-18.2,Away
2004,St Kilda,West Coast,40.82,22.0,89.06,95.66,107.69,105.21,-19.02,-9.85,100.0,40.0,113.6,95.66,107.69,105.21,30.2,-15.6,Home
2004,Essendon,Fremantle,79.63,20.83,107.35,87.64,85.59,103.33,21.96,-15.68,80.0,60.0,114.6,87.64,85.59,103.33,19.4,12.6,Home
2004,Hawthorn,Adelaide,58.0,42.59,92.96,97.31,95.16,93.65,-2.2,3.66,20.0,40.0,69.2,97.31,95.16,93.65,-19.4,2.0,Away
2004,West Coast,Richmond,56.25,37.25,95.38,87.04,105.86,96.63,-10.8,-9.59,20.0,60.0,76.2,87.04,105.86,96.63,-36.4,-23.2,Home
2004,North Melbourne,Collingwood,54.9,46.15,102.16,95.96,105.27,94.02,-3.14,1.94,20.0,20.0,95.6,95.96,105.27,94.02,-7.2,-20.6,Away
2004,Footscray,Sydney,36.17,40.0,101.49,96.72,109.54,89.84,-8.22,6.95,40.0,20.0,93.0,96.72,109.54,89.84,-15.6,-12.2,Away
2004,Melbourne,Brisbane Lions,57.69,53.7,102.0,111.37,102.09,88.39,-0.09,23.19,80.0,60.0,115.2,111.37,102.09,88.39,34.0,14.0,Away
2004,Carlton,St Kilda,48.08,21.28,95.13,89.89,98.72,107.28,-3.59,-17.76,40.0,100.0,83.4,89.89,98.72,107.28,-22.0,47.4,Away
2004,Port Adelaide,Geelong,74.55,36.73,101.1,90.01,88.73,94.84,12.48,-4.93,60.0,80.0,96.6,90.01,88.73,94.84,5.2,22.0,Home
2004,Collingwood,West Coast,54.9,21.57,95.92,95.43,93.74,105.43,2.18,-10.31,40.0,40.0,83.0,95.43,93.74,105.43,-8.6,-19.2,Home
2004,Hawthorn,Essendon,56.86,62.26,92.51,107.42,95.52,85.58,-3.01,22.04,20.0,80.0,66.2,107.42,95.52,85.58,-27.0,18.8,Away
2004,Adelaide,Carlton,61.22,34.0,97.65,95.06,93.2,99.66,4.45,-4.6,40.0,20.0,91.8,95.06,93.2,99.66,4.2,-53.4,Away
2004,North Melbourne,Richmond,53.85,36.54,101.79,86.8,105.14,96.66,-3.38,-9.86,20.0,60.0,95.6,86.8,105.14,96.66,0.4,-15.6,Home
2004,Brisbane Lions,Port Adelaide,85.45,52.0,111.47,101.24,88.35,88.95,23.34,12.4,60.0,60.0,110.4,101.24,88.35,88.95,12.4,-5.0,Home
2004,Sydney,St Kilda,60.0,22.92,96.68,90.97,89.61,107.08,7.14,-16.45,40.0,100.0,84.4,90.97,89.61,107.08,-4.6,56.0,Home
2004,Footscray,Geelong,35.42,36.0,101.14,90.23,109.37,95.05,-8.4,-4.92,40.0,80.0,93.6,90.23,109.37,95.05,-9.8,26.4,Away
2004,Fremantle,Melbourne,58.0,42.0,87.62,101.82,103.44,102.29,-15.83,-0.48,40.0,60.0,87.6,101.82,103.44,102.29,1.4,23.6,Away
2004,Carlton,Hawthorn,47.17,46.15,95.02,92.39,99.54,96.09,-4.52,-3.69,40.0,20.0,89.8,92.39,99.54,96.09,-31.6,-41.6,Home
2004,Footscray,St Kilda,34.69,22.45,100.8,90.82,109.41,107.13,-8.79,-16.65,20.0,80.0,83.0,90.82,109.41,107.13,-19.2,48.6,Home
2004,Essendon,Brisbane Lions,80.0,54.55,107.84,111.58,85.53,88.32,22.52,23.46,80.0,80.0,124.4,111.58,85.53,88.32,31.6,20.0,Away
2004,West Coast,Adelaide,57.14,43.64,95.23,97.55,105.31,93.18,-10.39,4.37,40.0,40.0,88.0,97.55,105.31,93.18,-20.8,12.0,Home
2004,Port Adelaide,Sydney,75.0,41.18,101.09,96.83,89.27,89.48,11.93,7.43,40.0,60.0,93.0,96.83,89.27,89.48,-15.8,4.6,Home
2004,Richmond,Fremantle,53.06,20.41,86.74,87.36,97.23,103.34,-10.49,-15.98,40.0,20.0,73.0,87.36,97.23,103.34,-30.6,-6.8,Away
2004,Geelong,North Melbourne,53.06,46.0,90.46,102.3,94.77,104.89,-4.4,-2.62,80.0,40.0,110.8,102.3,94.77,104.89,27.0,15.4,Home
2004,Melbourne,Collingwood,56.6,47.17,101.73,95.9,101.9,93.56,-0.17,2.33,60.0,60.0,96.2,95.9,101.9,93.56,8.8,-1.6,Home
2004,St Kilda,Hawthorn,42.0,45.28,90.71,92.35,107.09,96.12,-16.71,-3.77,60.0,20.0,131.8,92.35,107.09,96.12,39.4,-32.8,Home
2004,Geelong,Brisbane Lions,54.0,55.36,90.5,112.03,94.66,88.39,-4.25,23.85,80.0,80.0,108.0,112.03,94.66,88.39,17.8,24.4,Home
2004,Richmond,Carlton,52.0,35.29,86.58,95.07,97.07,99.43,-10.49,-4.36,20.0,40.0,73.8,95.07,97.07,99.43,-35.2,-31.0,Away
2004,Fremantle,Port Adelaide,56.86,50.98,87.3,101.38,103.02,89.0,-15.72,12.5,40.0,60.0,85.2,101.38,103.02,89.0,-0.2,5.0,Away
2004,North Melbourne,West Coast,54.72,21.15,102.12,95.35,104.79,105.02,-2.69,-9.96,40.0,60.0,104.2,95.35,104.79,105.02,22.2,-4.6,Home
2004,Essendon,Melbourne,78.57,43.14,107.74,101.54,86.23,101.63,21.71,-0.09,60.0,60.0,119.4,101.54,86.23,101.63,13.2,0.8,Away
2004,Adelaide,Footscray,60.0,39.22,97.35,100.82,93.32,109.12,4.03,-8.46,20.0,40.0,89.0,100.82,93.32,109.12,-0.8,-9.4,Home
2004,Sydney,Collingwood,60.78,46.3,96.48,95.68,89.89,93.45,6.65,2.23,60.0,60.0,88.4,95.68,89.89,93.45,-7.2,-1.6,Home
2004,Essendon,North Melbourne,77.19,45.1,107.39,102.18,86.31,104.5,21.27,-2.35,40.0,40.0,106.2,102.18,86.31,104.5,-2.2,10.4,Away
2004,Carlton,Sydney,48.15,40.38,95.34,96.37,99.37,89.79,-4.03,6.64,60.0,80.0,96.4,96.37,99.37,89.79,-17.2,-0.6,Away
2004,Collingwood,Hawthorn,55.77,44.44,95.52,92.06,93.37,96.42,2.15,-4.36,60.0,0.0,81.0,92.06,93.37,96.42,6.6,-47.8,Home
2004,Brisbane Lions,Richmond,85.71,35.85,111.61,86.64,88.42,97.33,23.39,-10.68,60.0,0.0,110.2,86.64,88.42,97.33,11.4,-46.0,Home
2004,West Coast,Geelong,58.0,37.25,95.16,90.51,105.05,94.37,-10.19,-3.94,40.0,80.0,85.2,90.51,105.05,94.37,-16.6,20.4,Home
2004,St Kilda,Port Adelaide,43.14,51.92,91.07,101.48,106.63,89.12,-15.88,12.47,60.0,80.0,129.6,101.48,106.63,89.12,43.2,25.4,Away
2004,Footscray,Fremantle,36.0,22.0,100.82,87.44,109.35,103.11,-8.7,-15.67,40.0,40.0,88.4,87.44,109.35,103.11,-11.2,-0.4,Away
2004,Adelaide,Melbourne,60.78,44.23,97.68,101.48,93.39,101.32,4.29,0.16,40.0,80.0,98.8,101.48,93.39,101.32,15.8,8.8,Home
2004,Collingwood,Geelong,56.6,36.54,95.94,90.11,93.2,93.95,2.73,-3.92,60.0,60.0,95.4,90.11,93.2,93.95,19.0,15.4,Away
2004,Hawthorn,West Coast,55.77,20.75,91.9,94.73,96.82,104.51,-4.93,-10.07,0.0,60.0,70.2,94.73,96.82,104.51,-60.6,4.0,Away
2004,Richmond,Essendon,50.98,62.96,86.73,107.13,97.49,86.43,-10.75,20.89,0.0,40.0,80.6,107.13,97.49,86.43,-34.0,-1.8,Away
2004,Sydney,Adelaide,61.54,42.86,96.35,98.12,89.73,93.2,6.68,4.92,80.0,60.0,89.0,98.12,89.73,93.2,1.4,30.8,Home
2004,Fremantle,North Melbourne,55.77,46.15,87.73,102.16,102.84,104.26,-15.12,-2.12,40.0,60.0,89.4,102.16,102.84,104.26,-4.0,18.2,Away
2004,Brisbane Lions,Footscray,85.96,38.46,111.63,100.58,88.49,109.43,23.35,-9.02,80.0,20.0,117.4,100.58,88.49,109.43,26.8,-24.4,Home
2004,Melbourne,St Kilda,57.41,22.0,101.21,90.64,101.73,106.5,-0.51,-16.18,60.0,40.0,85.2,90.64,101.73,106.5,-9.2,13.8,Home
2004,Port Adelaide,Carlton,75.44,36.54,101.4,95.23,88.74,99.33,12.78,-4.09,80.0,60.0,107.8,95.23,88.74,99.33,19.0,-14.4,Home
2004,West Coast,Essendon,58.82,63.64,94.65,107.56,104.3,86.35,-9.93,21.4,60.0,40.0,79.0,107.56,104.3,86.35,-2.6,7.8,Home
2004,Carlton,North Melbourne,47.27,47.17,94.72,102.1,99.55,104.03,-4.82,-1.94,60.0,80.0,87.8,102.1,99.55,104.03,-9.4,27.0,Home
2004,Richmond,St Kilda,50.0,21.57,86.64,90.62,98.03,106.88,-11.39,-16.58,0.0,20.0,83.4,90.62,98.03,106.88,-42.2,-19.2,Away
2004,Collingwood,Brisbane Lions,55.56,54.39,95.65,111.84,93.21,88.31,2.44,23.74,40.0,80.0,90.0,111.84,93.21,88.31,7.8,32.4,Away
2004,Adelaide,Fremantle,61.54,23.53,97.63,87.64,92.88,102.78,4.75,-15.13,40.0,40.0,97.2,87.64,92.88,102.78,11.0,-1.4,Away
2004,Geelong,Sydney,54.9,41.51,90.14,95.99,93.67,89.31,-3.6,6.74,80.0,80.0,88.4,95.99,93.67,89.31,22.0,-1.2,Home
2004,Melbourne,Footscray,58.18,37.74,101.63,100.27,101.61,109.68,0.02,-9.6,80.0,20.0,97.8,100.27,101.61,109.68,10.2,-32.8,Home
2004,Hawthorn,Port Adelaide,54.72,52.83,91.81,101.59,96.72,88.3,-4.92,13.42,0.0,80.0,77.2,101.59,96.72,88.3,-44.2,34.8,Away
2004,St Kilda,Essendon,42.31,62.5,90.76,107.25,106.44,86.61,-15.99,20.82,40.0,20.0,89.6,107.25,106.44,86.61,-3.2,-15.8,Home
2004,North Melbourne,Hawthorn,55.56,43.64,101.73,91.45,103.71,96.8,-2.0,-5.35,60.0,0.0,90.0,91.45,103.71,96.8,10.6,-39.8,Home
2004,Fremantle,Sydney,54.72,40.74,87.69,95.67,102.56,89.2,-14.88,6.54,60.0,60.0,94.2,95.67,102.56,89.2,7.2,-11.4,Home
2004,Brisbane Lions,Adelaide,86.21,42.11,111.82,97.47,88.18,92.87,23.84,4.6,80.0,40.0,117.2,97.47,88.18,92.87,32.2,9.4,Home
2004,Footscray,Collingwood,35.29,45.45,99.84,95.45,109.52,93.35,-9.87,2.09,20.0,20.0,80.6,95.45,109.52,93.35,-31.2,-3.0,Away
2004,Port Adelaide,West Coast,75.86,22.22,101.62,94.86,87.98,104.0,13.77,-9.41,100.0,80.0,113.0,94.86,87.98,104.0,52.6,9.8,Home
2004,Geelong,Carlton,55.77,35.85,90.02,94.5,93.37,99.2,-3.42,-4.71,80.0,60.0,81.2,94.5,93.37,99.2,15.8,-8.6,Home
2004,Richmond,Melbourne,49.06,43.4,86.4,101.55,98.09,101.18,-11.69,0.37,0.0,80.0,79.6,101.55,98.09,101.18,-36.2,11.6,Away
2004,Adelaide,North Melbourne,60.38,46.3,97.03,102.11,93.74,103.34,3.29,-1.24,40.0,80.0,90.2,102.11,93.74,103.34,-12.4,28.6,Home
2004,Carlton,Fremantle,48.21,25.0,94.31,87.97,99.49,102.45,-5.18,-14.48,40.0,60.0,78.4,87.97,99.49,102.45,-22.4,10.6,Away
2004,Collingwood,Richmond,54.55,35.19,95.62,86.25,93.11,98.35,2.51,-12.1,40.0,0.0,94.4,86.25,93.11,98.35,8.6,-45.4,Home
2004,Essendon,Port Adelaide,75.86,53.7,107.12,101.63,86.97,87.88,20.33,13.88,20.0,100.0,93.6,101.63,86.97,87.88,-9.6,43.4,Home
2004,Sydney,Brisbane Lions,62.26,55.17,95.63,112.48,89.46,87.84,6.22,24.85,60.0,80.0,78.2,112.48,89.46,87.84,-2.4,47.2,Home
2004,Geelong,St Kilda,56.6,23.08,90.41,91.1,93.19,106.3,-2.84,-15.5,80.0,60.0,88.6,91.1,93.19,106.3,25.2,8.4,Home
2004,Melbourne,Hawthorn,58.93,42.86,101.77,91.19,100.9,97.22,0.87,-6.03,80.0,0.0,106.6,91.19,100.9,97.22,21.0,-53.4,Home
2004,West Coast,Footscray,59.62,37.04,94.68,99.52,103.98,109.58,-9.57,-10.25,60.0,0.0,81.0,99.52,103.98,109.58,-1.8,-45.6,Home
2004,Fremantle,Collingwood,55.56,46.43,88.19,95.69,102.08,93.15,-13.9,2.54,80.0,60.0,103.4,95.69,102.08,93.15,22.2,10.8,Away
2004,St Kilda,Adelaide,43.4,41.38,91.13,96.6,106.25,93.28,-15.41,3.32,40.0,40.0,92.4,96.6,106.25,93.28,-6.2,-17.4,Home
2004,Essendon,Carlton,76.27,35.19,107.22,94.03,86.9,99.59,20.5,-5.57,40.0,20.0,103.6,94.03,86.9,99.59,3.6,-38.2,Away
2004,Footscray,Hawthorn,34.62,42.11,99.12,90.94,109.54,97.31,-10.62,-6.37,0.0,0.0,64.4,90.94,109.54,97.31,-49.0,-49.0,Away
2004,Sydney,North Melbourne,62.96,45.45,95.51,101.56,89.11,102.85,6.46,-1.29,60.0,60.0,77.8,101.56,89.11,102.85,2.8,20.6,Away
2004,Brisbane Lions,West Coast,86.44,21.82,111.96,94.79,87.8,103.55,24.37,-9.01,80.0,80.0,119.8,94.79,87.8,103.55,46.2,14.6,Away
2004,Richmond,Geelong,48.15,37.74,86.36,90.5,98.39,93.2,-12.04,-2.74,0.0,80.0,80.4,90.5,98.39,93.2,-40.2,21.2,Away
2004,Port Adelaide,Melbourne,76.27,44.44,101.43,101.82,88.15,100.56,13.4,1.26,80.0,80.0,100.4,101.82,88.15,100.56,33.4,24.6,Home
2004,Essendon,Collingwood,75.0,47.37,106.79,95.78,86.79,92.97,20.18,2.81,40.0,60.0,99.2,95.78,86.79,92.97,4.4,4.4,Home
2004,Geelong,Fremantle,57.41,26.42,90.72,88.05,93.1,102.12,-2.42,-14.07,100.0,60.0,103.4,88.05,93.1,102.12,27.8,7.4,Home
2004,Hawthorn,Brisbane Lions,53.7,54.24,91.2,111.63,97.41,87.79,-6.21,24.04,20.0,60.0,76.2,111.63,97.41,87.79,-33.8,39.8,Away
2004,Melbourne,Sydney,59.65,40.0,101.38,95.66,100.78,89.37,0.6,6.35,80.0,40.0,104.8,95.66,100.78,89.37,24.4,-0.6,Away
2004,Footscray,Port Adelaide,33.96,52.73,99.21,101.63,109.64,87.83,-10.62,13.92,0.0,80.0,71.0,101.63,109.64,87.83,-43.0,38.8,Away
2004,Adelaide,Richmond,61.11,34.55,96.35,86.33,93.26,98.54,3.09,-12.21,20.0,0.0,58.0,86.33,93.26,98.54,-36.4,-42.8,Home
2004,North Melbourne,St Kilda,56.36,22.64,101.71,91.13,102.93,105.9,-1.23,-15.05,60.0,60.0,92.2,91.13,102.93,105.9,17.6,7.6,Away
2004,West Coast,Carlton,60.38,36.36,94.72,93.85,103.27,99.21,-8.79,-5.37,80.0,40.0,94.4,93.85,103.27,99.21,17.0,-32.6,Home
2004,Collingwood,Port Adelaide,55.36,53.57,95.7,102.03,93.22,87.6,2.48,14.55,60.0,80.0,96.8,102.03,93.22,87.6,3.4,39.4,Away
2004,Carlton,Melbourne,47.37,43.64,93.45,100.88,99.32,100.48,-5.87,0.41,40.0,60.0,66.0,100.88,99.32,100.48,-28.4,8.8,Home
2004,Adelaide,Geelong,61.82,38.89,96.71,90.58,93.19,92.48,3.52,-1.93,40.0,100.0,76.6,90.58,93.19,92.48,-23.4,32.0,Home
2004,Footscray,North Melbourne,33.33,46.43,98.86,101.66,109.98,103.32,-11.33,-1.68,0.0,40.0,69.6,101.66,109.98,103.32,-46.6,4.0,Home
2004,Sydney,Essendon,61.82,61.4,95.41,106.92,88.98,86.79,6.48,20.3,40.0,40.0,83.0,106.92,88.98,86.79,1.0,-4.4,Home
2004,Brisbane Lions,St Kilda,85.0,24.07,111.25,91.65,87.42,105.81,24.03,-14.42,60.0,80.0,97.6,91.65,87.42,105.81,30.8,29.2,Home
2004,Hawthorn,Richmond,52.73,33.93,90.77,86.32,97.13,98.89,-6.36,-12.57,20.0,0.0,68.4,86.32,97.13,98.89,-37.6,-37.6,Home
2004,Fremantle,West Coast,54.55,23.21,87.47,94.86,101.87,102.77,-14.4,-8.13,60.0,80.0,83.8,94.86,101.87,102.77,0.8,28.6,Away
2004,Collingwood,Carlton,54.39,35.71,95.48,93.45,93.34,98.99,2.14,-5.54,60.0,40.0,96.2,93.45,93.34,98.99,3.2,-23.8,Away
2004,Richmond,Sydney,47.27,41.07,86.32,95.54,98.98,88.99,-12.66,6.6,0.0,60.0,84.6,95.54,98.98,88.99,-33.4,8.0,Away
2004,West Coast,Melbourne,61.11,42.86,94.85,100.54,102.25,100.41,-7.61,0.13,80.0,40.0,94.6,100.54,102.25,100.41,29.4,-5.0,Home
2004,St Kilda,Fremantle,44.44,25.93,91.59,87.08,106.03,101.79,-14.71,-14.71,60.0,40.0,108.8,87.08,106.03,101.79,11.4,-11.2,Home
2004,Brisbane Lions,North Melbourne,85.25,45.61,111.4,101.7,87.4,103.61,24.21,-1.93,60.0,40.0,101.8,101.7,87.4,103.61,32.6,-0.4,Home
2004,Adelaide,Port Adelaide,62.5,54.39,96.82,102.07,93.14,87.45,3.68,14.74,60.0,80.0,82.4,102.07,93.14,87.45,-16.6,36.4,Away
2004,Essendon,Footscray,75.41,36.36,106.77,99.2,86.98,109.95,19.96,-10.94,40.0,20.0,95.8,99.2,86.98,109.95,0.4,-33.0,Home
2004,Geelong,Hawthorn,58.18,43.1,90.55,90.93,92.63,97.04,-2.12,-6.11,80.0,40.0,101.6,90.93,92.63,97.04,24.6,-22.6,Home
2004,Brisbane Lions,St Kilda,85.48,23.64,111.89,91.77,87.15,105.82,24.94,-14.31,60.0,60.0,98.0,91.77,87.15,105.82,27.0,10.2,Home
2004,Melbourne,Essendon,58.62,60.34,100.25,106.82,100.47,87.06,-0.22,19.93,20.0,60.0,66.8,106.82,100.47,87.06,-24.2,10.8,Away
2004,Sydney,West Coast,62.5,24.56,95.65,94.96,88.59,101.94,7.12,-7.17,80.0,100.0,96.0,94.96,88.59,101.94,26.2,42.6,Home
2004,Port Adelaide,Geelong,76.67,38.18,101.92,90.84,87.22,92.32,14.83,-1.5,80.0,80.0,108.6,90.84,87.22,92.32,36.2,26.2,Home
2004,St Kilda,Sydney,45.45,42.11,91.57,95.46,106.21,88.11,-14.91,7.42,60.0,80.0,100.8,95.46,106.21,88.11,-4.4,28.0,Home
2004,Geelong,Essendon,58.93,61.02,90.58,106.8,92.54,87.16,-1.99,19.81,60.0,60.0,92.2,106.8,92.54,87.16,13.8,3.8,Home
2004,Port Adelaide,St Kilda,77.05,23.21,102.05,91.71,87.01,105.76,15.17,-14.31,100.0,60.0,116.2,91.71,87.01,105.76,55.2,1.2,Home
2004,Brisbane Lions,Geelong,85.71,37.5,112.19,90.43,87.0,92.28,25.39,-1.88,80.0,60.0,117.6,90.43,87.0,92.28,49.4,9.6,Home
2004,Port Adelaide,Brisbane Lions,77.42,55.0,101.98,111.96,87.02,86.9,15.09,25.26,100.0,100.0,110.0,111.96,87.02,86.9,41.8,54.0,Home
2005,Brisbane Lions,St Kilda,85.94,22.81,111.65,91.67,87.11,105.65,24.73,-14.23,80.0,40.0,121.2,91.67,87.11,105.65,41.4,-10.2,Home
2005,North Melbourne,Carlton,55.36,36.84,101.31,93.57,104.19,99.06,-2.91,-5.49,20.0,60.0,83.8,93.57,104.19,99.06,-39.0,-12.2,Home
2005,Melbourne,Essendon,57.63,60.0,100.24,106.45,100.5,87.05,-0.26,19.56,0.0,60.0,65.2,106.45,100.5,87.05,-34.0,5.2,Home
2005,Fremantle,Port Adelaide,53.57,55.17,87.05,102.07,101.88,86.9,-14.84,15.3,20.0,100.0,67.4,102.07,101.88,86.9,-22.4,32.6,Home
2005,Sydney,Hawthorn,63.16,42.37,95.12,90.64,88.28,97.26,6.9,-6.62,80.0,40.0,83.2,90.64,88.28,97.26,19.0,-19.6,Home
2005,Richmond,Geelong,46.43,36.84,85.95,90.3,99.06,92.21,-13.12,-1.95,0.0,40.0,79.4,90.3,99.06,92.21,-35.0,-2.2,Away
2005,Adelaide,West Coast,61.4,24.14,96.5,94.42,93.07,101.7,3.43,-7.48,60.0,80.0,84.8,94.42,93.07,101.7,6.6,24.6,Away
2005,Collingwood,Footscray,53.45,35.71,95.58,99.17,93.47,109.97,2.11,-11.0,40.0,20.0,94.6,99.17,93.47,109.97,-6.8,-26.6,Away
2005,Carlton,Essendon,48.28,59.02,93.5,106.05,99.11,87.18,-5.61,19.02,60.0,40.0,81.8,106.05,99.11,87.18,-6.6,-10.8,Home
2005,Footscray,Melbourne,34.55,42.11,99.29,100.26,109.71,100.13,-10.61,0.14,40.0,20.0,102.8,100.26,109.71,100.13,-10.4,-10.2,Away
2005,North Melbourne,Sydney,56.14,41.38,101.34,95.32,104.03,87.99,-2.71,7.39,40.0,80.0,96.4,95.32,104.03,87.99,-33.6,27.4,Home
2005,West Coast,Geelong,61.82,37.93,94.15,90.9,101.27,92.26,-7.32,-1.38,80.0,60.0,81.8,90.9,101.27,92.26,24.0,14.6,Home
2005,Port Adelaide,Brisbane Lions,77.78,54.1,101.67,111.68,86.91,87.16,14.88,24.72,80.0,80.0,92.4,111.68,86.91,87.16,18.2,37.0,Home
2005,St Kilda,Fremantle,46.43,25.45,91.68,87.05,105.75,101.45,-14.31,-14.39,40.0,20.0,93.8,87.05,105.75,101.45,-5.8,-25.0,Home
2005,Collingwood,Adelaide,52.54,40.68,95.44,96.13,93.62,92.82,1.82,3.31,20.0,40.0,90.0,96.13,93.62,92.82,-14.2,3.0,Away
2005,Hawthorn,Richmond,53.57,33.33,90.34,86.05,97.44,99.6,-7.1,-13.54,40.0,0.0,77.0,86.05,97.44,99.6,-23.4,-46.4,Away
2005,Melbourne,Geelong,58.33,37.29,100.58,90.66,100.22,92.19,0.36,-1.56,40.0,40.0,93.6,90.66,100.22,92.19,-0.8,-2.8,Home
2005,Carlton,Collingwood,49.15,46.55,93.64,95.27,99.17,93.52,-5.53,1.75,60.0,0.0,89.0,95.27,99.17,93.52,-9.2,-22.0,Away
2005,St Kilda,North Melbourne,47.37,44.83,91.4,101.17,105.33,103.64,-14.18,-2.49,40.0,40.0,83.2,101.17,105.33,103.64,-11.4,-30.2,Away
2005,Brisbane Lions,Sydney,86.15,40.68,111.38,95.01,87.06,87.94,24.51,7.13,60.0,60.0,99.0,95.01,87.06,87.94,14.0,18.8,Away
2005,Fremantle,West Coast,54.39,25.42,86.8,94.06,101.07,100.93,-14.27,-7.05,20.0,80.0,59.8,94.06,101.07,100.93,-18.6,16.0,Away
2005,Adelaide,Port Adelaide,60.34,54.24,96.0,101.46,92.67,86.8,3.33,14.78,60.0,80.0,88.2,101.46,92.67,86.8,8.8,13.6,Home
2005,Essendon,Hawthorn,75.81,41.67,106.05,90.32,87.36,97.49,18.84,-7.16,40.0,20.0,88.8,90.32,87.36,97.49,-7.6,-28.4,Home
2005,Footscray,Richmond,33.93,34.48,99.39,86.2,109.95,99.5,-10.75,-13.3,40.0,20.0,103.2,86.2,109.95,99.5,-13.4,-37.4,Away
2005,North Melbourne,Collingwood,56.9,47.46,101.16,95.55,103.55,93.64,-2.41,1.91,60.0,20.0,90.0,95.55,103.55,93.64,-18.6,-11.2,Home
2005,Hawthorn,Brisbane Lions,52.63,53.23,90.19,111.14,97.31,87.06,-7.12,24.27,20.0,40.0,77.2,111.14,97.31,87.06,-24.2,-3.2,Home
2005,West Coast,Footscray,62.5,36.84,94.01,99.25,100.75,109.75,-6.92,-10.69,80.0,40.0,75.4,99.25,100.75,109.75,8.0,3.0,Home
2005,Geelong,Essendon,59.65,58.06,90.44,105.82,92.38,87.26,-1.97,18.7,40.0,40.0,87.4,105.82,92.38,87.26,-1.4,-10.6,Home
2005,Port Adelaide,Carlton,78.12,36.21,101.09,93.76,87.1,99.42,14.11,-5.65,60.0,60.0,78.2,93.76,87.1,99.42,-11.0,-0.8,Draw
2005,Sydney,Adelaide,63.79,41.67,94.94,96.24,87.88,92.36,7.12,3.87,60.0,60.0,79.0,96.24,87.88,92.36,7.2,12.0,Away
2005,Richmond,Fremantle,45.61,25.0,86.22,86.74,99.37,100.96,-13.16,-14.22,40.0,20.0,83.8,86.74,99.37,100.96,-26.2,-10.2,Home
2005,St Kilda,Melbourne,46.55,43.1,91.41,100.69,105.28,99.93,-14.11,0.76,40.0,60.0,88.0,100.69,105.28,99.93,3.2,15.0,Home
2005,Port Adelaide,Geelong,76.92,36.67,101.15,90.79,87.27,92.23,14.11,-1.47,40.0,40.0,81.2,90.79,87.27,92.23,-12.2,7.8,Away
2005,North Melbourne,Hawthorn,57.63,40.98,101.09,90.4,103.43,97.08,-2.36,-6.67,80.0,20.0,87.4,90.4,103.43,97.08,-12.0,-19.6,Home
2005,Fremantle,Carlton,53.45,35.59,86.43,93.89,100.95,99.5,-14.51,-5.65,20.0,40.0,72.2,93.89,100.95,99.5,-10.2,-7.0,Home
2005,Footscray,Adelaide,33.33,42.62,99.32,96.43,110.04,92.25,-10.91,4.18,20.0,60.0,102.0,96.43,110.04,92.25,-10.2,15.8,Home
2005,Sydney,Melbourne,62.71,42.37,94.81,100.72,88.15,100.36,6.71,0.36,40.0,60.0,79.8,100.72,88.15,100.36,-9.2,13.6,Away
2005,Brisbane Lions,West Coast,84.85,26.67,110.81,94.43,87.28,100.8,23.72,-6.54,20.0,80.0,82.4,94.43,87.28,100.8,-14.2,7.2,Away
2005,St Kilda,Richmond,47.46,35.59,91.92,86.33,105.27,98.97,-13.58,-12.63,40.0,60.0,96.8,86.33,105.27,98.97,2.4,-12.0,Home
2005,Essendon,Collingwood,76.19,46.67,105.57,95.5,87.61,93.63,18.1,1.87,20.0,20.0,75.8,95.5,87.61,93.63,-22.8,-4.4,Home
2005,Carlton,Hawthorn,48.33,40.32,93.81,90.39,99.52,97.17,-5.76,-6.78,20.0,20.0,99.2,90.39,99.52,97.17,-11.0,-10.4,Home
2005,Melbourne,Fremantle,59.02,24.56,100.66,86.58,100.02,100.8,0.64,-14.22,80.0,40.0,110.4,86.58,100.02,100.8,21.4,-0.6,Away
2005,Adelaide,North Melbourne,61.02,45.76,96.54,101.15,92.64,103.31,3.89,-2.18,60.0,100.0,97.4,101.15,92.64,103.31,14.6,14.4,Home
2005,Essendon,Brisbane Lions,76.56,52.38,105.39,110.61,87.46,87.82,18.07,22.97,40.0,20.0,79.6,110.61,87.46,87.82,-18.0,-20.8,Away
2005,West Coast,Sydney,63.16,41.67,94.96,94.52,100.66,88.2,-5.85,6.37,100.0,40.0,107.2,94.52,100.66,88.2,30.0,-5.8,Home
2005,Geelong,Footscray,60.34,36.21,90.86,99.67,92.25,110.03,-1.42,-10.54,60.0,40.0,103.6,99.67,92.25,110.03,10.4,-0.6,Home
2005,Collingwood,St Kilda,51.67,22.41,95.28,92.39,93.55,105.05,1.74,-12.88,20.0,60.0,88.4,92.39,93.55,105.05,-7.0,17.2,Away
2005,Richmond,Port Adelaide,46.55,53.33,86.27,101.1,99.37,87.37,-13.1,13.96,60.0,20.0,93.6,101.1,99.37,87.37,-12.8,-21.0,Home
2005,Melbourne,Adelaide,58.06,41.94,100.89,96.35,100.38,92.41,0.52,3.94,60.0,80.0,115.6,96.35,100.38,92.41,9.4,18.8,Home
2005,Richmond,Carlton,47.46,35.0,86.58,93.77,99.1,99.39,-12.52,-5.67,80.0,40.0,98.6,93.77,99.1,99.39,10.8,-5.8,Home
2005,Geelong,St Kilda,61.02,23.73,91.0,92.53,92.09,104.76,-1.11,-12.44,60.0,80.0,93.2,92.53,92.09,104.76,5.0,29.4,Home
2005,Sydney,Essendon,61.67,57.14,94.22,105.26,88.33,87.84,5.94,17.55,20.0,40.0,68.8,105.26,88.33,87.84,-27.4,-18.4,Home
2005,Brisbane Lions,Footscray,83.58,35.59,110.8,99.44,87.82,110.02,23.16,-10.76,20.0,20.0,88.6,99.44,87.82,110.02,-15.8,-14.0,Away
2005,Hawthorn,West Coast,53.45,27.87,90.33,95.03,97.1,100.31,-6.77,-5.41,20.0,100.0,90.2,95.03,97.1,100.31,1.0,36.8,Away
2005,Port Adelaide,North Melbourne,75.76,45.0,100.83,100.84,87.65,103.07,13.4,-2.24,20.0,80.0,80.4,100.84,87.65,103.07,-25.2,8.4,Home
2005,Fremantle,Collingwood,54.24,45.9,87.06,95.08,101.04,93.67,-13.98,1.41,40.0,20.0,87.2,95.08,101.04,93.67,-4.8,-8.2,Home
2005,Carlton,Geelong,49.18,37.7,93.54,91.23,99.81,92.17,-6.32,-0.95,20.0,80.0,91.2,91.23,99.81,92.17,-23.6,13.0,Away
2005,Hawthorn,Melbourne,52.54,43.33,90.22,100.71,97.09,100.0,-6.87,0.71,20.0,60.0,87.8,100.71,97.09,100.0,0.0,9.0,Home
2005,West Coast,St Kilda,63.79,23.33,95.04,92.6,100.12,104.88,-5.21,-12.49,100.0,60.0,117.6,92.6,100.12,104.88,36.2,25.6,Home
2005,North Melbourne,Footscray,58.33,36.67,100.6,99.53,103.2,109.82,-2.62,-10.47,60.0,40.0,87.4,99.53,103.2,109.82,-5.6,-4.2,Away
2005,Adelaide,Brisbane Lions,61.67,53.12,96.01,110.62,92.29,87.98,3.72,22.81,60.0,20.0,96.2,110.62,92.29,87.98,12.8,-20.0,Away
2005,Sydney,Port Adelaide,62.3,52.46,94.22,100.98,88.33,87.52,5.94,13.67,40.0,20.0,75.8,100.98,88.33,87.52,-21.6,-16.2,Home
2005,Collingwood,Richmond,50.82,35.0,94.86,87.12,94.37,98.82,0.49,-11.71,20.0,80.0,85.2,87.12,94.37,98.82,-29.4,25.0,Away
2005,Essendon,Fremantle,75.38,25.86,105.12,87.85,87.89,100.76,17.37,-12.92,40.0,60.0,82.2,87.85,87.89,100.76,-18.8,17.8,Home
2005,St Kilda,Adelaide,48.33,41.27,92.26,95.74,104.74,92.13,-12.69,3.61,60.0,40.0,112.0,95.74,104.74,92.13,19.8,-2.6,Away
2005,Carlton,Melbourne,48.39,42.62,93.37,100.61,100.16,100.23,-6.84,0.39,20.0,40.0,84.2,100.61,100.16,100.23,-33.6,-8.4,Away
2005,Collingwood,West Coast,50.0,29.03,94.56,94.98,94.36,99.72,0.2,-4.86,0.0,100.0,71.2,94.98,94.36,99.72,-40.4,41.8,Home
2005,Brisbane Lions,Richmond,82.35,36.07,110.33,87.17,87.8,98.49,22.7,-11.32,40.0,80.0,89.6,87.17,87.8,98.49,-17.0,31.2,Away
2005,Port Adelaide,Essendon,76.12,56.25,100.54,105.22,87.38,87.85,13.37,17.5,20.0,40.0,87.0,105.22,87.38,87.85,-7.4,-12.2,Home
2005,Footscray,Sydney,34.48,40.98,99.69,94.02,109.67,87.98,-10.15,6.09,60.0,40.0,109.6,94.02,109.67,87.98,1.8,-18.0,Away
2005,Geelong,North Melbourne,61.67,44.26,91.66,100.53,92.01,103.32,-0.36,-2.81,100.0,40.0,120.0,100.53,92.01,103.32,36.6,-12.2,Home
2005,Fremantle,Hawthorn,55.0,39.68,87.8,90.53,100.9,97.02,-13.1,-6.5,60.0,40.0,112.0,90.53,100.9,97.02,12.4,8.2,Away
2005,Melbourne,Richmond,58.73,37.1,100.69,87.16,100.16,98.36,0.53,-11.2,60.0,80.0,100.0,87.16,100.16,98.36,4.6,22.4,Home
2005,Hawthorn,Collingwood,53.33,45.16,90.8,94.75,96.81,94.37,-6.01,0.38,40.0,20.0,100.2,94.75,96.81,94.37,9.8,-35.2,Away
2005,Geelong,Fremantle,62.3,25.42,92.1,87.65,91.76,101.09,0.35,-13.44,100.0,60.0,123.0,87.65,91.76,101.09,42.4,11.2,Away
2005,Brisbane Lions,North Melbourne,81.16,43.55,110.13,100.21,87.79,103.67,22.5,-3.48,40.0,20.0,92.4,100.21,87.79,103.67,-8.6,-29.8,Away
2005,St Kilda,Sydney,47.54,41.94,91.98,93.98,104.73,87.88,-12.97,6.15,40.0,60.0,93.2,93.98,104.73,87.88,1.2,-7.2,Home
2005,Adelaide,Carlton,60.66,34.43,95.8,93.36,91.85,100.24,3.95,-6.93,40.0,20.0,80.6,93.36,91.85,100.24,-1.6,-37.2,Home
2005,Essendon,Footscray,75.76,37.7,104.92,99.49,87.82,109.5,17.22,-10.18,40.0,60.0,88.4,99.49,87.82,109.5,-4.8,6.4,Home
2005,West Coast,Port Adelaide,64.41,51.61,94.98,100.42,99.87,87.22,-5.01,13.41,80.0,40.0,108.0,100.42,99.87,87.22,30.0,-3.6,Home
2005,Collingwood,Geelong,50.79,38.71,94.86,92.02,94.25,91.75,0.6,0.27,40.0,80.0,84.6,92.02,94.25,91.75,-26.8,39.8,Home
2005,Carlton,Sydney,47.62,41.27,93.07,93.69,100.01,87.98,-6.99,5.75,20.0,60.0,75.4,93.69,100.01,87.98,-36.2,-9.0,Away
2005,Richmond,West Coast,48.33,28.57,87.06,95.67,98.63,99.56,-11.57,-3.99,80.0,80.0,105.6,95.67,98.63,99.56,24.6,38.8,Away
2005,Adelaide,Essendon,61.29,55.38,95.6,105.16,91.57,87.99,4.03,17.3,60.0,40.0,73.0,105.16,91.57,87.99,7.4,-2.2,Home
2005,Fremantle,Brisbane Lions,54.1,53.85,87.68,110.0,100.93,87.97,-13.26,22.19,60.0,40.0,113.2,110.0,100.93,87.97,9.2,2.2,Away
2005,North Melbourne,Melbourne,57.38,43.55,100.31,100.93,103.58,99.95,-3.3,0.98,20.0,60.0,80.2,100.93,103.58,99.95,-29.8,9.2,Away
2005,St Kilda,Port Adelaide,48.39,50.79,92.05,100.13,104.35,87.92,-12.5,12.4,40.0,40.0,84.0,100.13,104.35,87.92,-3.8,-26.2,Away
2005,Footscray,Hawthorn,33.9,40.62,99.58,90.71,109.73,96.9,-10.32,-6.18,40.0,40.0,97.4,90.71,109.73,96.9,-5.2,8.0,Home
2005,West Coast,Essendon,65.0,54.55,95.74,104.84,99.59,88.47,-3.94,16.5,80.0,40.0,112.6,104.84,99.59,88.47,30.2,-10.2,Home
2005,Hawthorn,St Kilda,52.46,22.95,90.7,91.96,97.01,104.35,-6.31,-12.59,40.0,20.0,99.6,91.96,97.01,104.35,4.8,-16.0,Away
2005,Carlton,Brisbane Lions,46.88,54.55,93.06,109.97,100.13,87.82,-7.14,22.32,0.0,40.0,75.8,109.97,100.13,87.82,-42.4,0.4,Away
2005,Port Adelaide,Footscray,76.47,37.1,100.16,99.67,87.86,109.56,12.48,-10.05,60.0,60.0,83.0,99.67,87.86,109.56,-10.4,6.2,Home
2005,Sydney,Fremantle,62.9,26.67,93.87,87.51,88.01,100.98,5.9,-13.47,80.0,40.0,85.2,87.51,88.01,100.98,5.0,-1.4,Home
2005,Geelong,Adelaide,61.29,42.19,92.05,96.04,91.98,91.35,0.07,4.69,60.0,60.0,117.2,96.04,91.98,91.35,27.8,23.0,Home
2005,North Melbourne,Richmond,56.45,36.51,100.14,87.19,103.68,98.68,-3.56,-11.49,20.0,60.0,83.4,87.19,103.68,98.68,-35.0,13.0,Home
2005,Melbourne,Collingwood,59.38,46.03,101.05,95.06,99.8,94.27,1.25,0.8,80.0,60.0,104.8,95.06,99.8,94.27,19.2,-14.2,Home
2005,Port Adelaide,Hawthorn,76.81,40.0,100.29,90.41,87.98,97.03,12.5,-6.62,60.0,40.0,82.8,90.41,87.98,97.03,-16.8,-0.6,Home
2005,Melbourne,West Coast,60.0,29.69,101.17,95.82,99.58,99.45,1.59,-3.71,80.0,80.0,112.6,95.82,99.58,99.45,23.4,31.2,Away
2005,Richmond,Adelaide,47.54,41.54,87.13,95.73,98.76,91.11,-11.63,4.62,40.0,60.0,87.4,95.73,98.76,91.11,-9.8,27.0,Away
2005,Footscray,Carlton,35.0,33.87,99.7,92.97,109.63,100.45,-10.09,-7.54,40.0,0.0,103.6,92.97,109.63,100.45,-1.4,-37.0,Home
2005,Brisbane Lions,Geelong,80.0,38.1,110.19,91.8,87.77,91.71,22.58,0.1,60.0,60.0,98.8,91.8,87.77,91.71,16.6,25.0,Home
2005,Fremantle,North Melbourne,53.23,44.44,87.37,100.21,101.04,103.49,-13.67,-3.3,20.0,40.0,76.2,100.21,101.04,103.49,-31.4,-19.8,Away
2005,Essendon,St Kilda,76.12,24.19,104.67,92.02,88.6,103.94,16.2,-12.11,40.0,40.0,93.0,92.02,88.6,103.94,-13.8,-3.2,Home
2005,Sydney,Collingwood,63.49,45.31,93.98,94.88,87.87,94.45,6.16,0.44,80.0,60.0,88.2,94.88,87.87,94.45,11.4,-0.8,Home
2005,Collingwood,Port Adelaide,51.56,51.56,94.74,100.95,94.31,87.85,0.43,13.3,60.0,80.0,99.0,100.95,94.31,87.85,6.0,11.4,Home
2005,Richmond,Sydney,46.77,42.19,86.93,93.85,99.02,87.78,-12.1,6.12,20.0,80.0,81.2,93.85,99.02,87.78,-30.8,6.8,Home
2005,West Coast,Carlton,65.57,33.33,95.9,92.79,99.37,100.57,-3.56,-7.84,80.0,0.0,118.0,92.79,99.37,100.57,27.0,-32.2,Home
2005,Essendon,North Melbourne,76.47,45.31,104.78,99.94,88.71,103.02,16.19,-3.1,40.0,60.0,93.4,99.94,88.71,103.02,-17.8,-10.2,Away
2005,Melbourne,Brisbane Lions,59.09,55.22,101.09,110.23,99.62,87.48,1.47,22.92,80.0,60.0,112.8,110.23,99.62,87.48,28.2,28.6,Away
2005,Adelaide,Fremantle,61.9,26.23,96.02,87.02,90.88,100.76,5.13,-13.73,80.0,20.0,102.8,87.02,90.88,100.76,42.8,-28.8,Home
2005,Footscray,St Kilda,36.07,23.81,99.83,92.12,109.31,104.06,-9.63,-12.14,40.0,40.0,103.2,92.12,109.31,104.06,2.6,1.0,Away
2005,Geelong,Hawthorn,61.9,39.39,91.45,90.26,91.9,97.74,-0.46,-7.48,40.0,20.0,86.4,90.26,91.9,97.74,-2.8,-31.8,Home
2005,North Melbourne,West Coast,57.14,30.77,100.16,96.24,102.89,99.08,-2.75,-2.91,80.0,100.0,99.0,96.24,102.89,99.08,15.2,47.0,Away
2005,Richmond,Essendon,47.62,53.73,86.91,104.64,98.91,89.0,-11.99,15.76,20.0,40.0,80.8,104.64,98.91,89.0,-31.4,-22.4,Home
2005,Port Adelaide,Melbourne,77.14,44.44,100.73,101.02,87.96,100.13,12.96,0.88,60.0,60.0,108.6,101.02,87.96,100.13,1.4,9.8,Home
2005,Brisbane Lions,Collingwood,80.28,44.62,110.63,94.79,87.51,94.13,23.29,0.66,80.0,60.0,124.2,94.79,87.51,94.13,44.2,7.6,Home
2005,Sydney,Geelong,64.06,37.5,93.78,91.62,87.76,91.63,6.06,-0.02,60.0,40.0,88.8,91.62,87.76,91.63,4.0,-8.8,Home
2005,Hawthorn,Adelaide,51.61,42.42,90.01,96.0,97.86,90.86,-7.85,5.14,0.0,80.0,70.4,96.0,97.86,90.86,-53.6,34.8,Away
2005,St Kilda,Carlton,47.62,32.81,92.31,92.55,104.02,100.87,-11.9,-8.38,60.0,0.0,100.4,92.55,104.02,100.87,13.8,-44.0,Home
2005,Fremantle,Footscray,52.38,36.51,87.03,99.82,100.7,109.36,-13.67,-9.7,20.0,40.0,72.2,99.82,100.7,109.36,-19.2,1.6,Home
2005,Collingwood,Essendon,52.31,52.94,94.49,104.36,94.43,89.02,0.06,15.45,40.0,20.0,85.2,104.36,94.43,89.02,-13.6,-33.0,Away
2005,Geelong,Port Adelaide,62.5,50.77,91.3,100.99,91.74,87.86,-0.44,13.33,40.0,80.0,73.6,100.99,91.74,87.86,-17.8,37.2,Home
2005,Richmond,St Kilda,48.44,25.0,86.95,92.78,98.65,103.77,-11.7,-11.17,40.0,60.0,84.4,92.78,98.65,103.77,-14.8,21.2,Away
2005,Melbourne,Sydney,58.21,41.54,100.82,93.86,100.41,87.48,0.4,6.43,40.0,80.0,98.0,93.86,100.41,87.48,-14.0,23.4,Away
2005,West Coast,Brisbane Lions,66.13,55.88,96.27,110.79,99.06,87.28,-2.86,23.68,100.0,100.0,111.2,110.79,99.06,87.28,24.4,63.6,Home
2005,Adelaide,Footscray,62.5,35.94,95.86,99.75,90.69,109.64,5.18,-10.05,80.0,40.0,102.4,99.75,90.69,109.64,34.0,-3.6,Home
2005,Carlton,Fremantle,46.15,25.81,92.4,87.49,101.27,100.63,-8.94,-13.14,0.0,20.0,75.6,87.49,101.27,100.63,-57.2,-10.4,Away
2005,Hawthorn,North Melbourne,50.79,46.15,89.84,100.14,97.71,102.88,-7.87,-2.76,0.0,60.0,68.0,100.14,97.71,102.88,-50.0,10.6,Away
2005,St Kilda,Collingwood,48.44,43.94,92.88,94.57,103.26,94.7,-10.54,-0.14,80.0,20.0,115.8,94.57,103.26,94.7,39.6,-23.8,Home
2005,Hawthorn,Carlton,50.0,32.31,89.67,92.59,97.79,101.66,-8.12,-9.14,0.0,0.0,63.8,92.59,97.79,101.66,-53.8,-59.2,Home
2005,Footscray,Geelong,35.48,36.92,99.24,91.57,109.64,91.39,-10.56,0.18,20.0,60.0,88.8,91.57,109.64,91.39,-22.8,3.0,Home
2005,Brisbane Lions,Essendon,80.56,53.62,110.63,104.55,87.45,89.14,23.35,15.53,80.0,40.0,128.6,104.55,87.45,89.14,51.2,-10.2,Home
2005,Port Adelaide,Richmond,77.46,35.94,100.6,86.57,88.14,98.71,12.64,-12.14,60.0,40.0,112.2,86.57,88.14,98.71,16.8,-28.2,Home
2005,Sydney,West Coast,64.62,31.82,93.94,96.39,87.4,98.98,6.58,-2.65,80.0,100.0,95.8,96.39,87.4,98.98,23.6,28.6,Home
2005,North Melbourne,Adelaide,56.25,43.28,100.21,95.96,102.61,90.27,-2.42,5.7,80.0,80.0,101.8,95.96,102.61,90.27,26.0,31.2,Away
2005,Fremantle,Melbourne,53.12,43.75,88.0,100.64,100.76,100.44,-12.76,0.2,40.0,20.0,100.0,100.64,100.76,100.44,4.4,-26.4,Home
2005,Essendon,Geelong,75.36,36.36,104.53,91.62,89.32,91.71,15.32,-0.09,40.0,40.0,100.6,91.62,89.32,91.71,-8.0,-4.8,Home
2005,Melbourne,St Kilda,57.35,26.15,100.46,93.27,100.44,103.0,0.02,-9.88,0.0,80.0,82.2,93.27,100.44,103.0,-40.4,45.0,Away
2005,West Coast,Hawthorn,66.67,38.81,96.16,89.95,98.89,97.83,-2.8,-7.88,80.0,20.0,104.6,89.95,98.89,97.83,19.6,-39.8,Home
2005,Footscray,Brisbane Lions,36.51,55.07,99.51,110.65,109.55,87.54,-10.2,23.28,40.0,80.0,94.8,110.65,109.55,87.54,-12.8,42.2,Home
2005,Adelaide,Sydney,63.08,42.42,96.16,93.89,90.41,87.25,5.75,6.69,100.0,80.0,107.0,93.89,90.41,87.25,34.6,20.2,Home
2005,North Melbourne,Port Adelaide,55.38,50.0,100.27,100.57,102.76,88.1,-2.5,12.65,60.0,60.0,101.8,100.57,102.76,88.1,17.6,16.4,Home
2005,Carlton,Richmond,45.45,35.38,92.67,86.54,101.85,98.68,-9.25,-12.15,0.0,40.0,85.0,86.54,101.85,98.68,-52.4,-25.0,Home
2005,Collingwood,Fremantle,51.52,26.98,94.38,88.1,95.07,100.57,-0.68,-12.47,20.0,60.0,81.6,88.1,95.07,100.57,-29.4,17.0,Away
2005,St Kilda,Geelong,49.23,35.82,93.9,91.64,102.89,91.83,-9.12,-0.19,100.0,40.0,138.8,91.64,102.89,91.83,65.6,6.4,Home
2005,Footscray,West Coast,37.5,31.34,99.91,96.17,109.65,98.51,-9.9,-2.4,40.0,80.0,101.8,96.17,109.65,98.51,-16.4,26.2,Home
2005,Adelaide,Melbourne,63.64,43.08,95.84,100.37,90.08,101.01,5.76,-0.64,100.0,0.0,91.4,100.37,90.08,101.01,22.0,-55.0,Home
2005,Essendon,Sydney,75.71,41.79,104.54,93.54,89.35,87.0,15.3,6.59,40.0,60.0,98.2,93.54,89.35,87.0,-8.4,18.6,Away
2005,Fremantle,Richmond,53.85,34.85,88.18,86.69,100.45,99.01,-12.27,-12.32,80.0,40.0,116.8,86.69,100.45,99.01,24.0,-18.0,Home
2005,Brisbane Lions,Hawthorn,80.82,38.24,110.74,89.65,87.99,97.83,22.92,-8.18,60.0,20.0,124.8,89.65,87.99,97.83,22.8,-26.0,Home
2005,Carlton,Port Adelaide,46.27,49.25,93.03,100.53,101.88,88.19,-8.92,12.53,20.0,40.0,99.2,100.53,101.88,88.19,-36.2,-7.8,Away
2005,Collingwood,North Melbourne,50.75,46.97,94.31,100.27,95.09,102.7,-0.78,-2.45,20.0,60.0,83.4,100.27,95.09,102.7,-31.8,14.0,Away
2005,West Coast,Fremantle,67.19,28.12,96.17,88.22,98.83,100.18,-2.71,-11.97,60.0,100.0,94.6,88.22,98.83,100.18,2.2,30.6,Home
2005,Geelong,Melbourne,63.08,42.42,91.36,99.96,91.86,101.0,-0.5,-1.04,20.0,0.0,84.8,99.96,91.86,101.0,-12.8,-51.0,Away
2005,North Melbourne,St Kilda,56.06,27.27,100.3,93.92,102.67,102.52,-2.39,-8.74,60.0,100.0,103.8,93.92,102.67,102.52,6.8,70.2,Away
2005,Collingwood,Carlton,50.0,31.82,94.34,93.15,95.16,102.04,-0.81,-8.95,0.0,20.0,82.6,93.15,95.16,102.04,-39.2,-23.6,Away
2005,Port Adelaide,Adelaide,77.78,44.12,100.69,95.87,88.34,89.76,12.54,6.12,60.0,100.0,99.8,95.87,88.34,89.76,1.2,31.6,Away
2005,Sydney,Brisbane Lions,65.15,54.29,93.72,110.81,87.08,87.93,6.69,23.04,80.0,60.0,92.4,110.81,87.08,87.93,22.8,16.2,Home
2005,Hawthorn,Essendon,50.77,52.86,89.57,104.5,98.0,89.55,-8.43,15.05,20.0,40.0,78.4,104.5,98.0,89.55,-23.2,-4.0,Home
2005,Richmond,Footscray,47.69,35.38,86.53,100.22,98.96,109.55,-12.43,-9.48,20.0,60.0,76.8,100.22,98.96,109.55,-23.6,-4.2,Away
2005,Fremantle,St Kilda,54.55,28.36,88.15,94.02,100.4,102.39,-12.24,-8.5,80.0,100.0,104.8,94.02,100.4,102.39,10.4,58.8,Home
2005,Geelong,West Coast,62.12,30.88,91.42,96.41,91.92,98.68,-0.51,-2.32,20.0,60.0,94.4,96.41,91.92,98.68,-2.2,11.0,Home
2005,Adelaide,Collingwood,64.18,43.28,95.82,94.34,89.69,95.4,6.12,-1.07,100.0,0.0,94.6,94.34,89.69,95.4,31.0,-30.6,Home
2005,Melbourne,Footscray,56.52,36.36,99.96,100.36,100.99,109.53,-1.02,-9.32,20.0,80.0,77.6,100.36,100.99,109.53,-38.4,8.8,Home
2005,Brisbane Lions,Port Adelaide,81.08,50.0,110.32,100.55,88.18,88.33,22.3,12.4,40.0,40.0,97.2,100.55,88.18,88.33,-16.2,-12.6,Away
2005,Sydney,North Melbourne,65.67,47.76,93.95,100.19,86.73,102.71,7.27,-2.54,80.0,60.0,96.2,100.19,86.73,102.71,28.8,3.0,Home
2005,Essendon,Carlton,74.65,32.84,104.49,93.41,89.75,101.98,14.85,-8.63,40.0,40.0,108.2,93.41,89.75,101.98,-1.4,-0.6,Home
2005,Richmond,Hawthorn,46.97,37.68,86.68,89.78,99.11,98.04,-12.43,-8.27,0.0,40.0,79.8,89.78,99.11,98.04,-31.2,-18.6,Home
2005,Footscray,Collingwood,38.46,42.65,100.39,93.95,109.53,95.81,-9.28,-1.86,80.0,0.0,129.6,93.95,109.53,95.81,22.8,-47.4,Home
2005,Hawthorn,Sydney,51.52,42.65,90.1,94.0,98.33,86.57,-8.24,7.49,40.0,80.0,101.2,94.0,98.33,86.57,-11.2,31.0,Away
2005,West Coast,Adelaide,67.69,44.93,95.94,96.22,98.76,89.34,-2.89,6.88,40.0,100.0,84.4,96.22,98.76,89.34,-8.8,38.2,Away
2005,St Kilda,Brisbane Lions,50.0,53.52,93.88,109.92,102.22,88.13,-8.47,21.94,80.0,40.0,119.6,109.92,102.22,88.13,44.0,-17.6,Home
2005,Port Adelaide,Fremantle,76.71,27.69,100.42,88.09,88.07,100.2,12.52,-12.11,60.0,80.0,95.4,88.09,88.07,100.2,9.2,4.4,Home
2005,Geelong,Richmond,62.69,34.33,91.55,87.06,91.48,99.37,0.07,-12.31,20.0,20.0,91.0,87.06,91.48,99.37,-2.8,-16.6,Home
2005,Carlton,North Melbourne,45.59,47.06,93.34,99.92,102.57,102.7,-9.3,-2.8,40.0,40.0,113.0,99.92,102.57,102.7,-13.4,-12.6,Away
2005,Essendon,Melbourne,75.0,43.28,105.03,100.03,89.7,101.01,15.44,-0.99,40.0,40.0,118.4,100.03,89.7,101.01,13.2,-32.4,Away
2005,West Coast,Sydney,66.67,43.48,95.78,94.26,98.64,86.48,-2.92,7.83,40.0,80.0,85.8,94.26,98.64,86.48,-6.2,37.6,Home
2005,Geelong,Melbourne,63.24,44.12,91.38,99.99,91.31,100.9,0.07,-0.91,40.0,60.0,85.2,99.99,91.31,100.9,4.4,-25.4,Home
2005,Adelaide,St Kilda,64.71,27.94,96.12,94.56,89.22,101.81,6.89,-7.36,100.0,80.0,95.0,94.56,89.22,101.81,37.2,57.2,Away
2005,North Melbourne,Port Adelaide,55.22,50.72,100.01,100.55,102.55,87.98,-2.56,12.75,60.0,60.0,93.2,100.55,102.55,87.98,-4.0,15.6,Away
2005,Sydney,Geelong,66.18,35.29,94.04,91.56,86.36,91.09,7.74,0.48,80.0,60.0,107.4,91.56,86.36,91.09,38.2,18.0,Home
2005,Adelaide,Port Adelaide,63.77,51.43,95.83,100.99,89.05,87.9,6.78,13.27,80.0,80.0,95.6,100.99,89.05,87.9,34.2,33.8,Home
2005,St Kilda,Sydney,50.75,42.86,94.35,93.77,101.49,86.12,-7.25,7.71,80.0,80.0,106.0,93.77,101.49,86.12,41.2,34.8,Away
2005,West Coast,Adelaide,67.16,45.71,95.58,96.03,98.39,88.7,-2.87,7.33,40.0,80.0,80.2,96.03,98.39,88.7,-15.0,40.0,Home
2005,West Coast,Sydney,67.65,43.66,95.56,93.79,98.23,85.96,-2.73,7.88,60.0,80.0,79.4,93.79,98.23,85.96,-3.2,24.2,Away
2006,West Coast,St Kilda,66.67,28.99,95.26,94.13,97.94,101.45,-2.74,-7.42,40.0,60.0,64.6,94.13,97.94,101.45,-13.6,26.8,Home
2006,Footscray,Richmond,39.39,33.82,100.7,86.92,109.46,99.14,-8.89,-12.22,80.0,20.0,131.2,86.92,109.46,99.14,24.0,-14.2,Home
2006,Geelong,Brisbane Lions,63.77,52.78,91.28,109.49,90.83,88.8,0.46,20.84,60.0,20.0,89.2,109.49,90.83,88.8,25.6,-48.0,Home
2006,Essendon,Sydney,73.97,44.44,104.9,93.53,89.74,85.74,15.27,7.85,40.0,80.0,115.2,93.53,89.74,85.74,13.8,17.6,Home
2006,Port Adelaide,North Melbourne,77.03,47.83,100.57,99.85,88.14,103.0,12.6,-3.18,60.0,40.0,97.2,99.85,88.14,103.0,14.4,-22.2,Away
2006,Hawthorn,Fremantle,50.75,27.27,89.99,87.99,98.55,100.35,-8.57,-12.36,20.0,60.0,90.8,87.99,98.55,100.35,-26.8,-9.6,Home
2006,Melbourne,Carlton,57.14,32.35,99.71,93.26,101.01,102.64,-1.29,-9.45,60.0,40.0,82.2,93.26,101.01,102.64,-18.8,-14.6,Away
2006,Collingwood,Adelaide,49.28,45.07,93.99,95.89,96.14,88.73,-2.14,7.16,0.0,60.0,83.6,95.89,96.14,88.73,-41.0,35.4,Away
2006,Richmond,St Kilda,47.76,28.57,86.66,93.93,99.64,101.32,-12.98,-7.5,20.0,40.0,86.0,93.93,99.64,101.32,-30.2,18.6,Away
2006,Footscray,Melbourne,40.3,43.48,101.19,99.51,109.03,100.95,-7.95,-1.44,80.0,60.0,134.4,99.51,109.03,100.95,41.4,-12.2,Home
2006,Geelong,North Melbourne,64.29,48.57,91.45,100.05,90.45,102.88,1.01,-2.85,80.0,40.0,92.4,100.05,90.45,102.88,41.2,-15.2,Home
2006,Brisbane Lions,Essendon,80.0,52.11,109.01,104.92,88.97,89.68,20.17,15.35,20.0,40.0,59.4,104.92,88.97,89.68,-57.8,16.6,Home
2006,Fremantle,Carlton,55.22,33.33,87.99,93.26,100.42,102.42,-12.43,-9.23,40.0,40.0,83.0,93.26,100.42,102.42,-16.6,-17.4,Home
2006,Sydney,Port Adelaide,66.67,50.7,93.44,100.48,85.89,88.42,7.6,12.23,60.0,60.0,71.2,100.48,85.89,88.42,1.4,7.6,Away
2006,Hawthorn,Collingwood,51.47,42.03,90.12,93.87,98.47,96.24,-8.35,-2.37,40.0,0.0,102.8,93.87,98.47,96.24,-12.8,-45.2,Away
2006,Adelaide,West Coast,64.29,30.43,96.0,95.18,88.65,97.71,7.35,-2.59,60.0,60.0,90.0,95.18,88.65,97.71,20.2,5.2,Away
2006,St Kilda,Brisbane Lions,50.0,52.05,93.88,109.05,101.14,89.03,-7.36,20.16,60.0,20.0,94.0,109.05,101.14,89.03,21.8,-62.4,Home
2006,Geelong,Hawthorn,64.79,37.14,91.79,90.08,90.3,98.62,1.51,-8.54,80.0,40.0,98.2,90.08,90.3,98.62,39.8,-11.6,Away
2006,Carlton,Sydney,44.93,43.84,93.21,93.35,102.41,86.03,-9.27,7.37,40.0,60.0,94.8,93.35,102.41,86.03,-17.6,-3.0,Away
2006,West Coast,Richmond,67.14,33.33,95.14,86.59,97.64,99.55,-2.55,-12.96,80.0,20.0,78.0,86.59,97.64,99.55,7.2,-27.0,Home
2006,Melbourne,Adelaide,56.34,45.83,99.45,95.94,101.21,88.66,-1.76,7.29,40.0,40.0,85.4,95.94,101.21,88.66,-21.8,18.2,Away
2006,Essendon,Footscray,74.32,35.82,104.86,101.46,89.85,108.89,15.12,-7.54,40.0,80.0,115.2,101.46,89.85,108.89,17.0,42.2,Away
2006,Port Adelaide,Fremantle,76.0,26.87,100.52,88.08,88.36,100.31,12.32,-12.23,60.0,40.0,103.4,88.08,88.36,100.31,6.8,-19.0,Away
2006,North Melbourne,Collingwood,54.41,42.86,99.83,94.05,103.14,96.16,-3.33,-2.11,40.0,20.0,90.2,94.05,103.14,96.16,-24.4,-37.0,Away
2006,Carlton,Hawthorn,44.29,38.03,93.07,90.16,102.26,98.26,-9.25,-8.11,20.0,40.0,83.8,90.16,102.26,98.26,-26.0,-3.8,Away
2006,Footscray,Geelong,41.18,34.78,101.48,91.48,108.77,90.38,-7.4,1.12,80.0,60.0,130.8,91.48,108.77,90.38,42.0,29.2,Home
2006,Brisbane Lions,Richmond,80.26,32.86,108.9,86.62,89.26,99.82,19.77,-13.2,20.0,20.0,67.6,86.62,89.26,99.82,-53.0,-33.8,Away
2006,Fremantle,Adelaide,55.88,46.58,88.24,95.99,100.15,88.72,-11.91,7.27,60.0,60.0,90.6,95.99,100.15,88.72,-3.2,20.8,Away
2006,Sydney,Melbourne,65.71,42.86,93.26,99.43,85.95,101.21,7.36,-1.78,60.0,20.0,79.2,99.43,85.95,101.21,-2.2,-23.6,Away
2006,North Melbourne,West Coast,53.62,31.43,99.66,95.43,103.49,97.59,-3.86,-2.2,40.0,80.0,92.6,95.43,103.49,97.59,-32.4,15.6,Away
2006,Port Adelaide,St Kilda,75.0,29.58,100.37,94.1,88.51,101.04,12.03,-7.04,40.0,60.0,95.2,94.1,88.51,101.04,-8.4,1.4,Home
2006,Collingwood,Essendon,48.57,51.39,94.47,104.78,96.01,89.95,-1.55,14.94,40.0,40.0,98.0,104.78,96.01,89.95,-14.6,17.4,Home
2006,Richmond,Carlton,47.06,32.86,86.68,92.89,99.69,102.24,-13.01,-9.41,20.0,20.0,76.6,92.89,99.69,102.24,-31.8,-12.6,Home
2006,Melbourne,North Melbourne,55.56,47.89,99.41,99.45,101.15,103.43,-1.73,-4.01,20.0,20.0,83.4,99.45,101.15,103.43,-24.6,-43.2,Home
2006,Adelaide,Footscray,63.38,36.76,95.81,101.45,88.51,108.69,7.3,-7.34,60.0,100.0,89.6,101.45,88.51,108.69,6.4,43.0,Home
2006,Sydney,Geelong,64.79,34.29,93.26,91.52,86.03,90.43,7.28,1.11,40.0,40.0,78.4,91.52,86.03,90.43,-9.4,18.0,Home
2006,West Coast,Brisbane Lions,67.61,51.35,95.43,108.72,97.4,89.3,-2.01,19.55,80.0,20.0,91.8,108.72,97.4,89.3,17.2,-49.8,Home
2006,St Kilda,Fremantle,50.72,27.94,94.27,88.03,101.19,99.93,-7.02,-11.91,40.0,40.0,92.2,88.03,101.19,99.93,-1.0,-6.4,Away
2006,Collingwood,Port Adelaide,49.3,51.39,94.55,100.52,95.96,88.7,-1.42,11.97,60.0,40.0,111.0,100.52,95.96,88.7,10.8,-25.0,Home
2006,Hawthorn,Essendon,50.72,50.68,90.23,104.68,98.05,90.05,-7.82,14.72,60.0,20.0,93.8,104.68,98.05,90.05,3.4,-5.8,Home
2006,Melbourne,Geelong,56.16,33.8,99.35,91.48,101.04,90.55,-1.69,0.94,40.0,40.0,89.2,91.48,101.04,90.55,-12.8,14.2,Home
2006,St Kilda,Footscray,50.0,36.23,94.26,101.12,101.14,108.86,-6.98,-7.85,40.0,80.0,97.8,101.12,101.14,108.86,5.0,19.4,Home
2006,Fremantle,West Coast,55.07,32.39,88.07,95.62,99.88,97.16,-11.81,-1.58,60.0,100.0,90.2,95.62,99.88,97.16,2.8,29.8,Home
2006,Adelaide,Port Adelaide,63.89,50.68,96.05,100.37,88.28,88.91,7.77,11.61,80.0,40.0,100.6,100.37,88.28,88.91,25.0,-16.6,Home
2006,Essendon,Richmond,73.33,33.8,104.53,86.72,90.01,99.58,14.61,-12.86,20.0,40.0,94.0,86.72,90.01,99.58,-4.0,-30.0,Away
2006,Brisbane Lions,Sydney,79.22,44.59,108.42,93.35,89.52,86.02,19.03,7.38,20.0,40.0,77.0,93.35,89.52,86.02,-33.8,-5.8,Away
2006,Carlton,Collingwood,43.66,43.66,92.83,94.73,102.17,95.85,-9.4,-1.12,20.0,80.0,81.0,94.73,102.17,95.85,-8.2,27.2,Away
2006,North Melbourne,Hawthorn,52.86,38.89,99.36,90.18,103.34,97.94,-4.01,-7.76,20.0,80.0,86.0,90.18,103.34,97.94,-26.6,14.4,Home
2006,St Kilda,Geelong,50.7,33.33,94.24,91.4,100.98,90.52,-6.83,0.89,60.0,20.0,103.0,91.4,100.98,90.52,11.4,-2.4,Away
2006,Melbourne,Fremantle,56.76,28.99,99.26,88.07,100.9,99.76,-1.64,-11.69,60.0,80.0,92.2,88.07,100.9,99.76,-7.4,8.2,Home
2006,Richmond,Sydney,47.83,45.33,86.79,93.41,99.55,85.91,-12.75,7.55,60.0,60.0,90.4,93.41,99.55,85.91,-6.6,6.0,Away
2006,Hawthorn,Brisbane Lions,51.43,50.67,90.11,108.17,97.97,89.6,-7.86,18.69,60.0,20.0,89.8,108.17,97.97,89.6,5.6,-24.8,Away
2006,West Coast,Collingwood,68.06,44.44,95.53,95.03,97.1,95.64,-1.6,-0.61,80.0,100.0,105.2,95.03,97.1,95.64,25.2,48.4,Home
2006,Port Adelaide,Footscray,75.32,35.71,100.06,100.95,89.01,108.73,11.2,-7.9,40.0,60.0,87.8,100.95,89.01,108.73,-18.4,-6.4,Away
2006,Carlton,Essendon,43.06,50.0,92.64,104.47,102.42,90.06,-9.85,14.5,0.0,0.0,75.6,104.47,102.42,90.06,-26.8,-9.8,Home
2006,North Melbourne,Adelaide,53.52,47.3,99.38,96.1,103.17,88.04,-3.82,8.06,20.0,80.0,80.8,96.1,103.17,88.04,-30.4,28.2,Away
2006,Hawthorn,Melbourne,50.7,43.66,89.94,99.38,98.03,100.61,-8.08,-1.23,60.0,80.0,86.2,99.38,98.03,100.61,4.6,13.8,Away
2006,Richmond,Adelaide,47.14,48.0,86.62,96.24,100.11,87.85,-13.49,8.39,60.0,100.0,87.4,96.24,100.11,87.85,-28.0,39.8,Home
2006,Fremantle,North Melbourne,55.71,47.22,87.86,99.1,99.89,103.26,-12.03,-4.19,60.0,20.0,81.8,99.1,99.89,103.26,-6.6,-27.8,Home
2006,Collingwood,Geelong,50.0,34.25,95.05,91.34,95.75,90.34,-0.7,1.01,80.0,20.0,123.0,91.34,95.75,90.34,38.6,-12.6,Home
2006,Footscray,Sydney,42.03,46.05,101.41,93.99,108.6,85.75,-7.29,8.3,60.0,80.0,100.2,93.99,108.6,85.75,-0.6,34.8,Away
2006,Port Adelaide,Brisbane Lions,74.36,51.32,99.99,108.16,89.51,89.45,10.62,18.83,20.0,20.0,84.6,108.16,89.51,89.45,-38.8,-20.4,Away
2006,Carlton,St Kilda,43.84,29.17,92.77,94.03,102.25,100.85,-9.55,-6.91,20.0,40.0,80.6,94.03,102.25,100.85,-17.2,5.6,Away
2006,Essendon,West Coast,72.37,31.94,104.29,95.64,90.2,97.1,14.19,-1.49,0.0,80.0,87.6,95.64,90.2,97.1,-12.8,27.6,Away
2006,Collingwood,Footscray,50.68,36.62,95.4,101.33,95.4,108.65,0.0,-7.42,80.0,40.0,121.6,101.33,95.4,108.65,43.6,-8.0,Home
2006,Geelong,Richmond,63.89,34.72,91.01,86.5,90.72,99.87,0.3,-13.38,20.0,80.0,77.8,86.5,90.72,99.87,-22.6,-18.2,Away
2006,Adelaide,Carlton,64.38,32.39,96.03,92.37,87.72,102.41,8.31,-10.12,80.0,20.0,97.4,92.37,87.72,102.41,38.2,-34.2,Home
2006,Essendon,Port Adelaide,71.43,50.0,104.21,99.85,90.35,89.89,13.95,10.09,0.0,20.0,87.4,99.85,90.35,89.89,-14.8,-46.4,Away
2006,Hawthorn,Sydney,50.0,46.75,89.74,94.14,98.29,85.78,-8.54,8.42,40.0,80.0,78.2,94.14,98.29,85.78,-20.8,38.6,Away
2006,Brisbane Lions,Fremantle,78.21,28.57,108.41,87.83,89.37,99.52,19.16,-11.7,40.0,60.0,93.6,87.83,89.37,99.52,0.8,-5.8,Home
2006,St Kilda,North Melbourne,50.0,46.58,94.26,98.76,100.39,103.13,-6.22,-4.4,40.0,20.0,98.6,98.76,100.39,103.13,16.6,-19.4,Home
2006,West Coast,Melbourne,68.49,44.44,95.76,99.63,97.07,100.34,-1.34,-0.71,80.0,100.0,105.0,99.63,97.07,100.34,22.6,29.8,Home
2006,Adelaide,Essendon,64.86,49.33,96.22,103.98,87.54,90.6,8.68,13.47,80.0,0.0,108.2,103.98,87.54,90.6,48.8,-23.4,Home
2006,Footscray,Hawthorn,41.43,38.36,101.36,89.5,108.87,98.43,-7.61,-8.93,20.0,20.0,98.8,89.5,108.87,98.43,-15.0,-40.2,Home
2006,Geelong,West Coast,63.01,32.88,91.01,95.77,90.85,96.92,0.16,-1.17,20.0,80.0,76.4,95.77,90.85,96.92,-26.4,22.2,Away
2006,Collingwood,Brisbane Lions,51.35,51.95,95.69,108.62,95.46,89.27,0.23,19.47,80.0,60.0,128.2,108.62,95.46,89.27,47.0,17.2,Home
2006,Fremantle,Richmond,56.34,35.62,87.73,86.66,99.82,99.81,-12.09,-13.15,60.0,80.0,79.4,86.66,99.82,99.81,-17.2,-17.0,Home
2006,North Melbourne,Sydney,52.78,47.44,98.47,94.31,102.93,85.57,-4.49,8.8,20.0,100.0,70.8,94.31,102.93,85.57,-18.0,52.6,Away
2006,Carlton,Port Adelaide,43.24,50.67,92.14,100.04,102.56,89.75,-10.49,10.42,20.0,20.0,71.0,100.04,102.56,89.75,-40.6,-35.2,Away
2006,Melbourne,St Kilda,57.33,30.14,99.47,94.12,100.32,100.09,-0.85,-6.06,80.0,60.0,101.0,94.12,100.32,100.09,24.4,20.8,Home
2006,Geelong,Essendon,62.16,48.68,91.05,103.63,90.92,91.23,0.14,12.48,20.0,0.0,79.0,103.63,90.92,91.23,-22.6,-50.8,Home
2006,Richmond,North Melbourne,47.89,45.95,86.68,98.47,99.81,102.95,-13.13,-4.51,60.0,20.0,85.4,98.47,99.81,102.95,-20.8,-18.6,Home
2006,Brisbane Lions,Adelaide,78.48,47.37,108.45,96.83,89.39,87.29,19.18,9.54,60.0,80.0,109.4,96.83,89.39,87.29,23.8,61.0,Away
2006,Sydney,St Kilda,65.28,29.73,94.38,94.09,85.65,100.11,8.79,-6.1,100.0,60.0,124.4,94.09,85.65,100.11,49.6,18.4,Away
2006,Port Adelaide,Hawthorn,73.42,37.84,100.15,89.49,89.72,98.5,10.58,-9.01,40.0,0.0,93.6,89.49,89.72,98.5,-20.2,-44.6,Home
2006,Footscray,Fremantle,42.25,28.17,101.41,87.81,108.72,99.74,-7.41,-11.93,40.0,60.0,109.6,87.81,108.72,99.74,4.6,-15.2,Home
2006,West Coast,Carlton,68.92,31.94,95.8,92.09,96.93,102.67,-1.14,-10.65,80.0,20.0,101.2,92.09,96.93,102.67,11.0,-45.8,Home
2006,Melbourne,Collingwood,57.89,43.84,99.49,95.78,100.25,95.38,-0.76,0.41,80.0,80.0,103.6,95.78,100.25,95.38,26.2,44.0,Home
2006,St Kilda,Adelaide,50.68,48.05,93.8,96.68,99.77,87.11,-6.05,9.57,60.0,80.0,81.2,96.68,99.77,87.11,16.0,54.0,Away
2006,Fremantle,Geelong,56.94,33.78,87.8,91.32,99.74,90.9,-11.94,0.42,40.0,40.0,80.2,91.32,99.74,90.9,-19.0,-13.0,Away
2006,Brisbane Lions,Footscray,77.5,36.11,108.15,101.4,89.3,108.56,18.96,-7.26,60.0,60.0,107.4,101.4,89.3,108.56,27.2,10.2,Away
2006,Port Adelaide,West Coast,73.75,33.78,100.44,95.91,89.46,96.95,11.13,-1.07,60.0,100.0,112.0,95.91,89.46,96.95,9.0,14.0,Home
2006,Hawthorn,Richmond,49.32,35.14,89.22,86.78,98.82,99.58,-9.6,-12.8,0.0,60.0,63.6,86.78,98.82,99.58,-59.4,-14.2,Home
2006,Essendon,Melbourne,70.51,43.84,103.53,99.77,91.48,100.21,12.12,-0.44,0.0,80.0,75.4,99.77,91.48,100.21,-58.8,34.4,Away
2006,North Melbourne,Carlton,52.05,31.51,98.26,92.15,102.94,102.72,-4.71,-10.65,0.0,20.0,66.2,92.15,102.94,102.72,-30.0,-33.4,Home
2006,Sydney,Collingwood,64.38,43.24,94.09,95.77,85.43,95.68,8.72,0.09,80.0,60.0,114.0,95.77,85.43,95.68,42.8,20.2,Away
2006,North Melbourne,Essendon,52.7,48.05,98.41,103.35,102.93,91.61,-4.55,11.81,20.0,0.0,78.4,103.35,102.93,91.61,-15.0,-59.4,Home
2006,St Kilda,Hawthorn,50.0,37.33,93.58,89.32,99.93,98.58,-6.44,-9.26,60.0,20.0,80.4,89.32,99.93,98.58,7.0,-43.2,Home
2006,Melbourne,Port Adelaide,58.44,51.32,99.84,100.42,100.04,89.27,-0.2,11.3,80.0,80.0,113.2,100.42,100.04,89.27,29.8,31.6,Home
2006,Brisbane Lions,Carlton,76.54,31.08,108.11,92.21,89.65,102.85,18.58,-10.7,40.0,0.0,106.8,92.21,89.65,102.85,10.8,-43.8,Home
2006,Sydney,Fremantle,63.51,27.78,94.01,87.55,85.49,99.87,8.57,-12.32,60.0,40.0,94.4,87.55,85.49,99.87,16.6,-20.4,Home
2006,Adelaide,Geelong,65.33,34.67,96.86,91.49,86.93,90.64,9.92,0.86,80.0,40.0,115.2,91.49,86.93,90.64,55.4,-3.4,Home
2006,Richmond,Collingwood,48.61,44.0,86.63,95.77,99.62,95.59,-12.99,0.17,60.0,80.0,86.8,95.77,99.62,95.59,1.2,25.6,Home
2006,West Coast,Footscray,69.33,36.99,95.67,101.7,96.95,108.52,-1.31,-6.92,80.0,60.0,96.4,101.7,96.95,108.52,3.8,3.4,Away
2006,Fremantle,Essendon,56.16,47.44,87.35,103.25,99.81,91.64,-12.46,11.69,20.0,0.0,73.8,103.25,99.81,91.64,-34.0,-56.6,Home
2006,Carlton,Geelong,42.67,34.21,91.97,91.25,102.63,91.01,-10.73,0.24,0.0,40.0,80.6,91.25,102.63,91.01,-28.4,-1.4,Away
2006,Hawthorn,West Coast,50.0,33.33,89.09,95.46,98.76,96.79,-9.67,-1.36,20.0,60.0,70.2,95.46,98.76,96.79,-42.2,-2.2,Away
2006,Melbourne,Brisbane Lions,58.97,51.28,99.97,107.88,99.92,89.44,0.05,18.55,80.0,40.0,110.0,107.88,99.92,89.44,22.4,0.0,Home
2006,Port Adelaide,Richmond,74.07,34.67,100.3,86.66,89.46,99.25,10.98,-12.59,80.0,60.0,114.2,86.66,89.46,99.25,37.8,10.0,Away
2006,Sydney,Adelaide,64.0,48.72,93.99,97.18,85.31,86.73,8.73,10.45,60.0,100.0,89.4,97.18,85.31,86.73,18.0,74.4,Away
2006,St Kilda,Collingwood,50.67,43.42,93.79,95.43,99.63,95.57,-5.92,-0.14,60.0,60.0,80.2,95.43,99.63,95.57,2.6,-4.2,Home
2006,Footscray,North Melbourne,43.06,45.33,101.51,98.39,108.22,102.84,-6.81,-4.48,80.0,40.0,106.4,98.39,108.22,102.84,10.4,-6.6,Away
2006,Richmond,Melbourne,49.32,44.59,86.7,99.96,98.95,99.86,-12.25,0.1,60.0,100.0,87.8,99.96,98.95,99.86,13.6,28.4,Away
2006,Essendon,St Kilda,69.62,30.67,103.16,93.97,91.85,99.38,11.38,-5.48,0.0,60.0,78.0,93.97,91.85,99.38,-52.0,11.0,Away
2006,Adelaide,Hawthorn,65.79,36.84,97.21,89.19,86.57,98.86,10.64,-9.67,100.0,20.0,126.8,89.19,86.57,98.86,69.4,-31.2,Home
2006,North Melbourne,Brisbane Lions,53.33,50.63,98.36,107.77,102.7,89.5,-4.37,18.39,60.0,20.0,95.2,107.77,102.7,89.5,-0.8,-15.2,Away
2006,West Coast,Sydney,68.42,48.1,95.58,93.78,96.84,85.41,-1.29,8.42,60.0,40.0,90.0,93.78,96.84,85.41,-4.6,-2.8,Home
2006,Geelong,Port Adelaide,62.67,50.65,91.59,100.01,90.92,89.48,0.67,10.67,60.0,60.0,108.6,100.01,90.92,89.48,15.6,18.2,Home
2006,Carlton,Footscray,42.11,37.84,91.87,101.37,102.89,108.12,-11.09,-6.84,0.0,80.0,84.0,101.37,102.89,108.12,-28.6,14.8,Away
2006,Collingwood,Fremantle,52.0,27.4,95.22,87.61,95.74,99.73,-0.53,-12.12,40.0,40.0,81.2,87.61,95.74,99.73,-22.8,-13.0,Away
2006,Adelaide,North Melbourne,66.23,46.05,97.28,98.27,86.48,102.59,10.8,-4.34,100.0,60.0,111.0,98.27,86.48,102.59,49.0,0.4,Home
2006,Essendon,Carlton,68.75,30.67,102.96,91.8,91.74,102.94,11.29,-11.22,0.0,0.0,82.2,91.8,91.74,102.94,-25.0,-27.8,Draw
2006,Collingwood,West Coast,51.32,34.21,95.27,95.39,95.9,96.63,-0.62,-1.27,20.0,60.0,80.2,95.39,95.9,96.63,-31.0,-4.8,Home
2006,Brisbane Lions,Hawthorn,76.83,36.36,107.63,89.09,89.46,98.93,18.28,-9.84,40.0,20.0,81.8,89.09,89.46,98.93,-9.8,-34.2,Home
2006,Sydney,Richmond,63.16,35.53,93.6,86.47,85.29,98.75,8.35,-12.29,20.0,60.0,70.0,86.47,85.29,98.75,-4.6,12.2,Home
2006,St Kilda,Port Adelaide,51.32,50.0,93.84,99.75,99.2,89.34,-5.43,10.54,80.0,40.0,86.6,99.75,99.2,89.34,14.2,9.4,Home
2006,Geelong,Footscray,63.16,38.67,91.43,101.43,90.71,107.93,0.74,-6.59,80.0,80.0,102.6,101.43,90.71,107.93,18.2,16.6,Home
2006,Fremantle,Melbourne,56.76,45.33,87.82,99.77,99.76,99.55,-11.94,0.22,40.0,100.0,88.0,99.77,99.76,99.55,-12.2,29.4,Home
2006,Collingwood,Hawthorn,51.95,35.9,95.48,88.99,95.86,98.83,-0.38,-9.84,40.0,20.0,86.8,88.99,95.86,98.83,-14.2,-17.0,Home
2006,St Kilda,Richmond,51.95,35.06,93.65,86.25,98.94,98.77,-5.36,-12.52,80.0,40.0,89.0,86.25,98.94,98.77,14.6,-4.4,Home
2006,West Coast,Adelaide,68.83,49.37,95.36,97.45,96.83,86.26,-1.5,11.19,40.0,100.0,79.0,97.45,96.83,86.26,-14.2,60.4,Home
2006,Essendon,Brisbane Lions,67.9,51.25,102.97,107.48,91.82,89.37,11.29,18.23,0.0,60.0,85.6,107.48,91.82,89.37,-16.6,-4.8,Home
2006,Port Adelaide,Sydney,73.17,47.5,99.5,93.64,89.19,85.09,10.45,8.61,20.0,40.0,70.2,93.64,89.19,85.09,-10.6,5.4,Away
2006,North Melbourne,Geelong,52.63,35.06,97.97,91.42,102.73,90.69,-4.79,0.74,60.0,80.0,89.4,91.42,102.73,90.69,-7.0,10.0,Home
2006,Carlton,Fremantle,41.56,28.38,91.88,87.87,102.95,99.54,-11.22,-11.66,0.0,60.0,84.0,87.87,102.95,99.54,-25.8,-3.6,Away
2006,Melbourne,Footscray,59.49,38.16,99.55,101.35,99.52,107.81,0.03,-6.55,80.0,60.0,93.2,101.35,99.52,107.81,14.2,13.6,Home
2006,St Kilda,West Coast,52.56,33.77,94.17,95.81,98.76,96.74,-4.65,-0.95,100.0,60.0,111.8,95.81,98.76,96.74,47.8,9.6,Away
2006,Carlton,Melbourne,41.03,44.74,91.86,99.68,102.98,99.32,-11.26,0.36,0.0,80.0,81.4,99.68,102.98,99.32,-25.6,17.2,Home
2006,Richmond,Footscray,48.65,37.66,86.14,101.13,99.26,107.89,-13.12,-6.85,40.0,40.0,72.0,101.13,99.26,107.89,-16.8,-5.0,Away
2006,Sydney,Essendon,63.64,46.84,93.54,103.32,84.87,92.01,8.73,11.45,60.0,20.0,79.2,103.32,84.87,92.01,13.4,-2.0,Home
2006,Adelaide,Collingwood,66.67,42.86,97.36,95.59,86.76,95.68,10.6,-0.08,80.0,40.0,112.8,95.59,86.76,95.68,31.4,-7.8,Home
2006,Brisbane Lions,Geelong,77.11,34.62,107.58,91.22,89.8,90.69,17.89,0.54,60.0,60.0,90.6,91.22,89.8,90.69,-3.8,-9.2,Away
2006,North Melbourne,Port Adelaide,53.25,49.37,97.92,99.2,102.45,89.11,-4.56,10.21,60.0,0.0,83.2,99.2,102.45,89.11,-4.8,-23.4,Home
2006,Fremantle,Hawthorn,57.33,35.44,88.0,88.85,99.47,98.92,-11.47,-10.07,80.0,0.0,101.0,88.85,99.47,98.92,13.2,-34.2,Home
2006,Essendon,Collingwood,68.29,42.31,103.14,95.33,92.16,95.44,11.11,-0.11,20.0,40.0,99.4,95.33,92.16,95.44,-9.2,0.8,Home
2006,Melbourne,Sydney,60.0,48.15,99.51,93.68,99.2,84.79,0.31,8.94,60.0,60.0,85.4,93.68,99.2,84.79,8.2,15.4,Away
2006,West Coast,North Melbourne,69.23,45.45,95.82,97.83,96.5,102.21,-0.69,-4.41,80.0,60.0,106.8,97.83,96.5,102.21,19.2,-2.4,Home
2006,Richmond,Brisbane Lions,48.0,50.62,86.09,107.45,99.27,89.88,-13.18,17.68,20.0,40.0,69.2,107.45,99.27,89.88,-30.6,-10.2,Home
2006,Footscray,Port Adelaide,42.47,48.75,101.12,98.99,107.69,89.08,-6.66,10.03,40.0,0.0,89.8,98.99,107.69,89.08,-2.4,-19.6,Away
2006,Adelaide,Fremantle,67.09,29.33,97.11,88.11,86.55,99.15,10.56,-11.04,80.0,100.0,95.0,88.11,86.55,99.15,13.8,30.4,Away
2006,Hawthorn,Carlton,49.33,30.26,88.61,91.79,98.95,102.79,-10.35,-11.14,0.0,20.0,74.0,91.79,98.95,102.79,-30.8,-21.2,Home
2006,Geelong,St Kilda,63.64,31.58,91.3,93.94,90.67,98.75,0.64,-4.88,80.0,80.0,92.8,93.94,90.67,98.75,12.6,26.0,Away
2006,Port Adelaide,Collingwood,72.29,41.77,99.02,95.11,89.09,95.3,10.06,-0.19,20.0,40.0,67.6,95.11,89.09,95.3,-9.2,10.0,Away
2006,Footscray,Adelaide,41.89,48.75,101.05,97.01,107.67,86.61,-6.71,10.4,40.0,60.0,91.6,97.01,107.67,86.61,-2.8,3.0,Home
2006,Geelong,Sydney,62.82,48.78,91.23,93.69,90.75,84.66,0.49,9.09,60.0,80.0,80.4,93.69,90.75,84.66,-5.0,29.6,Home
2006,Essendon,Hawthorn,68.67,35.0,102.96,88.76,91.97,98.9,11.12,-10.13,40.0,20.0,96.6,88.76,91.97,98.9,0.8,-24.2,Away
2006,Fremantle,St Kilda,57.89,32.47,88.15,94.0,99.02,98.63,-10.87,-4.69,100.0,80.0,104.2,94.0,99.02,98.63,26.0,18.8,Home
2006,Brisbane Lions,West Coast,76.19,34.62,107.17,95.89,90.2,96.4,17.07,-0.52,40.0,80.0,87.8,95.89,90.2,96.4,-25.0,22.4,Away
2006,Carlton,Richmond,41.77,34.62,91.78,86.45,102.85,99.01,-11.22,-12.56,20.0,20.0,88.8,86.45,102.85,99.01,-12.8,-21.8,Away
2006,North Melbourne,Melbourne,53.85,44.16,97.72,99.28,102.24,99.17,-4.55,0.11,40.0,40.0,78.2,99.28,102.24,99.17,-10.0,0.2,Away
2006,Footscray,St Kilda,42.67,32.05,101.08,93.76,107.61,98.73,-6.62,-5.04,40.0,60.0,90.6,93.76,107.61,98.73,-7.4,6.6,Away
2006,Geelong,Melbourne,63.29,44.87,91.22,99.48,90.57,99.06,0.66,0.42,60.0,40.0,84.8,99.48,90.57,99.06,-1.6,6.6,Draw
2006,Hawthorn,North Melbourne,50.0,44.87,88.99,97.62,98.94,102.43,-9.96,-4.84,40.0,40.0,86.0,97.62,98.94,102.43,-13.4,-19.8,Home
2006,Richmond,Essendon,48.68,46.25,86.8,102.98,98.99,92.16,-12.19,10.94,40.0,40.0,96.8,102.98,98.99,92.16,-9.2,-2.2,Home
2006,Sydney,Brisbane Lions,64.1,50.0,93.5,106.84,84.69,90.34,8.86,16.6,80.0,20.0,90.4,106.84,84.69,90.34,24.6,-37.6,Home
2006,Port Adelaide,Adelaide,71.43,48.15,98.95,97.01,89.09,86.72,9.98,10.29,20.0,40.0,73.4,97.01,89.09,86.72,-7.6,-5.6,Home
2006,Collingwood,Carlton,52.56,29.87,95.07,91.8,95.25,103.09,-0.18,-11.44,60.0,20.0,88.8,91.8,95.25,103.09,13.4,-15.8,Home
2006,West Coast,Fremantle,69.62,30.26,96.01,88.32,96.12,98.74,-0.12,-10.42,80.0,100.0,114.8,88.32,96.12,98.74,34.4,34.6,Away
2006,Footscray,Essendon,42.11,45.68,101.02,103.04,107.83,92.39,-6.9,10.78,40.0,40.0,91.2,103.04,107.83,92.39,-17.2,-5.4,Home
2006,Richmond,West Coast,49.35,35.44,87.07,95.79,99.08,96.26,-12.01,-0.48,60.0,80.0,112.0,95.79,99.08,96.26,3.6,30.4,Away
2006,Adelaide,Melbourne,66.25,44.3,96.91,99.45,86.77,99.03,10.14,0.42,20.0,40.0,80.0,99.45,86.77,99.03,-22.8,12.4,Home
2006,Brisbane Lions,St Kilda,75.29,32.91,106.44,94.06,90.38,98.69,16.16,-4.69,0.0,60.0,72.4,94.06,90.38,98.69,-51.0,15.8,Away
2006,Fremantle,Port Adelaide,58.44,49.38,88.51,98.93,98.49,89.04,-9.98,10.01,100.0,40.0,107.6,98.93,98.49,89.04,40.2,-4.0,Home
2006,Sydney,Carlton,64.56,29.49,93.52,91.92,84.41,103.42,9.16,-11.65,80.0,20.0,89.6,91.92,84.41,103.42,26.4,-24.6,Home
2006,Collingwood,North Melbourne,53.16,44.3,95.45,97.23,95.35,102.15,0.1,-4.95,60.0,40.0,94.6,97.23,95.35,102.15,14.8,-9.8,Home
2006,Hawthorn,Geelong,50.65,35.44,88.79,91.24,98.54,90.59,-9.75,0.66,60.0,40.0,82.8,91.24,98.54,90.59,-7.0,-1.8,Home
2006,St Kilda,Melbourne,51.9,43.75,94.15,99.42,98.43,99.36,-4.33,0.06,60.0,20.0,93.6,99.42,98.43,99.36,5.4,-9.4,Away
2006,Adelaide,Fremantle,66.67,31.17,97.25,88.92,86.82,98.32,10.44,-9.41,40.0,100.0,93.8,88.92,86.82,98.32,5.2,52.4,Home
2006,West Coast,Sydney,68.75,48.19,96.27,93.78,96.19,84.17,0.08,9.67,80.0,80.0,110.6,93.78,96.19,84.17,31.6,39.4,Away
2006,Collingwood,Footscray,53.75,38.46,95.72,101.32,95.2,107.94,0.52,-6.71,60.0,60.0,99.8,101.32,95.2,107.94,19.4,-2.6,Away
2006,Fremantle,Melbourne,58.97,44.44,88.64,99.36,98.18,99.19,-9.54,0.17,80.0,40.0,104.8,99.36,98.18,99.19,35.8,-4.4,Home
2006,West Coast,Footscray,67.9,39.24,96.19,101.44,96.12,107.76,0.08,-6.4,60.0,60.0,107.8,101.44,96.12,107.76,23.6,1.2,Home
2006,Sydney,Fremantle,65.0,30.77,93.73,88.73,84.16,98.03,9.62,-9.3,80.0,80.0,95.2,88.73,84.16,98.03,31.0,38.4,Home
2006,Adelaide,West Coast,67.07,36.25,97.12,96.3,86.57,95.77,10.55,0.54,40.0,60.0,97.4,96.3,86.57,95.77,10.4,33.2,Away
2006,West Coast,Sydney,68.29,48.81,96.23,93.93,95.64,84.21,0.6,9.77,60.0,80.0,103.2,93.93,95.64,84.21,22.8,31.6,Home
2007,Melbourne,St Kilda,59.26,33.75,99.2,94.01,99.21,98.38,-0.01,-4.42,40.0,60.0,96.8,94.01,99.21,98.38,-3.6,9.6,Away
2007,North Melbourne,Collingwood,53.16,42.5,97.06,95.63,102.38,95.36,-5.35,0.27,20.0,60.0,70.8,95.63,102.38,95.36,-29.4,12.0,Away
2007,Fremantle,Port Adelaide,59.49,48.78,88.75,98.77,98.21,89.41,-9.46,9.47,60.0,40.0,101.8,98.77,98.21,89.41,19.8,-14.4,Away
2007,Brisbane Lions,Hawthorn,74.42,35.8,106.15,89.07,90.49,98.38,15.76,-9.31,0.0,80.0,59.2,89.07,90.49,98.38,-53.8,14.2,Home
2007,Sydney,West Coast,65.43,37.04,93.87,96.16,84.22,95.57,9.71,0.6,80.0,80.0,105.8,96.16,84.22,95.57,36.8,34.4,Away
2007,Adelaide,Essendon,66.27,45.12,96.99,103.17,86.56,92.72,10.43,10.58,40.0,20.0,96.4,103.17,86.56,92.72,11.4,-17.2,Away
2007,Footscray,Geelong,42.86,35.0,101.04,91.12,107.8,90.86,-6.84,0.27,60.0,40.0,100.8,91.12,107.8,90.86,-10.8,-8.0,Home
2007,Carlton,Richmond,41.25,35.44,91.62,87.06,103.63,99.55,-12.16,-12.49,20.0,60.0,84.2,87.06,103.63,99.55,-39.4,6.6,Home
2007,Brisbane Lions,St Kilda,74.71,34.57,105.93,94.01,90.21,98.15,15.81,-4.19,20.0,60.0,55.6,94.01,90.21,98.15,-45.4,11.2,Home
2007,Richmond,Sydney,48.72,48.24,87.13,93.74,99.65,84.16,-12.52,9.64,60.0,60.0,118.8,93.74,99.65,84.16,7.6,25.2,Away
2007,Geelong,Carlton,62.5,29.11,91.13,91.77,90.99,103.59,0.14,-11.97,20.0,20.0,85.8,91.77,90.99,103.59,-15.4,-37.4,Home
2007,West Coast,Collingwood,68.67,43.21,96.02,95.54,95.43,95.26,0.6,0.28,80.0,80.0,88.2,95.54,95.43,95.26,17.0,15.2,Home
2007,Port Adelaide,North Melbourne,71.76,43.75,98.9,96.95,89.51,102.25,9.51,-5.33,60.0,0.0,96.0,96.95,89.51,102.25,-7.4,-33.8,Home
2007,Essendon,Fremantle,67.86,30.38,103.18,88.85,92.6,98.35,10.7,-9.5,40.0,40.0,104.6,88.85,92.6,98.35,-2.4,5.2,Home
2007,Footscray,Adelaide,43.59,47.56,101.12,96.85,107.7,86.67,-6.67,10.18,60.0,40.0,102.4,96.85,107.7,86.67,-8.2,6.6,Away
2007,Hawthorn,Melbourne,51.28,43.9,88.79,98.98,98.19,99.17,-9.41,-0.2,80.0,20.0,94.4,98.98,98.19,99.17,19.8,-19.8,Home
2007,Collingwood,Richmond,53.09,35.0,95.42,87.03,95.21,99.57,0.21,-12.54,60.0,40.0,106.4,87.03,95.21,99.57,12.4,-12.0,Home
2007,Carlton,Essendon,41.98,45.78,91.72,103.29,103.96,92.72,-12.39,10.7,20.0,40.0,90.0,103.29,103.96,92.72,-48.4,-3.0,Home
2007,Port Adelaide,Adelaide,72.09,48.19,99.04,96.93,89.59,86.58,9.56,10.35,60.0,60.0,99.4,96.93,89.59,86.58,-6.6,17.0,Away
2007,St Kilda,Footscray,51.25,38.75,93.73,100.94,98.17,107.72,-4.49,-6.87,60.0,60.0,93.0,100.94,98.17,107.72,12.4,-5.8,Home
2007,Fremantle,West Coast,58.75,37.8,88.99,95.97,98.5,95.31,-9.51,0.67,20.0,100.0,91.4,95.97,98.5,95.31,-12.6,19.6,Away
2007,Sydney,Brisbane Lions,64.63,49.4,93.71,105.91,84.08,89.98,9.68,16.02,60.0,40.0,91.4,105.91,84.08,89.98,10.0,-18.6,Home
2007,Melbourne,Geelong,58.54,34.57,98.95,91.57,99.27,90.95,-0.33,0.63,20.0,40.0,82.8,91.57,99.27,90.95,-24.2,4.8,Away
2007,North Melbourne,Hawthorn,52.5,35.37,96.99,88.96,102.37,98.17,-5.41,-9.21,0.0,80.0,74.4,88.96,102.37,98.17,-32.2,19.6,Away
2007,Richmond,Footscray,48.1,38.27,87.05,100.72,99.67,107.77,-12.62,-7.14,20.0,40.0,94.8,100.72,99.67,107.77,-26.0,-20.2,Away
2007,Collingwood,Port Adelaide,53.66,49.4,95.54,98.82,95.18,89.58,0.36,9.36,60.0,60.0,98.2,98.82,95.18,89.58,8.6,-11.0,Away
2007,St Kilda,Essendon,51.85,45.24,93.87,103.4,97.98,92.91,-4.16,10.62,60.0,40.0,87.8,103.4,97.98,92.91,12.4,0.0,Away
2007,North Melbourne,Brisbane Lions,51.85,48.81,96.83,105.69,102.3,90.01,-5.51,15.77,0.0,40.0,72.0,105.69,102.3,90.01,-26.4,-11.6,Home
2007,Adelaide,Sydney,65.48,48.84,96.87,93.72,86.44,83.99,10.43,9.79,60.0,60.0,84.4,93.72,86.44,83.99,10.2,15.2,Home
2007,Hawthorn,Geelong,51.9,35.37,88.97,91.67,97.99,90.74,-9.02,0.95,80.0,40.0,88.4,91.67,97.99,90.74,20.2,9.8,Home
2007,Melbourne,Fremantle,57.83,30.0,98.69,88.88,99.33,98.52,-0.64,-9.64,20.0,20.0,75.4,88.88,99.33,98.52,-23.0,-12.8,Away
2007,West Coast,Carlton,69.05,28.75,96.0,91.93,95.16,104.07,0.86,-12.29,100.0,40.0,86.4,91.93,95.16,104.07,11.0,-38.8,Home
2007,Essendon,Collingwood,68.24,42.68,103.38,95.36,92.76,95.11,10.74,0.25,60.0,40.0,114.6,95.36,92.76,95.11,9.4,-8.6,Away
2007,Port Adelaide,St Kilda,71.26,34.15,98.74,93.71,89.44,97.98,9.41,-4.32,60.0,40.0,92.4,93.71,89.44,97.98,-10.2,-4.0,Home
2007,Richmond,West Coast,47.5,38.55,87.13,96.02,99.87,94.82,-12.74,1.22,0.0,100.0,89.0,96.02,99.87,94.82,-35.6,21.2,Away
2007,Carlton,Brisbane Lions,42.68,48.24,91.6,105.45,104.04,89.99,-12.6,15.54,40.0,40.0,81.4,105.45,104.04,89.99,-42.2,-5.0,Away
2007,Sydney,Melbourne,65.06,43.37,93.43,98.65,83.86,99.56,9.63,-0.91,40.0,0.0,77.0,98.65,83.86,99.56,4.8,-35.6,Home
2007,Hawthorn,Footscray,52.5,39.02,88.89,100.91,97.83,107.72,-8.94,-6.89,80.0,40.0,92.0,100.91,97.83,107.72,16.6,-22.0,Away
2007,Geelong,North Melbourne,62.96,43.21,91.55,96.77,90.65,102.06,0.92,-5.33,40.0,20.0,101.6,96.77,90.65,102.06,9.0,-17.2,Away
2007,Fremantle,Adelaide,58.02,48.81,89.17,96.66,98.48,86.19,-9.3,10.47,20.0,60.0,103.2,96.66,98.48,86.19,-9.4,7.6,Home
2007,St Kilda,Carlton,51.22,28.4,93.41,91.8,97.97,104.24,-4.62,-12.59,40.0,40.0,74.0,91.8,97.97,104.24,-11.0,-26.2,Home
2007,Essendon,Hawthorn,67.44,36.14,103.23,88.91,92.78,97.91,10.58,-8.99,60.0,60.0,105.4,88.91,92.78,97.91,10.6,1.0,Away
2007,West Coast,Footscray,69.41,39.76,96.04,100.97,94.71,107.63,1.36,-6.74,100.0,60.0,92.2,100.97,94.71,107.63,25.6,-3.8,Home
2007,North Melbourne,Sydney,52.44,48.28,96.9,93.52,102.06,83.72,-5.2,9.86,40.0,60.0,91.6,93.52,102.06,83.72,-0.4,14.8,Home
2007,Adelaide,Collingwood,65.88,43.37,96.42,95.36,86.02,95.01,10.4,0.34,60.0,60.0,77.8,95.36,86.02,95.01,9.4,2.8,Away
2007,Brisbane Lions,Fremantle,75.0,30.86,105.62,88.98,90.19,98.22,15.52,-9.24,60.0,40.0,87.8,88.98,90.19,98.22,7.6,-2.2,Home
2007,Melbourne,Port Adelaide,57.14,50.0,98.42,98.72,99.61,89.17,-1.2,9.66,0.0,80.0,73.0,98.72,99.61,89.17,-39.8,16.2,Away
2007,Richmond,Geelong,46.91,34.94,87.06,91.62,99.86,90.82,-12.8,0.81,0.0,40.0,87.2,91.62,99.86,90.82,-22.6,18.0,Away
2007,North Melbourne,Essendon,53.01,45.88,96.98,103.19,102.02,93.0,-5.07,10.31,60.0,40.0,98.0,103.19,102.02,93.0,3.4,-2.6,Home
2007,Collingwood,Carlton,53.01,28.05,95.3,91.74,94.81,104.36,0.49,-12.78,60.0,20.0,87.4,91.74,94.81,104.36,7.0,-38.2,Home
2007,Port Adelaide,Richmond,71.59,34.57,98.59,86.93,89.06,100.61,9.64,-13.69,80.0,0.0,88.2,86.93,89.06,100.61,14.0,-50.6,Home
2007,Brisbane Lions,Adelaide,75.28,48.24,105.7,96.22,90.1,86.02,15.69,10.2,60.0,60.0,98.0,96.22,90.1,86.02,11.6,10.8,Away
2007,St Kilda,Sydney,51.81,47.73,93.6,93.53,97.87,83.88,-4.33,9.71,40.0,60.0,80.4,93.53,97.87,83.88,-8.6,11.8,Home
2007,Geelong,West Coast,62.2,39.29,92.4,95.93,90.66,94.52,1.77,1.44,60.0,100.0,133.4,95.93,90.66,94.52,53.4,28.4,Home
2007,Footscray,Melbourne,43.04,42.86,100.73,98.26,107.44,99.47,-6.8,-1.22,40.0,0.0,88.4,98.26,107.44,99.47,-10.8,-34.6,Home
2007,Fremantle,Hawthorn,58.54,36.9,88.9,89.17,98.35,97.9,-9.46,-8.73,40.0,80.0,90.4,89.17,98.35,97.9,-8.0,13.0,Home
2007,Adelaide,Richmond,65.12,34.15,96.24,86.85,85.92,100.7,10.32,-13.85,60.0,0.0,73.4,86.85,85.92,100.7,9.4,-55.4,Home
2007,Essendon,Brisbane Lions,66.67,48.84,103.14,105.49,93.14,90.16,10.12,15.42,20.0,40.0,98.2,105.49,93.14,90.16,-9.0,-5.0,Home
2007,Geelong,Fremantle,62.65,30.49,92.5,88.94,90.54,98.24,2.0,-9.3,60.0,60.0,122.8,88.94,90.54,98.24,45.6,-2.8,Home
2007,North Melbourne,Carlton,53.57,27.71,97.1,91.76,101.98,104.45,-4.9,-12.85,80.0,20.0,100.6,91.76,101.98,104.45,11.4,-27.4,Home
2007,Hawthorn,St Kilda,51.85,33.73,89.11,93.62,97.89,97.71,-8.77,-4.15,60.0,60.0,94.2,93.62,97.89,97.71,5.4,7.0,Home
2007,Sydney,Port Adelaide,65.48,50.59,93.4,98.68,83.95,88.98,9.5,9.81,40.0,80.0,83.0,98.68,83.95,88.98,3.4,18.4,Home
2007,Footscray,Collingwood,43.75,44.05,100.8,95.44,107.43,94.82,-6.72,0.62,60.0,80.0,96.4,95.44,107.43,94.82,-2.0,14.2,Home
2007,West Coast,Melbourne,69.77,42.35,95.78,98.31,94.6,99.55,1.2,-1.25,80.0,0.0,89.4,98.31,94.6,99.55,18.2,-31.4,Home
2007,Fremantle,St Kilda,59.04,33.33,88.82,93.32,98.22,97.56,-9.4,-4.29,60.0,40.0,87.0,93.32,98.22,97.56,-1.6,-8.6,Home
2007,Carlton,Adelaide,42.17,48.84,91.99,96.26,104.71,85.95,-12.87,10.31,0.0,60.0,94.0,96.26,104.71,85.95,-31.4,6.4,Away
2007,Hawthorn,West Coast,52.44,38.82,89.01,96.02,97.56,94.4,-8.55,1.64,60.0,80.0,90.4,96.02,97.56,94.4,6.8,27.4,Home
2007,Brisbane Lions,Collingwood,74.44,43.53,105.25,95.48,90.37,95.05,14.97,0.43,40.0,60.0,90.2,95.48,90.37,95.05,-12.4,2.6,Away
2007,Richmond,Essendon,46.34,45.35,86.87,103.28,100.69,92.97,-13.82,10.44,0.0,40.0,81.2,103.28,100.69,92.97,-52.2,4.4,Away
2007,Footscray,Sydney,44.44,47.19,101.01,93.54,107.4,83.97,-6.47,9.62,80.0,40.0,110.2,93.54,107.4,83.97,14.6,4.2,Away
2007,Melbourne,North Melbourne,56.47,43.9,98.08,97.4,99.77,102.14,-1.69,-4.77,0.0,100.0,77.8,97.4,99.77,102.14,-36.4,19.0,Away
2007,Port Adelaide,Geelong,71.91,35.71,98.62,92.51,89.15,90.41,9.58,2.14,80.0,60.0,91.6,92.51,89.15,90.41,17.0,40.2,Away
2007,Collingwood,Fremantle,53.57,30.12,95.62,88.89,95.01,97.96,0.62,-9.07,80.0,60.0,104.4,88.89,95.01,97.96,12.8,-1.4,Home
2007,Melbourne,Adelaide,55.81,49.43,97.97,96.31,99.65,85.95,-1.69,10.36,0.0,60.0,75.0,96.31,99.65,85.95,-27.6,6.8,Home
2007,West Coast,North Melbourne,70.11,44.58,95.83,97.29,94.43,102.0,1.43,-4.74,60.0,100.0,89.4,97.29,94.43,102.0,8.2,14.4,Home
2007,Sydney,Essendon,65.88,45.98,93.58,103.22,83.82,92.91,9.82,10.42,60.0,40.0,98.6,103.22,83.82,92.91,16.2,-0.2,Away
2007,Richmond,Brisbane Lions,45.78,48.28,86.86,105.15,100.64,90.53,-13.78,14.7,0.0,40.0,78.0,105.15,100.64,90.53,-47.4,-14.2,Draw
2007,Port Adelaide,Hawthorn,71.11,36.47,98.4,89.07,89.3,97.36,9.2,-8.29,60.0,60.0,86.8,89.07,89.3,97.36,2.2,13.0,Away
2007,Carlton,Footscray,41.67,39.29,91.95,100.74,104.71,107.36,-12.91,-6.7,0.0,60.0,103.4,100.74,104.71,107.36,-23.0,-0.4,Home
2007,St Kilda,Geelong,52.38,36.47,93.09,92.65,97.58,90.23,-4.54,2.46,40.0,80.0,72.8,92.65,97.58,90.23,-11.6,52.2,Away
2007,Essendon,West Coast,67.05,38.37,103.05,95.98,92.8,94.2,10.37,1.81,60.0,60.0,96.8,95.98,92.8,94.2,3.2,16.8,Home
2007,Hawthorn,Sydney,53.01,47.78,89.19,93.46,97.23,83.76,-8.04,9.75,80.0,40.0,98.2,93.46,97.23,83.76,23.2,6.2,Away
2007,Carlton,Port Adelaide,42.35,50.0,92.22,98.27,104.85,89.41,-12.77,8.95,20.0,40.0,106.2,98.27,104.85,89.41,-18.6,-15.2,Home
2007,Brisbane Lions,Footscray,73.63,38.82,104.97,100.9,90.44,107.54,14.7,-6.72,20.0,40.0,82.4,100.9,90.44,107.54,-16.6,-5.8,Away
2007,Adelaide,Geelong,65.52,37.21,96.17,92.84,85.97,90.08,10.21,2.81,60.0,100.0,87.6,92.84,85.97,90.08,3.6,67.4,Away
2007,St Kilda,North Melbourne,51.76,44.05,92.93,97.04,97.74,102.11,-4.87,-5.1,40.0,80.0,77.2,97.04,97.74,102.11,-13.0,-2.0,Away
2007,Fremantle,Richmond,59.52,33.73,88.92,86.77,97.99,100.47,-9.07,-13.78,40.0,0.0,87.0,86.77,97.99,100.47,-3.4,-42.8,Home
2007,Melbourne,Collingwood,56.32,44.19,97.91,95.67,99.49,95.0,-1.58,0.67,20.0,80.0,80.8,95.67,99.49,95.0,-14.4,11.4,Home
2007,Carlton,Hawthorn,43.02,37.21,92.51,89.05,104.83,97.1,-12.46,-8.05,40.0,60.0,118.0,89.05,104.83,97.1,-2.2,14.4,Away
2007,North Melbourne,Adelaide,54.12,48.86,96.94,95.98,101.85,85.87,-4.94,10.11,80.0,60.0,95.6,95.98,101.85,85.87,-0.8,7.0,Away
2007,Footscray,Fremantle,43.9,29.76,100.87,89.12,107.33,98.01,-6.54,-8.89,60.0,60.0,105.4,89.12,107.33,98.01,1.8,9.8,Home
2007,Geelong,Brisbane Lions,63.1,47.73,92.7,104.79,89.92,90.46,2.83,14.49,100.0,0.0,102.6,104.79,89.92,90.46,37.4,-30.2,Home
2007,Port Adelaide,Essendon,70.33,46.59,98.29,103.01,89.7,92.81,8.68,10.31,20.0,80.0,87.8,103.01,89.7,92.81,-24.0,10.4,Home
2007,Richmond,Melbourne,45.24,41.86,86.86,97.89,100.61,99.38,-13.83,-1.5,0.0,40.0,84.8,97.89,100.61,99.38,-15.6,-10.8,Home
2007,Sydney,Collingwood,65.12,43.68,93.36,95.58,83.66,94.99,9.75,0.59,60.0,60.0,87.4,95.58,83.66,94.99,11.2,4.0,Away
2007,West Coast,St Kilda,70.45,32.94,95.97,92.73,94.21,97.64,1.79,-4.97,40.0,20.0,97.2,92.73,94.21,97.64,13.6,-26.0,Away
2007,Essendon,Melbourne,67.42,41.38,102.96,97.76,92.99,99.52,10.08,-1.77,80.0,40.0,96.6,97.76,92.99,99.52,8.6,-19.4,Home
2007,Geelong,Sydney,63.53,48.35,92.66,93.15,89.6,83.62,3.11,9.59,100.0,60.0,97.8,93.15,89.6,83.62,39.6,12.6,Home
2007,Fremantle,Carlton,60.0,27.38,89.28,92.44,98.26,105.27,-8.99,-12.98,40.0,40.0,100.4,92.44,98.26,105.27,1.4,-17.4,Home
2007,Brisbane Lions,Port Adelaide,72.83,49.43,104.4,98.44,90.43,89.73,14.13,8.81,0.0,20.0,66.0,98.44,90.43,89.73,-34.0,-25.8,Away
2007,St Kilda,Richmond,51.16,33.33,92.76,87.08,97.51,100.46,-4.81,-13.45,20.0,20.0,64.2,87.08,97.51,100.46,-26.6,2.2,Home
2007,Adelaide,West Coast,64.77,37.93,96.0,95.85,85.69,94.23,10.31,1.65,60.0,40.0,87.6,95.85,85.69,94.23,10.0,16.8,Away
2007,North Melbourne,Footscray,53.49,39.53,96.69,101.11,101.84,107.37,-5.18,-6.34,60.0,60.0,83.0,101.11,101.84,107.37,-14.4,5.8,Home
2007,Collingwood,Hawthorn,54.12,37.93,95.47,89.58,94.77,97.0,0.69,-7.42,60.0,80.0,96.4,89.58,94.77,97.0,3.0,37.6,Away
2007,Essendon,Geelong,67.78,37.93,103.08,92.62,93.16,89.48,10.03,3.2,80.0,100.0,96.2,92.62,93.16,89.48,-3.8,38.2,Away
2007,Collingwood,St Kilda,53.49,33.72,95.42,92.9,94.78,97.53,0.64,-4.68,60.0,40.0,93.4,92.9,94.78,97.53,8.0,-17.6,Home
2007,Footscray,Port Adelaide,44.58,50.0,101.01,98.52,107.39,89.82,-6.46,8.8,40.0,40.0,101.2,98.52,107.39,89.82,-6.0,-18.2,Home
2007,Adelaide,Hawthorn,64.04,38.64,95.88,89.62,85.74,96.94,10.13,-7.33,40.0,80.0,82.6,89.62,85.74,96.94,4.0,33.6,Home
2007,West Coast,Brisbane Lions,69.66,47.19,95.85,104.41,94.12,90.55,1.76,14.01,40.0,0.0,90.0,104.41,94.12,90.55,5.6,-22.6,Away
2007,Sydney,Fremantle,64.37,29.41,93.02,89.77,83.64,98.25,9.43,-8.49,40.0,60.0,74.8,89.77,83.64,98.25,2.8,21.8,Home
2007,Carlton,Melbourne,42.53,40.91,92.46,97.9,105.66,99.66,-13.36,-1.77,40.0,40.0,108.2,97.9,105.66,99.66,-29.4,-4.4,Away
2007,Richmond,North Melbourne,45.88,44.71,87.16,96.77,100.55,101.74,-13.47,-5.0,20.0,60.0,96.6,96.77,100.55,101.74,0.6,-12.6,Away
2007,St Kilda,Adelaide,51.72,49.44,92.83,95.91,97.48,85.44,-4.7,10.47,40.0,40.0,83.8,95.91,97.48,85.44,-10.2,14.4,Home
2007,Geelong,Collingwood,63.95,44.32,92.86,95.38,89.44,94.69,3.47,0.69,100.0,60.0,99.8,95.38,89.44,94.69,37.0,3.2,Home
2007,Port Adelaide,West Coast,70.65,38.64,98.6,95.67,90.06,94.1,8.64,1.59,40.0,40.0,105.6,95.67,90.06,94.1,-11.0,7.2,Home
2007,Essendon,Footscray,67.03,39.08,102.97,101.2,93.38,107.43,9.7,-6.3,60.0,60.0,94.4,101.2,93.38,107.43,-15.4,6.6,Away
2007,Melbourne,Brisbane Lions,56.82,47.78,98.05,104.33,99.67,90.4,-1.63,14.08,60.0,20.0,101.0,104.33,99.67,90.4,0.4,-10.6,Away
2007,Sydney,Carlton,64.77,27.06,92.99,92.51,83.51,105.77,9.54,-13.42,40.0,40.0,72.6,92.51,83.51,105.77,-0.2,-30.2,Home
2007,Hawthorn,Richmond,52.38,32.94,89.28,87.11,96.97,100.57,-7.69,-13.54,60.0,20.0,96.2,87.11,96.97,100.57,12.4,-2.8,Home
2007,Fremantle,North Melbourne,60.47,45.35,89.6,96.82,98.2,101.61,-8.6,-4.83,40.0,60.0,113.2,96.82,98.2,101.61,7.0,-7.8,Away
2007,Geelong,Footscray,64.37,39.77,92.78,101.37,89.3,107.37,3.55,-6.07,100.0,80.0,90.8,101.37,89.3,107.37,28.2,15.2,Home
2007,Collingwood,Essendon,54.02,46.07,95.2,102.94,94.61,93.59,0.6,9.46,40.0,40.0,79.4,102.94,94.61,93.59,-1.8,-22.2,Home
2007,Adelaide,Fremantle,64.44,29.07,95.82,89.53,85.42,98.1,10.41,-8.57,40.0,40.0,83.6,89.53,85.42,98.1,17.4,8.0,Away
2007,St Kilda,Hawthorn,52.27,38.2,92.77,89.51,97.38,96.85,-4.66,-7.34,60.0,60.0,87.2,89.51,97.38,96.85,2.2,16.2,Home
2007,West Coast,Sydney,68.89,47.83,95.48,93.38,94.43,83.6,1.07,9.83,20.0,60.0,78.2,93.38,94.43,83.6,-24.2,12.4,Home
2007,Brisbane Lions,Carlton,72.04,26.74,104.45,92.55,90.36,106.09,14.25,-13.7,40.0,20.0,85.8,92.55,90.36,106.09,-1.8,-44.6,Home
2007,Richmond,Port Adelaide,45.35,49.44,87.05,98.9,100.74,89.9,-13.77,9.09,20.0,60.0,96.2,98.9,100.74,89.9,-13.4,14.0,Away
2007,North Melbourne,Melbourne,54.02,41.57,96.73,97.96,101.48,99.82,-4.77,-1.87,80.0,40.0,86.2,97.96,101.48,99.82,6.2,-11.8,Home
2007,Footscray,West Coast,45.24,38.2,101.15,95.57,107.55,94.46,-6.47,1.13,60.0,40.0,110.6,95.57,107.55,94.46,-4.4,-21.6,Away
2007,Carlton,St Kilda,42.05,33.33,92.29,92.78,106.42,97.27,-14.29,-4.54,0.0,80.0,84.6,92.78,106.42,97.27,-75.8,10.0,Away
2007,Fremantle,Geelong,59.77,38.64,89.74,93.04,98.12,89.15,-8.38,3.96,40.0,100.0,110.6,93.04,98.12,89.15,8.8,41.8,Away
2007,Collingwood,Brisbane Lions,54.55,48.35,95.36,104.77,94.6,90.12,0.76,14.81,60.0,60.0,87.6,104.77,94.6,90.12,6.6,26.2,Away
2007,Sydney,Richmond,65.17,32.56,93.41,87.12,83.76,101.05,9.71,-14.01,40.0,20.0,95.4,87.12,83.76,101.05,8.2,-20.2,Home
2007,Hawthorn,North Melbourne,52.94,45.98,89.44,96.9,96.84,101.25,-7.4,-4.38,60.0,80.0,102.6,96.9,96.84,101.25,14.6,14.6,Away
2007,Essendon,Adelaide,66.3,48.89,102.89,95.85,93.75,85.64,9.24,10.21,20.0,40.0,98.8,95.85,93.75,85.64,-28.2,13.8,Home
2007,Port Adelaide,Melbourne,70.97,41.11,99.2,97.76,89.96,99.97,9.35,-2.22,80.0,20.0,131.8,97.76,89.96,99.97,32.8,-27.2,Home
2007,Footscray,St Kilda,44.71,34.09,100.98,92.88,107.84,97.29,-6.94,-4.46,40.0,80.0,96.6,92.88,107.84,97.29,-27.0,7.4,Draw
2007,Carlton,Collingwood,41.57,43.82,92.34,95.13,106.44,94.9,-14.27,0.23,0.0,40.0,88.8,95.13,106.44,94.9,-57.8,-15.8,Away
2007,Geelong,Richmond,64.77,32.18,93.31,87.03,89.05,101.26,4.33,-14.31,100.0,0.0,115.6,87.03,89.05,101.26,45.4,-43.2,Home
2007,Brisbane Lions,North Melbourne,72.34,46.59,105.01,96.96,89.94,101.08,15.23,-4.14,80.0,100.0,126.8,96.96,89.94,101.08,54.8,31.2,Home
2007,Adelaide,Port Adelaide,63.74,50.0,95.9,99.55,85.81,89.87,10.09,9.79,20.0,80.0,92.4,99.55,85.81,89.87,2.2,44.4,Home
2007,Melbourne,Sydney,56.18,47.31,97.63,93.66,100.32,83.69,-2.7,10.02,20.0,60.0,93.0,93.66,100.32,83.69,-35.2,25.2,Away
2007,Hawthorn,Essendon,52.33,45.56,89.34,102.97,96.9,93.81,-7.57,9.26,40.0,40.0,80.8,102.97,96.9,93.81,-12.8,-19.6,Home
2007,West Coast,Fremantle,69.23,29.89,95.92,89.64,94.33,98.36,1.61,-8.72,60.0,40.0,98.2,89.64,94.33,98.36,0.4,0.4,Away
2007,Richmond,Collingwood,44.83,44.44,86.93,95.27,101.48,94.91,-14.63,0.36,0.0,60.0,79.2,95.27,101.48,94.91,-53.8,-9.4,Home
2007,Hawthorn,Brisbane Lions,52.87,48.91,89.5,104.86,96.67,89.67,-7.17,15.35,40.0,100.0,85.6,104.86,96.67,89.67,-1.8,63.6,Home
2007,Port Adelaide,Carlton,71.28,26.44,99.36,92.36,89.78,106.52,9.69,-14.33,60.0,0.0,129.8,92.36,89.78,106.52,41.4,-47.2,Home
2007,Melbourne,Footscray,55.56,39.33,97.44,100.89,100.38,107.71,-2.96,-6.94,20.0,40.0,81.2,100.89,100.38,107.71,-44.4,-21.8,Home
2007,Sydney,St Kilda,65.56,33.71,93.76,92.84,83.59,97.22,10.22,-4.46,80.0,60.0,120.2,92.84,83.59,97.22,38.4,4.0,Home
2007,North Melbourne,West Coast,54.55,38.89,96.64,95.92,100.94,94.49,-4.33,1.45,80.0,40.0,92.0,95.92,100.94,94.49,18.6,-9.2,Away
2007,Geelong,Adelaide,65.17,48.35,93.56,95.78,88.94,85.7,4.7,10.08,100.0,40.0,126.0,95.78,88.94,85.7,55.8,8.0,Home
2007,Fremantle,Essendon,59.09,45.05,89.84,102.71,98.35,93.95,-8.52,8.86,40.0,20.0,92.2,102.71,98.35,93.95,-9.6,-32.6,Home
2007,Collingwood,Melbourne,53.93,40.66,95.28,97.62,95.03,100.31,0.25,-2.71,40.0,20.0,91.6,97.62,95.03,100.31,-15.2,-40.6,Home
2007,Essendon,Carlton,66.67,26.14,102.57,92.36,94.19,106.57,8.47,-14.38,20.0,0.0,88.2,92.36,94.19,106.57,-35.2,-47.2,Home
2007,St Kilda,Fremantle,52.81,30.68,92.68,90.12,97.13,98.23,-4.53,-8.11,60.0,60.0,87.6,90.12,97.13,98.23,2.4,8.6,Home
2007,Brisbane Lions,Sydney,72.63,47.87,104.78,93.69,89.8,83.49,15.14,10.26,80.0,80.0,121.2,93.69,89.8,83.49,53.4,36.2,Draw
2007,West Coast,Richmond,68.48,31.82,96.05,87.1,94.54,101.45,1.54,-14.43,60.0,20.0,109.6,87.1,94.54,101.45,-0.4,-44.8,Home
2007,Hawthorn,Port Adelaide,53.41,49.45,89.65,99.45,96.64,89.8,-6.99,9.76,60.0,80.0,102.4,99.45,96.64,89.8,17.2,50.0,Away
2007,North Melbourne,Geelong,53.93,39.33,96.67,93.61,101.04,88.83,-4.4,4.86,60.0,100.0,91.6,93.61,101.04,88.83,10.2,52.4,Away
2007,Adelaide,Footscray,64.13,38.89,95.64,100.81,85.79,107.83,9.84,-7.14,20.0,20.0,85.8,100.81,85.79,107.83,-12.8,-34.2,Home
2007,St Kilda,West Coast,53.33,39.56,92.87,96.16,97.13,94.49,-4.33,1.7,60.0,80.0,96.4,96.16,97.13,94.49,8.0,24.0,Away
2007,Carlton,North Melbourne,41.11,46.07,92.45,96.64,106.64,101.14,-14.35,-4.53,0.0,40.0,88.8,96.64,106.64,101.14,-36.8,4.0,Away
2007,Fremantle,Melbourne,59.55,40.22,90.15,97.46,98.39,100.2,-8.24,-2.75,60.0,20.0,111.6,97.46,98.39,100.2,3.4,-34.0,Home
2007,Collingwood,Sydney,54.44,47.37,95.2,93.53,94.89,83.38,0.31,10.26,60.0,60.0,95.0,93.53,94.89,83.38,-9.8,23.8,Home
2007,Adelaide,Brisbane Lions,64.52,48.39,95.7,104.56,85.72,89.66,9.97,15.14,40.0,60.0,91.2,104.56,85.72,89.66,-5.6,44.6,Home
2007,Footscray,Hawthorn,44.19,37.78,100.65,89.6,107.82,96.59,-7.3,-6.98,0.0,40.0,75.8,89.6,107.82,96.59,-47.6,5.6,Away
2007,Geelong,Port Adelaide,65.56,50.0,93.75,99.39,88.84,89.75,4.99,9.74,100.0,80.0,127.6,99.39,88.84,89.75,54.6,32.8,Away
2007,Essendon,Richmond,67.02,31.46,102.66,87.09,94.27,101.54,8.48,-14.53,40.0,20.0,92.2,87.09,94.27,101.54,-26.6,-40.4,Away
2007,Collingwood,Adelaide,54.95,47.83,95.23,95.65,94.79,85.59,0.45,10.06,60.0,60.0,90.8,95.65,94.79,85.59,-10.6,4.6,Away
2007,Richmond,St Kilda,45.45,33.33,87.27,92.9,101.48,97.18,-14.29,-4.35,40.0,40.0,92.4,92.9,101.48,97.18,-24.0,3.0,Away
2007,West Coast,Essendon,68.82,44.57,96.22,102.6,94.51,94.4,1.74,8.29,80.0,40.0,119.4,102.6,94.51,94.4,23.2,-26.2,Home
2007,Brisbane Lions,Geelong,71.88,40.0,104.33,93.79,89.64,88.94,14.92,4.93,40.0,80.0,88.0,93.79,89.64,88.94,16.0,38.6,Away
2007,Port Adelaide,Fremantle,71.58,30.34,99.42,90.45,89.81,98.31,9.71,-7.86,80.0,60.0,107.4,90.45,89.81,98.31,22.8,10.2,Home
2007,Sydney,Hawthorn,65.93,38.46,93.43,89.94,83.47,96.42,10.07,-6.48,60.0,60.0,94.2,89.94,83.47,96.42,21.2,25.8,Home
2007,Footscray,North Melbourne,43.68,46.67,100.46,96.99,108.07,101.02,-7.74,-4.04,0.0,40.0,76.6,96.99,108.07,101.02,-49.4,7.6,Away
2007,Melbourne,Carlton,56.04,25.84,97.4,92.37,100.44,106.94,-3.06,-14.73,20.0,0.0,84.4,92.37,100.44,106.94,-33.0,-29.8,Home
2007,Port Adelaide,West Coast,71.88,40.22,99.51,96.41,89.79,94.67,9.83,1.77,80.0,80.0,98.2,96.41,89.79,94.67,11.4,7.4,Home
2007,Hawthorn,Adelaide,52.81,48.39,89.83,95.64,96.67,85.53,-6.84,10.11,60.0,80.0,107.2,95.64,96.67,85.53,18.8,10.8,Home
2007,Collingwood,Sydney,54.35,46.88,95.12,93.69,94.78,83.39,0.34,10.4,60.0,60.0,94.6,93.69,94.78,83.39,4.2,22.4,Home
2007,Geelong,North Melbourne,64.84,47.25,94.07,97.33,89.02,100.97,5.14,-3.67,80.0,40.0,121.2,97.33,89.02,100.97,33.4,13.0,Home
2007,West Coast,Collingwood,69.15,43.96,96.24,95.28,94.52,94.74,1.74,0.54,80.0,60.0,107.8,95.28,94.52,94.74,12.2,7.0,Away
2007,North Melbourne,Hawthorn,53.33,38.04,97.07,89.91,101.27,96.7,-4.23,-6.79,40.0,60.0,112.2,89.91,101.27,96.7,-0.8,6.8,Home
2007,Geelong,Collingwood,65.22,44.57,94.41,95.27,88.8,94.63,5.7,0.64,80.0,80.0,124.6,95.27,88.8,94.63,40.6,14.8,Home
2007,Port Adelaide,North Melbourne,72.16,46.74,99.35,97.04,89.66,101.05,9.79,-4.03,100.0,60.0,98.8,97.04,89.66,101.05,13.6,9.2,Home
2007,Geelong,Port Adelaide,65.59,50.54,94.4,99.52,88.79,89.43,5.7,10.2,80.0,100.0,122.4,99.52,88.79,89.43,35.0,26.4,Home
2008,Carlton,Richmond,40.66,32.22,92.46,87.3,107.12,101.49,-14.82,-14.27,0.0,40.0,96.8,87.3,107.12,101.49,-34.0,-12.8,Away
2008,Port Adelaide,Geelong,72.45,40.66,99.23,94.77,89.81,88.55,9.52,6.32,80.0,80.0,93.6,94.77,89.81,88.55,1.6,53.4,Away
2008,Collingwood,Fremantle,54.84,30.0,95.23,90.42,94.61,98.42,0.61,-7.99,60.0,60.0,96.2,90.42,94.61,98.42,11.6,17.4,Home
2008,West Coast,Brisbane Lions,68.42,47.87,96.12,104.32,94.52,89.93,1.63,14.62,60.0,20.0,98.8,104.32,94.52,89.93,5.0,-11.0,Home
2008,St Kilda,Sydney,52.75,46.39,92.95,93.65,97.15,83.61,-4.27,10.14,40.0,40.0,95.2,93.65,97.15,83.61,3.0,5.2,Home
2008,Footscray,Adelaide,43.18,47.87,100.42,95.67,108.34,85.63,-8.06,10.04,0.0,60.0,81.0,95.67,108.34,85.63,-44.8,8.6,Home
2008,Hawthorn,Melbourne,53.33,39.78,89.75,97.62,96.68,100.48,-6.93,-2.88,40.0,40.0,93.4,97.62,96.68,100.48,-4.6,-9.0,Home
2008,North Melbourne,Essendon,53.85,44.09,96.77,102.71,101.22,94.6,-4.48,8.2,60.0,20.0,101.4,102.71,101.22,94.6,-2.8,-30.2,Away
2008,Brisbane Lions,Collingwood,71.13,44.09,104.17,95.31,89.94,94.56,14.46,0.75,0.0,60.0,78.6,95.31,89.94,94.56,-21.6,11.8,Home
2008,Adelaide,West Coast,64.89,39.78,95.81,96.1,85.85,94.42,9.97,1.71,60.0,60.0,102.4,96.1,85.85,94.42,14.6,2.0,Home
2008,Melbourne,Footscray,56.52,38.46,97.37,100.56,100.77,108.42,-3.42,-7.99,40.0,20.0,94.6,100.56,100.77,108.42,-20.2,-44.2,Away
2008,Fremantle,Hawthorn,60.0,37.63,90.39,90.1,98.49,96.42,-8.09,-6.33,40.0,60.0,110.0,90.1,98.49,96.42,6.8,17.2,Away
2008,St Kilda,Carlton,53.26,25.56,92.72,92.38,96.89,107.13,-4.24,-14.91,60.0,0.0,88.4,92.38,96.89,107.13,3.4,-35.2,Home
2008,Sydney,Port Adelaide,66.3,50.0,93.42,99.22,83.44,89.89,10.08,9.42,20.0,60.0,83.2,99.22,83.44,89.89,1.4,-1.2,Home
2008,Geelong,Essendon,65.96,44.68,94.82,102.81,88.59,94.46,6.33,8.45,100.0,40.0,132.2,102.81,88.59,94.46,56.2,-6.6,Home
2008,Richmond,North Melbourne,44.94,46.24,87.42,96.61,101.36,101.34,-14.02,-4.76,60.0,40.0,104.4,96.61,101.36,101.34,7.2,-30.2,Away
2008,Footscray,St Kilda,43.82,34.07,100.9,92.89,108.19,96.82,-7.42,-3.99,40.0,80.0,104.0,92.89,108.19,96.82,-16.8,14.8,Home
2008,North Melbourne,Hawthorn,53.26,38.3,96.77,90.22,101.25,96.43,-4.51,-6.21,40.0,60.0,76.6,90.22,101.25,96.43,-34.8,3.4,Away
2008,West Coast,Fremantle,68.75,29.67,95.89,90.43,94.62,98.56,1.29,-8.13,40.0,20.0,84.0,90.43,94.62,98.56,-14.8,-8.8,Away
2008,Essendon,Carlton,66.32,25.27,102.54,92.34,94.75,107.22,7.88,-15.04,40.0,0.0,101.4,92.34,94.75,107.22,-13.8,-38.6,Home
2008,Brisbane Lions,Sydney,71.43,45.92,104.13,93.69,89.96,83.41,14.39,10.39,20.0,40.0,79.6,93.69,89.96,83.41,-16.4,15.0,Away
2008,Geelong,Melbourne,66.32,39.36,95.12,97.2,88.39,101.09,6.84,-3.91,100.0,20.0,133.2,97.2,88.39,101.09,67.6,-47.6,Home
2008,Richmond,Collingwood,44.44,43.62,87.41,95.3,101.5,94.57,-14.17,0.73,40.0,60.0,98.4,95.3,101.5,94.57,-5.0,15.2,Away
2008,Adelaide,Port Adelaide,65.26,49.47,96.01,99.11,85.69,90.18,10.32,9.02,60.0,40.0,107.6,99.11,85.69,90.18,23.0,-21.2,Home
2008,Essendon,Footscray,66.67,39.13,102.79,101.03,94.95,108.07,7.92,-7.16,40.0,60.0,107.8,101.03,94.95,108.07,-12.6,-2.4,Away
2008,St Kilda,Geelong,53.76,41.3,92.86,95.21,96.97,88.36,-4.18,6.96,60.0,100.0,92.6,95.21,96.97,88.36,1.2,52.4,Away
2008,North Melbourne,Melbourne,52.69,38.95,96.71,97.12,101.26,101.15,-4.57,-4.05,40.0,20.0,83.8,97.12,101.26,101.15,-16.8,-51.4,Home
2008,Sydney,West Coast,66.67,39.36,93.66,95.77,83.35,94.58,10.42,1.21,60.0,20.0,102.2,95.77,83.35,94.58,23.4,-19.2,Home
2008,Port Adelaide,Brisbane Lions,71.72,47.37,99.01,103.96,90.15,89.95,8.94,14.23,20.0,20.0,86.0,103.96,90.15,89.95,-23.0,-19.8,Away
2008,Hawthorn,Adelaide,53.85,47.37,90.28,95.95,96.37,85.66,-6.09,10.29,80.0,60.0,106.6,95.95,96.37,85.66,21.0,19.0,Home
2008,Carlton,Collingwood,40.22,44.21,92.57,95.44,107.46,94.48,-15.05,0.96,0.0,60.0,97.0,95.44,107.46,94.48,-39.8,16.4,Home
2008,Fremantle,Richmond,59.34,32.97,90.41,87.36,98.42,101.62,-8.01,-14.34,40.0,40.0,99.6,87.36,98.42,101.62,0.0,-7.6,Away
2008,St Kilda,Essendon,53.19,44.21,92.87,102.77,97.18,95.12,-4.39,7.72,60.0,40.0,91.8,102.77,97.18,95.12,-5.6,-13.2,Home
2008,Geelong,Sydney,66.67,46.46,95.42,93.73,88.39,83.15,7.15,10.69,100.0,60.0,133.2,93.73,88.39,83.15,59.8,21.4,Home
2008,Adelaide,Fremantle,65.62,30.43,95.82,90.32,85.81,98.63,10.01,-8.32,40.0,20.0,102.6,90.32,85.81,98.63,6.4,-24.6,Home
2008,Collingwood,North Melbourne,55.32,46.81,95.41,96.87,94.57,101.14,0.84,-4.29,40.0,40.0,100.4,96.87,94.57,101.14,8.0,-13.8,Away
2008,Brisbane Lions,Hawthorn,70.71,38.95,104.06,90.41,90.03,96.23,14.26,-5.82,40.0,80.0,94.0,90.41,90.03,96.23,-10.6,29.2,Away
2008,Melbourne,Carlton,55.91,25.0,97.02,92.67,101.29,107.35,-4.29,-14.84,20.0,20.0,83.2,92.67,101.29,107.35,-49.2,-18.8,Away
2008,Footscray,Richmond,44.44,33.7,101.17,87.63,108.02,101.46,-6.96,-13.91,80.0,40.0,126.6,87.63,108.02,101.46,20.4,-0.2,Draw
2008,West Coast,Port Adelaide,68.04,48.96,95.51,99.03,94.65,90.33,0.88,8.79,20.0,0.0,68.2,99.03,94.65,90.33,-31.0,-44.4,Away
2008,Collingwood,Essendon,54.74,43.75,95.46,102.68,94.66,95.27,0.8,7.49,40.0,40.0,104.0,102.68,94.66,95.27,7.6,-18.8,Home
2008,Fremantle,Geelong,58.7,41.94,90.21,95.52,98.57,88.3,-8.36,7.34,20.0,100.0,82.6,95.52,98.57,88.3,-21.6,44.4,Away
2008,Carlton,Adelaide,40.86,46.88,92.72,95.78,107.14,85.73,-14.58,10.05,40.0,60.0,102.0,95.78,107.14,85.73,-6.0,10.4,Away
2008,Footscray,West Coast,43.96,38.95,101.33,95.55,108.14,94.82,-6.96,0.75,80.0,20.0,134.0,95.55,108.14,94.82,33.2,-32.0,Home
2008,Port Adelaide,St Kilda,71.0,33.7,99.18,93.03,90.4,97.13,8.87,-4.17,20.0,60.0,97.0,93.03,90.4,97.13,-15.8,-0.4,Home
2008,Brisbane Lions,Melbourne,70.0,38.54,104.13,96.87,90.23,101.28,14.12,-4.44,40.0,0.0,97.0,96.87,90.23,101.28,-4.6,-62.0,Home
2008,North Melbourne,Sydney,53.19,46.0,96.95,93.62,101.16,83.31,-4.23,10.42,60.0,60.0,103.8,93.62,101.16,83.31,5.0,20.6,Draw
2008,Hawthorn,Richmond,54.35,33.33,90.62,87.86,96.35,101.61,-5.73,-13.91,100.0,40.0,122.4,87.86,96.35,101.61,38.2,1.8,Home
2008,West Coast,Carlton,67.35,25.81,95.44,92.65,95.02,107.16,0.43,-14.66,0.0,40.0,70.6,92.65,95.02,107.16,-47.2,-6.0,Away
2008,Hawthorn,Collingwood,54.84,43.75,90.7,95.76,96.33,94.59,-5.63,1.17,100.0,40.0,112.8,95.76,96.33,94.59,19.8,17.0,Home
2008,Geelong,Brisbane Lions,67.01,47.92,95.49,104.3,88.3,90.2,7.3,14.31,100.0,60.0,120.2,104.3,88.3,90.2,42.8,9.0,Home
2008,Richmond,St Kilda,43.96,33.33,87.89,92.86,101.64,97.05,-13.9,-4.26,20.0,40.0,105.0,92.86,101.64,97.05,-6.6,-5.0,Away
2008,Adelaide,North Melbourne,65.98,47.37,95.86,96.78,85.71,100.96,10.15,-4.23,80.0,60.0,97.4,96.78,85.71,100.96,17.0,16.0,Home
2008,Sydney,Footscray,67.02,39.78,93.47,101.51,83.21,107.95,10.42,-6.59,60.0,80.0,95.4,101.51,83.21,107.95,21.0,44.6,Away
2008,Melbourne,Fremantle,55.32,30.11,96.81,90.2,101.47,98.52,-4.69,-8.32,0.0,20.0,76.0,90.2,101.47,98.52,-51.6,-16.6,Home
2008,Essendon,Port Adelaide,65.98,49.48,102.57,99.09,95.57,90.25,7.07,8.93,20.0,40.0,93.4,99.09,95.57,90.25,-44.4,-9.8,Away
2008,St Kilda,Collingwood,53.68,43.3,92.95,95.73,97.1,94.9,-4.22,0.83,40.0,40.0,95.0,95.73,97.1,94.9,-12.4,4.4,Away
2008,Richmond,Geelong,43.48,42.55,87.99,95.54,101.68,88.24,-13.84,7.41,20.0,100.0,109.2,95.54,101.68,88.24,1.0,28.4,Away
2008,Hawthorn,Port Adelaide,55.32,50.0,91.03,99.39,96.29,90.27,-5.26,9.21,100.0,60.0,121.2,99.39,96.29,90.27,29.8,16.6,Home
2008,Carlton,Brisbane Lions,40.43,47.42,92.75,104.17,106.98,90.28,-14.39,14.1,60.0,40.0,107.6,104.17,106.98,90.28,9.4,3.2,Away
2008,North Melbourne,West Coast,52.63,38.54,96.66,95.33,100.99,95.1,-4.38,0.23,40.0,0.0,92.6,95.33,100.99,95.1,1.2,-39.4,Home
2008,Adelaide,Melbourne,66.33,38.14,95.91,96.92,85.65,101.53,10.27,-4.63,80.0,20.0,92.2,96.92,85.65,101.53,8.4,-31.4,Home
2008,Sydney,Essendon,66.32,43.3,93.47,102.53,83.36,95.89,10.27,6.7,40.0,20.0,85.0,102.53,83.36,95.89,3.8,-37.4,Home
2008,Fremantle,Footscray,58.06,40.43,90.32,101.56,98.63,107.88,-8.31,-6.45,20.0,80.0,86.4,101.56,98.63,107.88,-14.8,29.2,Away
2008,Collingwood,Geelong,55.21,43.16,95.76,95.55,94.89,88.15,0.87,7.53,40.0,100.0,107.8,95.55,94.89,88.15,-2.6,28.4,Home
2008,Carlton,Fremantle,40.0,29.79,92.75,90.43,107.08,98.71,-14.49,-8.28,60.0,0.0,99.2,90.43,107.08,98.71,6.0,-18.2,Home
2008,Port Adelaide,Sydney,71.29,45.54,99.4,93.72,90.4,83.2,9.09,10.69,60.0,40.0,114.8,93.72,90.4,83.2,14.8,18.6,Away
2008,West Coast,Adelaide,66.67,47.42,95.27,96.19,95.07,85.59,0.2,10.6,0.0,80.0,76.0,96.19,95.07,85.59,-37.8,22.4,Home
2008,Essendon,Richmond,65.31,32.98,102.27,87.89,96.13,101.67,6.2,-13.92,0.0,20.0,82.4,87.89,96.13,101.67,-58.8,3.8,Away
2008,Brisbane Lions,St Kilda,70.3,34.04,104.27,92.95,90.29,97.13,14.2,-4.25,60.0,40.0,116.4,92.95,90.29,97.13,13.2,-6.6,Home
2008,Melbourne,Hawthorn,55.79,39.58,96.8,91.17,101.78,96.32,-5.01,-5.16,20.0,100.0,85.0,91.17,101.78,96.32,-40.6,29.6,Away
2008,Footscray,North Melbourne,44.57,46.88,101.63,96.62,107.89,100.9,-6.4,-4.33,80.0,60.0,123.6,96.62,107.89,100.9,22.2,5.6,Away
2008,Adelaide,Essendon,66.67,42.86,95.94,102.12,85.64,96.2,10.29,5.97,80.0,0.0,100.6,102.12,85.64,96.2,21.2,-60.4,Home
2008,Collingwood,West Coast,55.67,38.14,95.96,95.28,94.65,94.83,1.31,0.46,60.0,20.0,117.0,95.28,94.65,94.83,19.2,-15.4,Home
2008,Hawthorn,Footscray,55.79,41.05,91.2,101.68,96.23,107.92,-5.03,-6.38,100.0,60.0,120.8,101.68,96.23,107.92,24.6,15.6,Away
2008,Geelong,Carlton,67.35,26.6,95.31,92.77,88.38,106.98,7.04,-14.36,80.0,60.0,91.0,92.77,88.38,106.98,2.8,3.2,Home
2008,Brisbane Lions,North Melbourne,70.59,47.42,104.46,96.7,90.31,100.95,14.36,-4.29,60.0,60.0,119.8,96.7,90.31,100.95,18.4,-3.4,Home
2008,Sydney,Richmond,66.67,33.68,93.78,88.01,83.25,101.51,10.69,-13.65,40.0,20.0,95.6,88.01,83.25,101.51,8.4,-1.4,Home
2008,St Kilda,Melbourne,53.12,37.76,92.96,96.71,97.36,101.76,-4.47,-5.08,40.0,20.0,96.6,96.71,97.36,101.76,-7.4,-34.8,Home
2008,Fremantle,Port Adelaide,57.45,49.49,90.42,99.37,98.7,90.47,-8.29,8.99,0.0,60.0,94.2,99.37,98.7,90.47,-7.2,16.6,Away
2008,North Melbourne,Geelong,53.12,42.71,96.71,95.5,101.09,88.32,-4.43,7.29,40.0,80.0,87.6,95.5,101.09,88.32,-11.0,5.6,Away
2008,Richmond,Adelaide,43.01,46.94,87.85,95.83,101.71,85.56,-14.01,10.27,20.0,80.0,87.4,95.83,101.71,85.56,-17.8,18.8,Away
2008,Essendon,Hawthorn,64.65,40.21,101.95,91.11,96.09,96.28,5.92,-5.17,0.0,80.0,73.6,91.11,96.09,96.28,-54.2,15.8,Away
2008,West Coast,Sydney,67.0,46.08,95.17,94.01,95.22,83.12,-0.06,11.05,20.0,60.0,80.2,94.01,95.22,83.12,-30.6,33.2,Away
2008,Brisbane Lions,Fremantle,70.87,29.47,104.58,90.34,90.35,98.73,14.44,-8.39,80.0,0.0,122.0,90.34,90.35,98.73,27.0,-9.4,Home
2008,St Kilda,Footscray,53.61,41.67,93.15,101.7,97.11,107.74,-4.03,-6.17,40.0,80.0,97.8,101.7,97.11,107.74,1.2,22.0,Away
2008,Port Adelaide,Carlton,70.59,26.32,99.39,92.69,90.4,107.12,9.09,-14.58,60.0,40.0,107.8,92.69,90.4,107.12,17.4,-14.6,Away
2008,Melbourne,Collingwood,55.21,43.88,96.47,96.35,101.9,94.54,-5.46,1.81,20.0,80.0,81.2,96.35,101.9,94.54,-44.0,40.6,Away
2008,Essendon,West Coast,64.0,37.76,101.83,95.08,96.26,95.16,5.63,-0.08,0.0,20.0,73.2,95.08,96.26,95.16,-49.8,-19.6,Home
2008,Footscray,Brisbane Lions,44.09,47.96,101.72,104.53,107.59,90.27,-5.99,14.48,80.0,80.0,109.6,104.53,107.59,90.27,15.4,21.0,Home
2008,Fremantle,North Melbourne,56.84,46.94,90.25,96.8,98.71,101.23,-8.46,-4.47,0.0,40.0,92.2,96.8,98.71,101.23,-13.6,-13.6,Home
2008,Sydney,St Kilda,67.01,33.68,93.95,93.08,83.1,97.16,11.02,-4.15,80.0,40.0,112.8,93.08,83.1,97.16,34.2,0.0,Home
2008,Adelaide,Hawthorn,67.0,40.82,96.08,91.31,85.61,96.19,10.47,-4.88,80.0,80.0,104.8,91.31,85.61,96.19,22.8,23.6,Away
2008,Geelong,Port Adelaide,67.68,50.0,95.66,99.21,88.45,90.32,7.32,8.98,80.0,40.0,102.4,99.21,88.45,90.32,8.0,10.8,Home
2008,Collingwood,Carlton,56.12,27.08,96.45,92.59,94.54,106.89,1.91,-14.44,80.0,60.0,123.0,92.59,94.54,106.89,30.2,-6.2,Away
2008,Richmond,Melbourne,42.55,37.37,87.89,96.46,101.94,101.97,-14.2,-5.54,20.0,20.0,87.8,96.46,101.94,101.97,-25.4,-37.8,Home
2008,St Kilda,Fremantle,53.06,29.17,92.94,90.41,97.19,98.55,-4.31,-8.14,20.0,20.0,92.8,90.41,97.19,98.55,-7.6,-1.8,Home
2008,Hawthorn,North Melbourne,55.21,46.46,91.23,96.65,96.07,101.32,-4.84,-4.72,80.0,40.0,98.8,96.65,96.07,101.32,11.4,-17.6,Away
2008,Port Adelaide,Richmond,69.9,33.33,98.97,88.04,90.41,101.9,8.64,-14.01,20.0,40.0,82.2,88.04,90.41,101.9,-13.8,-20.4,Away
2008,Brisbane Lions,Adelaide,71.15,47.47,104.35,95.96,90.47,85.56,14.1,10.4,80.0,60.0,111.8,95.96,90.47,85.56,13.8,15.4,Home
2008,West Coast,Geelong,66.34,43.3,95.06,95.73,95.25,88.25,-0.19,7.59,20.0,80.0,84.4,95.73,95.25,88.25,-16.6,14.4,Away
2008,Melbourne,Sydney,54.64,46.6,96.45,93.99,102.04,83.01,-5.62,11.14,0.0,100.0,78.2,93.99,102.04,83.01,-43.4,44.8,Away
2008,Carlton,Essendon,40.62,42.42,92.73,101.89,106.79,96.24,-14.21,5.71,60.0,20.0,92.0,101.89,106.79,96.24,-7.6,-32.6,Away
2008,Collingwood,Footscray,55.56,42.27,96.41,101.87,94.67,107.38,1.75,-5.63,80.0,80.0,123.0,101.87,94.67,107.38,37.2,24.4,Away
2008,Hawthorn,West Coast,54.64,37.37,91.15,94.82,96.1,95.68,-4.95,-0.87,60.0,20.0,90.6,94.82,96.1,95.68,3.0,-42.4,Home
2008,Richmond,Carlton,43.16,27.84,88.24,92.77,102.01,106.94,-13.92,-14.32,60.0,60.0,101.2,92.77,102.01,106.94,-13.6,-8.0,Away
2008,North Melbourne,St Kilda,52.58,33.33,96.68,92.8,101.19,96.98,-4.56,-4.24,40.0,40.0,99.0,92.8,101.19,96.98,-13.4,-4.2,Away
2008,Footscray,Port Adelaide,44.68,49.5,101.86,99.08,107.29,90.59,-5.54,8.58,80.0,20.0,110.4,99.08,107.29,90.59,25.8,-11.6,Home
2008,Melbourne,Brisbane Lions,54.08,47.47,96.33,104.25,102.1,90.37,-5.8,14.09,0.0,80.0,78.2,104.25,102.1,90.37,-36.2,9.8,Home
2008,Fremantle,Essendon,57.29,43.0,90.23,102.06,98.37,96.26,-8.14,5.86,20.0,40.0,82.8,102.06,98.37,96.26,-2.8,-7.4,Away
2008,Adelaide,Geelong,66.34,43.88,95.83,96.16,85.55,88.05,10.28,8.24,40.0,80.0,81.8,96.16,85.55,88.05,-2.4,35.4,Away
2008,Sydney,Collingwood,67.35,44.44,94.09,96.38,82.97,94.69,11.29,1.69,100.0,60.0,108.6,96.38,82.97,94.69,34.6,33.4,Away
2008,Carlton,St Kilda,40.21,34.02,92.9,92.76,106.85,96.84,-14.09,-4.15,60.0,60.0,98.0,92.76,106.85,96.84,-3.8,8.0,Away
2008,Collingwood,Adelaide,55.0,47.0,96.29,95.63,94.46,85.74,1.82,9.89,60.0,40.0,109.2,95.63,94.46,85.74,22.0,-6.0,Home
2008,Geelong,Fremantle,68.0,28.87,96.3,90.24,87.88,98.36,8.55,-8.12,100.0,20.0,134.8,90.24,87.88,98.36,66.2,-1.8,Home
2008,Essendon,Brisbane Lions,64.36,47.0,102.02,104.19,96.23,90.38,5.85,14.01,60.0,60.0,98.4,104.19,96.23,90.38,1.0,0.4,Home
2008,Port Adelaide,North Melbourne,69.23,47.0,99.0,96.54,90.8,101.11,8.27,-4.61,20.0,20.0,83.8,96.54,90.8,101.11,-20.2,-17.0,Away
2008,Hawthorn,Sydney,55.1,47.12,91.33,93.87,95.96,82.95,-4.63,11.08,60.0,80.0,96.4,93.87,95.96,82.95,10.6,26.6,Home
2008,Footscray,Melbourne,45.26,37.0,102.03,96.32,107.15,102.05,-5.23,-5.76,100.0,20.0,115.4,96.32,107.15,102.05,37.2,-32.2,Home
2008,West Coast,Richmond,65.69,34.02,94.69,88.24,95.83,102.09,-1.16,-14.0,0.0,40.0,71.6,88.24,95.83,102.09,-63.8,-27.2,Away
2008,North Melbourne,Collingwood,52.04,45.0,96.44,96.34,100.97,94.36,-4.58,1.98,40.0,60.0,85.8,96.34,100.97,94.36,-10.4,8.4,Home
2008,Richmond,Essendon,42.71,43.56,88.57,102.29,101.95,96.34,-13.53,6.0,60.0,80.0,115.8,102.29,101.95,96.34,4.6,9.4,Home
2008,Geelong,Footscray,68.32,42.86,96.41,101.99,87.66,106.93,8.88,-5.04,100.0,100.0,131.8,101.99,87.66,106.93,69.8,37.0,Home
2008,St Kilda,Hawthorn,53.54,41.41,92.89,91.4,96.79,95.86,-3.96,-4.45,60.0,80.0,82.8,91.4,96.79,95.86,-1.4,23.2,Home
2008,Brisbane Lions,West Coast,71.43,37.0,104.26,94.6,90.69,96.11,13.76,-1.54,40.0,0.0,91.4,94.6,90.69,96.11,-13.2,-59.2,Home
2008,Carlton,Sydney,39.8,46.67,92.87,93.78,106.91,83.06,-14.18,10.88,60.0,60.0,100.0,93.78,106.91,83.06,1.0,4.0,Away
2008,Port Adelaide,Adelaide,68.57,46.53,98.87,95.53,90.73,85.84,8.22,9.68,0.0,20.0,78.0,95.53,90.73,85.84,-26.2,-13.4,Home
2008,Fremantle,Melbourne,56.7,36.63,90.0,96.16,98.46,102.02,-8.46,-5.89,20.0,20.0,77.2,96.16,98.46,102.02,-11.0,-22.6,Home
2008,Hawthorn,Geelong,55.56,44.44,91.39,96.58,95.97,87.58,-4.58,9.14,60.0,100.0,94.6,96.58,95.97,87.58,7.0,79.4,Away
2008,Essendon,Collingwood,64.71,44.55,102.29,96.34,96.4,94.46,5.96,1.88,80.0,40.0,120.6,96.34,96.4,94.46,18.8,0.6,Home
2008,West Coast,St Kilda,65.05,34.69,94.46,93.02,96.19,96.75,-1.76,-3.78,0.0,80.0,69.8,93.02,96.19,96.75,-67.4,10.0,Home
2008,Sydney,Adelaide,66.67,46.08,93.91,95.45,83.24,85.87,10.83,9.58,60.0,0.0,92.4,95.45,83.24,85.87,3.4,-25.8,Away
2008,Richmond,Brisbane Lions,43.3,46.53,88.67,104.3,101.96,90.58,-13.44,13.92,80.0,40.0,118.2,104.3,101.96,90.58,15.4,-8.4,Home
2008,Port Adelaide,Fremantle,68.87,28.57,98.84,90.12,90.68,98.3,8.24,-8.18,20.0,40.0,83.8,90.12,90.68,98.3,-21.4,2.6,Away
2008,Melbourne,North Melbourne,54.55,47.52,96.01,96.52,102.07,100.94,-6.09,-4.46,20.0,60.0,78.6,96.52,102.07,100.94,-27.6,-4.2,Away
2008,Footscray,Carlton,45.83,28.57,101.83,93.01,107.05,106.98,-5.33,-14.12,80.0,40.0,106.0,93.01,107.05,106.98,19.4,-1.8,Away
2008,Collingwood,Hawthorn,55.45,41.0,96.26,91.32,94.63,95.94,1.63,-4.62,40.0,40.0,90.0,91.32,94.63,95.94,-3.0,4.0,Away
2008,Essendon,Melbourne,65.05,36.27,102.42,95.89,96.32,102.05,6.16,-6.2,80.0,20.0,123.6,95.89,96.32,102.05,24.0,-28.8,Home
2008,Adelaide,Carlton,65.69,29.29,95.36,93.17,85.71,106.93,9.65,-13.9,20.0,40.0,71.4,93.17,85.71,106.93,-20.2,-2.2,Home
2008,Geelong,Richmond,68.63,34.69,96.54,88.81,87.52,102.03,9.15,-13.35,100.0,80.0,128.6,88.81,87.52,102.03,69.8,11.6,Home
2008,North Melbourne,Brisbane Lions,52.53,46.08,96.53,104.35,100.79,90.71,-4.3,13.84,80.0,40.0,92.0,104.35,100.79,90.71,12.0,3.6,Home
2008,Footscray,Sydney,45.36,47.17,101.81,93.71,107.15,83.21,-5.45,10.66,60.0,40.0,99.4,93.71,107.15,83.21,1.2,-8.4,Home
2008,St Kilda,Port Adelaide,54.0,49.02,92.98,98.85,96.78,90.86,-3.85,8.07,80.0,20.0,94.6,98.85,96.78,90.86,13.6,-15.2,Home
2008,Fremantle,West Coast,57.14,36.63,90.32,94.5,98.31,96.14,-7.99,-1.66,40.0,20.0,87.0,94.5,98.31,96.14,-2.4,-59.6,Home
2008,Melbourne,Geelong,54.0,45.0,95.95,96.72,102.16,87.44,-6.25,9.42,20.0,100.0,80.6,96.72,102.16,87.44,-24.0,55.4,Away
2008,Carlton,Port Adelaide,39.39,48.54,93.14,98.82,106.87,90.91,-13.87,7.99,40.0,20.0,107.2,98.82,106.87,90.91,3.2,-16.0,Home
2008,Hawthorn,Brisbane Lions,55.0,45.63,91.44,104.25,95.77,90.71,-4.32,13.73,60.0,20.0,102.8,104.25,95.77,90.71,20.2,-0.6,Home
2008,Collingwood,St Kilda,54.9,34.34,96.09,93.02,94.73,96.76,1.36,-3.79,40.0,80.0,84.6,93.02,94.73,96.76,-11.8,13.6,Home
2008,Sydney,Fremantle,66.0,29.29,93.73,90.45,83.35,98.24,10.53,-7.79,20.0,60.0,79.2,90.45,83.35,98.24,-19.6,5.8,Home
2008,North Melbourne,Footscray,53.0,42.42,96.51,101.87,100.71,107.1,-4.24,-5.34,80.0,60.0,89.8,101.87,100.71,107.1,8.2,2.4,Home
2008,Adelaide,Richmond,66.02,34.34,95.35,88.72,85.71,102.19,9.64,-13.61,40.0,60.0,76.2,88.72,85.71,102.19,-16.0,-1.8,Home
2008,West Coast,Essendon,65.38,43.14,94.45,102.52,96.24,96.37,-1.82,6.21,20.0,80.0,79.4,102.52,96.24,96.37,-39.2,20.2,Home
2008,Port Adelaide,Collingwood,68.22,44.12,98.67,96.09,91.1,94.67,7.64,1.42,20.0,40.0,85.2,96.09,91.1,94.67,-18.4,-14.8,Away
2008,Essendon,Adelaide,65.38,46.6,102.53,95.42,96.45,85.52,6.13,9.9,60.0,60.0,122.8,95.42,96.45,85.52,17.4,10.2,Away
2008,Melbourne,West Coast,53.47,36.27,95.68,94.54,102.43,96.27,-6.79,-1.76,0.0,40.0,70.2,94.54,102.43,96.27,-47.4,-25.8,Home
2008,Brisbane Lions,Footscray,71.7,42.0,103.95,101.94,90.8,107.24,13.33,-5.41,20.0,40.0,94.0,101.94,90.8,107.24,-14.2,-12.4,Home
2008,Sydney,Geelong,66.34,45.54,93.82,97.02,83.47,87.22,10.5,9.95,40.0,100.0,91.6,97.02,83.47,87.22,-13.0,65.0,Away
2008,Richmond,Hawthorn,43.88,41.58,88.5,91.53,102.22,95.5,-13.86,-3.96,60.0,60.0,98.6,91.53,102.22,95.5,-8.4,22.6,Home
2008,Carlton,North Melbourne,40.0,48.04,93.33,96.7,106.66,100.78,-13.47,-4.12,40.0,100.0,110.0,96.7,106.66,100.78,10.4,15.2,Away
2008,Fremantle,St Kilda,57.58,34.0,90.54,92.98,98.31,96.76,-7.77,-3.84,60.0,60.0,102.2,92.98,98.31,96.76,5.8,7.8,Away
2008,Footscray,Essendon,45.92,42.72,101.82,102.38,107.16,96.61,-5.44,5.83,20.0,40.0,95.2,102.38,107.16,96.61,-20.8,-1.2,Home
2008,Richmond,Fremantle,44.44,29.0,88.58,90.43,102.09,98.38,-13.64,-7.94,60.0,60.0,89.2,90.43,102.09,98.38,-18.0,12.0,Home
2008,Port Adelaide,Melbourne,67.59,35.92,98.56,95.6,91.17,102.15,7.45,-6.59,20.0,20.0,85.4,95.6,91.17,102.15,-24.2,-34.4,Home
2008,Brisbane Lions,Carlton,71.96,29.0,103.88,93.31,90.75,106.84,13.32,-13.66,40.0,40.0,88.4,93.31,90.75,106.84,-4.6,6.6,Away
2008,Collingwood,Sydney,55.34,46.73,96.14,93.82,94.58,83.71,1.56,10.26,40.0,40.0,88.2,93.82,94.58,83.71,-15.0,-14.6,Home
2008,Geelong,North Melbourne,68.93,48.54,97.2,96.92,87.25,100.73,10.09,-3.85,100.0,100.0,128.6,96.92,87.25,100.73,58.0,25.0,Home
2008,St Kilda,Adelaide,54.46,47.12,93.07,95.58,96.62,85.46,-3.61,10.12,60.0,80.0,100.2,95.58,96.62,85.46,10.0,27.8,Home
2008,West Coast,Hawthorn,65.71,41.18,94.3,91.46,96.19,95.54,-1.92,-4.08,40.0,40.0,82.2,91.46,96.19,95.54,-17.2,10.6,Away
2008,Fremantle,Collingwood,57.0,44.66,90.47,96.25,98.41,94.47,-7.94,1.77,40.0,60.0,104.0,96.25,98.41,94.47,1.4,-2.4,Home
2008,North Melbourne,Port Adelaide,53.47,48.08,96.85,98.7,100.8,90.99,-3.99,7.79,80.0,20.0,109.8,98.7,100.8,90.99,14.8,-11.0,Away
2008,Geelong,West Coast,69.23,35.92,97.28,94.14,87.22,96.36,10.21,-2.25,100.0,40.0,125.4,94.14,87.22,96.36,52.4,-22.2,Home
2008,Adelaide,Footscray,66.35,41.58,95.34,102.07,85.5,107.14,9.84,-5.18,80.0,40.0,91.0,102.07,85.5,107.14,20.6,0.6,Home
2008,Carlton,Hawthorn,39.6,41.75,93.42,91.66,106.85,95.38,-13.56,-3.72,60.0,60.0,109.8,91.66,106.85,95.38,8.2,30.8,Away
2008,Sydney,Brisbane Lions,65.69,45.19,93.72,103.91,83.87,90.86,9.99,13.23,20.0,20.0,85.8,103.91,83.87,90.86,-24.0,-15.0,Home
2008,Melbourne,Richmond,53.92,34.0,95.38,88.66,102.28,102.06,-6.94,-13.54,20.0,60.0,69.8,88.66,102.28,102.06,-40.8,-17.4,Away
2008,Essendon,St Kilda,64.76,34.65,102.4,93.08,96.87,96.38,5.58,-3.35,40.0,60.0,106.6,93.08,96.87,96.38,-9.6,13.6,Away
2008,Hawthorn,Footscray,55.45,41.18,91.99,101.9,95.31,106.99,-3.32,-5.2,80.0,40.0,118.8,101.9,95.31,106.99,48.6,4.4,Home
2008,Adelaide,Collingwood,66.67,44.23,95.25,96.05,85.41,94.4,9.84,1.65,80.0,60.0,90.8,96.05,85.41,94.4,17.6,2.4,Away
2008,Sydney,North Melbourne,66.02,48.08,93.82,96.73,83.73,101.03,10.24,-4.34,40.0,60.0,98.0,96.73,83.73,101.03,-7.0,-6.0,Home
2008,Geelong,St Kilda,69.52,35.29,97.6,93.34,87.12,96.1,10.64,-2.8,100.0,80.0,140.6,93.34,87.12,96.1,70.0,38.6,Home
2008,Footscray,Sydney,46.46,46.3,101.77,93.89,107.09,83.68,-5.43,10.35,20.0,60.0,97.8,93.89,107.09,83.68,-9.0,3.2,Home
2008,St Kilda,Collingwood,54.9,44.76,93.19,96.19,96.21,94.4,-3.07,1.79,60.0,80.0,99.6,96.19,96.21,94.4,25.4,19.4,Home
2008,Geelong,Footscray,69.81,40.78,97.71,101.79,86.99,106.9,10.87,-5.22,100.0,40.0,137.6,101.79,86.99,106.9,69.0,2.4,Home
2008,Hawthorn,St Kilda,55.88,34.95,92.16,93.25,95.21,96.09,-3.05,-2.89,80.0,80.0,121.0,93.25,95.21,96.09,48.0,35.0,Home
2008,Geelong,Hawthorn,70.09,42.31,97.64,92.29,86.83,95.06,10.96,-2.78,100.0,80.0,122.8,92.29,86.83,95.06,51.6,45.0,Away
2009,Richmond,Carlton,45.0,29.7,88.83,93.36,101.76,107.1,-13.07,-13.88,60.0,40.0,89.4,93.36,101.76,107.1,-2.0,-13.0,Away
2009,Hawthorn,Geelong,56.31,46.08,92.39,97.6,95.03,86.97,-2.64,10.78,100.0,80.0,130.4,97.6,95.03,86.97,56.0,38.6,Away
2009,Collingwood,Adelaide,55.77,46.67,96.08,95.25,94.46,85.6,1.62,9.64,60.0,60.0,95.4,95.25,94.46,85.6,9.8,9.8,Away
2009,St Kilda,Sydney,55.34,45.87,93.11,93.77,96.2,83.79,-3.14,10.13,60.0,40.0,94.6,93.77,96.2,83.79,15.6,-5.0,Home
2009,Brisbane Lions,West Coast,71.3,35.58,103.67,94.0,90.97,96.69,12.88,-2.72,20.0,20.0,75.4,94.0,90.97,96.69,-26.6,-45.4,Home
2009,Melbourne,North Melbourne,53.4,47.62,95.12,96.62,102.37,101.07,-7.29,-4.49,20.0,40.0,64.0,96.62,102.37,101.07,-51.2,-14.6,Away
2009,Port Adelaide,Essendon,67.89,42.31,98.93,102.1,90.9,97.11,8.11,5.03,40.0,20.0,102.2,102.1,90.9,97.11,9.8,-40.8,Home
2009,Fremantle,Footscray,57.43,40.38,90.42,101.55,98.2,106.78,-7.78,-5.34,40.0,40.0,94.2,101.55,98.2,106.78,0.6,-1.2,Away
2009,Adelaide,St Kilda,66.04,34.62,95.22,93.04,85.6,96.05,9.62,-3.05,60.0,60.0,87.2,93.04,85.6,96.05,-2.0,9.0,Away
2009,Collingwood,Melbourne,55.24,35.58,96.03,94.98,94.44,102.37,1.59,-7.42,40.0,20.0,91.4,94.98,94.44,102.37,2.8,-54.8,Home
2009,Geelong,Richmond,69.44,34.65,97.66,88.72,87.04,102.0,10.77,-13.42,80.0,60.0,113.2,88.72,87.04,102.0,33.6,-6.0,Home
2009,Carlton,Brisbane Lions,39.22,44.76,93.64,103.63,106.91,90.95,-13.4,12.86,60.0,40.0,113.6,103.63,106.91,90.95,5.2,-23.2,Home
2009,Sydney,Hawthorn,66.35,42.86,93.64,92.44,83.77,95.11,10.01,-2.67,40.0,80.0,86.2,92.44,83.77,95.11,-0.2,40.2,Home
2009,Essendon,Fremantle,64.15,28.71,101.92,90.43,97.16,98.49,4.81,-8.05,0.0,20.0,77.2,90.43,97.16,98.49,-52.2,-18.6,Home
2009,Footscray,North Melbourne,47.0,48.11,101.82,96.64,106.72,100.91,-5.0,-4.31,40.0,40.0,92.0,96.64,106.72,100.91,2.2,-11.8,Home
2009,West Coast,Port Adelaide,65.09,48.57,93.97,98.97,96.68,90.78,-2.75,8.26,20.0,60.0,74.2,98.97,96.68,90.78,-40.6,19.6,Home
2009,Geelong,Collingwood,69.72,44.34,97.69,96.13,87.03,94.29,10.81,1.83,80.0,40.0,101.4,96.13,87.03,94.29,17.8,4.4,Home
2009,St Kilda,West Coast,55.77,35.24,93.08,94.11,95.92,96.58,-2.88,-2.5,60.0,20.0,82.4,94.11,95.92,96.58,-6.2,-32.6,Home
2009,Carlton,Essendon,39.81,41.9,93.76,101.96,106.87,97.03,-13.24,4.97,60.0,20.0,111.0,101.96,106.87,97.03,-4.2,-42.6,Away
2009,Brisbane Lions,Sydney,71.56,45.45,103.61,93.87,91.08,83.87,12.71,10.14,40.0,60.0,89.4,93.87,91.08,83.87,-13.2,16.4,Home
2009,Port Adelaide,Melbourne,68.18,35.24,98.86,94.83,90.94,102.44,7.99,-7.64,60.0,20.0,106.8,94.83,90.94,102.44,22.8,-42.2,Home
2009,North Melbourne,Hawthorn,52.94,42.45,96.49,92.5,100.81,95.34,-4.36,-2.83,20.0,60.0,79.0,92.5,100.81,95.34,-25.0,17.0,Away
2009,Fremantle,Adelaide,56.86,47.17,90.34,95.1,98.54,85.68,-8.2,9.42,20.0,40.0,82.4,95.1,98.54,85.68,-25.4,-19.6,Away
2009,Footscray,Richmond,47.52,34.31,101.72,88.7,106.52,102.01,-4.9,-13.45,60.0,60.0,94.6,88.7,106.52,102.01,7.0,2.6,Home
2009,Brisbane Lions,Collingwood,71.82,43.93,103.59,96.12,90.97,94.42,12.8,1.7,40.0,40.0,91.4,96.12,90.97,94.42,-8.8,3.8,Away
2009,Sydney,Carlton,66.67,30.39,93.75,93.85,83.94,106.92,9.94,-13.2,40.0,60.0,90.8,93.85,83.94,106.92,-2.4,5.2,Home
2009,Hawthorn,Port Adelaide,55.77,48.11,92.65,99.08,95.21,90.94,-2.56,8.22,60.0,80.0,112.8,99.08,95.21,90.94,17.6,40.4,Away
2009,St Kilda,Fremantle,56.19,28.43,93.4,90.29,95.77,98.57,-2.4,-8.28,80.0,20.0,102.4,90.29,95.77,98.57,24.8,-21.6,Home
2009,Adelaide,Geelong,65.42,46.6,95.14,97.81,85.65,87.07,9.49,10.89,60.0,80.0,86.6,97.81,85.65,87.07,-5.2,11.6,Away
2009,North Melbourne,Essendon,52.43,42.45,96.36,102.02,100.91,97.1,-4.6,4.97,20.0,40.0,76.4,102.02,100.91,97.1,-29.2,-30.6,Home
2009,Richmond,Melbourne,44.55,34.91,88.57,94.81,102.05,102.65,-13.61,-7.88,40.0,0.0,88.2,94.81,102.05,102.65,-12.6,-60.4,Away
2009,West Coast,Footscray,65.42,40.95,93.97,101.76,96.88,106.31,-2.95,-4.64,20.0,80.0,80.4,101.76,96.88,106.31,-45.2,26.6,Home
2009,Port Adelaide,St Kilda,68.47,35.24,99.15,93.49,90.91,95.45,8.32,-1.99,80.0,80.0,118.4,93.49,90.91,95.45,30.8,34.6,Away
2009,Essendon,Collingwood,64.49,44.44,101.81,96.09,96.97,94.32,4.89,1.77,40.0,40.0,77.4,96.09,96.97,94.32,-23.8,1.0,Home
2009,Hawthorn,West Coast,55.24,34.91,92.61,94.07,95.31,96.81,-2.69,-2.78,40.0,40.0,106.2,94.07,95.31,96.81,0.8,-24.4,Home
2009,North Melbourne,Richmond,52.88,33.98,96.23,88.59,100.71,102.04,-4.52,-13.59,40.0,20.0,75.8,88.59,100.71,102.04,-11.6,-15.6,Away
2009,Fremantle,Sydney,56.31,45.05,89.99,93.7,98.63,83.87,-8.64,9.97,20.0,40.0,70.6,93.7,98.63,83.87,-36.8,-6.0,Home
2009,Geelong,Brisbane Lions,70.0,44.34,97.98,103.45,87.07,90.96,11.07,12.66,80.0,40.0,112.2,103.45,87.07,90.96,15.4,-11.0,Home
2009,Footscray,Carlton,48.04,30.1,101.67,93.72,106.36,106.81,-4.78,-13.21,60.0,40.0,96.8,93.72,106.36,106.81,12.6,0.6,Away
2009,Melbourne,Adelaide,52.88,47.66,94.83,95.1,102.6,85.87,-7.8,9.22,20.0,40.0,72.4,95.1,102.6,85.87,-43.2,-16.6,Away
2009,North Melbourne,Collingwood,52.38,44.04,96.05,96.06,100.67,94.32,-4.67,1.74,40.0,40.0,72.4,96.06,100.67,94.32,-11.8,6.8,Away
2009,Hawthorn,Carlton,55.66,30.77,92.53,93.91,95.12,106.73,-2.6,-12.94,40.0,60.0,98.0,93.91,95.12,106.73,-0.8,24.8,Home
2009,West Coast,Fremantle,65.74,28.16,93.9,90.14,96.71,98.63,-2.85,-8.5,40.0,20.0,89.4,90.14,96.71,98.63,-8.2,-37.4,Away
2009,Brisbane Lions,Essendon,71.17,42.06,103.13,101.77,91.12,96.93,12.17,4.89,40.0,60.0,80.2,101.77,91.12,96.93,-17.4,-1.2,Home
2009,Port Adelaide,Adelaide,67.86,48.15,98.86,94.89,90.96,85.63,7.98,9.26,60.0,60.0,96.0,94.89,90.96,85.63,2.4,-7.0,Home
2009,Sydney,Richmond,66.98,34.62,93.73,88.62,84.04,101.83,9.83,-13.34,40.0,20.0,91.8,88.62,84.04,101.83,-2.8,-24.4,Home
2009,Melbourne,Geelong,52.38,47.12,94.55,98.11,102.35,86.81,-7.84,11.45,20.0,100.0,71.0,98.11,102.35,86.81,-30.6,39.2,Away
2009,Footscray,St Kilda,47.57,35.85,101.61,93.53,106.48,95.17,-4.97,-1.66,60.0,100.0,104.0,93.53,106.48,95.17,9.8,58.6,Away
2009,Essendon,Hawthorn,64.81,42.99,101.62,92.59,97.0,95.15,4.66,-2.57,60.0,60.0,88.6,92.59,97.0,95.15,-1.6,1.6,Home
2009,Geelong,Sydney,70.27,44.64,98.17,93.73,86.73,84.0,11.6,9.87,100.0,60.0,119.6,93.73,86.73,84.0,46.2,4.0,Home
2009,Richmond,Brisbane Lions,44.12,43.93,88.55,103.16,101.79,91.02,-13.37,12.31,20.0,40.0,81.8,103.16,101.79,91.02,-11.6,-10.6,Away
2009,Carlton,Fremantle,39.42,28.85,93.95,90.12,106.72,98.51,-12.9,-8.39,40.0,40.0,106.6,90.12,106.72,98.51,7.4,-22.2,Away
2009,North Melbourne,Port Adelaide,51.89,48.6,95.95,98.89,100.8,90.9,-4.89,8.06,20.0,60.0,67.2,98.89,100.8,90.9,-29.0,-0.6,Home
2009,Adelaide,Footscray,64.81,40.57,94.82,101.49,85.72,106.47,9.1,-5.08,40.0,40.0,77.8,101.49,85.72,106.47,-13.0,-8.4,Away
2009,West Coast,Melbourne,65.14,35.51,93.81,94.42,96.66,102.39,-2.9,-8.01,40.0,20.0,87.0,94.42,96.66,102.39,-9.0,-32.4,Home
2009,Collingwood,St Kilda,55.66,36.45,96.2,93.58,94.23,95.08,1.97,-1.52,60.0,100.0,103.4,93.58,94.23,95.08,18.0,61.2,Away
2009,Fremantle,Hawthorn,56.73,42.59,90.11,92.49,98.43,95.25,-8.32,-2.76,60.0,60.0,80.8,92.49,98.43,95.25,-13.2,0.4,Away
2009,Melbourne,Footscray,51.89,41.12,94.36,101.57,102.34,106.37,-8.01,-4.9,20.0,40.0,74.8,101.57,102.34,106.37,-23.4,-5.0,Away
2009,Geelong,North Melbourne,70.54,47.66,98.25,96.09,86.63,100.89,11.79,-4.84,100.0,40.0,121.8,96.09,86.63,100.89,52.4,-25.0,Home
2009,Brisbane Lions,Adelaide,71.43,47.71,103.14,94.78,90.93,85.87,12.38,8.91,60.0,40.0,82.8,94.78,90.93,85.87,-1.6,-13.0,Home
2009,Sydney,West Coast,67.29,34.58,93.6,93.79,84.14,96.59,9.59,-2.85,40.0,40.0,82.0,93.79,84.14,96.59,-13.8,-17.4,Home
2009,Port Adelaide,Richmond,68.14,34.29,98.99,88.47,91.06,101.77,8.0,-13.43,60.0,20.0,104.6,88.47,91.06,101.77,8.4,-12.8,Home
2009,Collingwood,Carlton,55.14,30.48,95.94,93.89,94.38,106.63,1.56,-12.87,40.0,20.0,88.0,93.89,94.38,106.63,-10.2,2.2,Away
2009,St Kilda,Essendon,56.6,41.67,93.74,101.68,94.82,96.88,-1.09,4.85,100.0,60.0,121.2,101.68,94.82,96.88,72.4,-0.4,Home
2009,Geelong,Footscray,70.8,41.67,98.34,101.58,86.45,106.33,12.06,-4.84,100.0,40.0,121.2,101.58,86.45,106.33,61.0,-13.0,Home
2009,North Melbourne,Fremantle,52.34,29.52,95.87,89.99,100.97,98.38,-5.15,-8.39,40.0,60.0,75.2,89.99,100.97,98.38,-28.2,-12.8,Home
2009,Adelaide,Carlton,64.22,31.13,94.73,93.93,86.02,106.38,8.7,-12.56,20.0,40.0,77.0,93.93,86.02,106.38,-25.0,13.2,Home
2009,West Coast,Collingwood,65.45,44.55,93.82,95.74,96.64,94.43,-2.86,1.32,40.0,40.0,87.4,95.74,96.64,94.43,1.0,-15.0,Away
2009,Richmond,Essendon,43.69,41.28,88.52,101.54,101.77,96.85,-13.38,4.74,20.0,40.0,86.2,101.54,101.77,96.85,-4.0,-5.0,Away
2009,Sydney,Port Adelaide,67.59,48.15,93.66,99.0,84.22,91.09,9.57,7.98,60.0,60.0,89.8,99.0,84.22,91.09,-6.2,-2.4,Home
2009,St Kilda,Brisbane Lions,57.01,44.44,93.72,103.21,94.71,90.89,-1.0,12.49,100.0,60.0,107.0,103.21,94.71,90.89,56.8,-1.0,Home
2009,Hawthorn,Melbourne,56.07,35.19,92.47,94.38,95.11,102.34,-2.64,-8.0,60.0,20.0,84.8,94.38,95.11,102.34,-6.0,-13.4,Home
2009,Carlton,West Coast,39.05,34.26,93.77,93.69,106.37,96.6,-12.71,-2.94,40.0,20.0,96.0,93.69,106.37,96.6,7.8,-10.0,Home
2009,Footscray,Sydney,47.12,44.25,101.64,93.79,106.38,84.14,-4.83,9.78,40.0,60.0,100.4,93.79,106.38,84.14,-6.8,1.4,Home
2009,North Melbourne,Brisbane Lions,52.78,44.04,95.88,103.11,100.9,90.92,-5.07,12.36,40.0,60.0,81.0,103.11,100.9,90.92,-28.0,-0.8,Away
2009,St Kilda,Melbourne,57.41,34.86,93.74,94.37,94.64,102.4,-0.92,-8.07,100.0,0.0,104.2,94.37,94.64,102.4,43.4,-19.4,Home
2009,Fremantle,Richmond,56.19,33.96,89.97,88.5,98.37,101.88,-8.41,-13.51,60.0,20.0,89.2,88.5,98.37,101.88,1.2,-10.4,Away
2009,Adelaide,Hawthorn,64.55,43.12,94.77,92.57,85.9,95.1,8.86,-2.53,40.0,80.0,80.6,92.57,85.9,95.1,-6.6,4.4,Home
2009,Essendon,Geelong,65.14,47.62,101.65,98.42,96.79,86.58,4.9,12.01,60.0,100.0,94.6,98.42,96.79,86.58,5.4,51.8,Away
2009,Collingwood,Port Adelaide,54.63,47.71,95.71,98.86,94.3,91.24,1.41,7.69,40.0,40.0,79.2,98.86,94.3,91.24,-14.0,-19.4,Home
2009,Richmond,Footscray,43.27,41.28,88.63,101.71,101.93,106.24,-13.43,-4.61,20.0,60.0,89.0,101.71,101.93,106.24,-17.0,9.8,Away
2009,North Melbourne,St Kilda,52.29,37.04,95.81,93.69,100.89,94.42,-5.13,-0.74,40.0,100.0,85.6,93.69,100.89,94.42,-24.4,37.6,Away
2009,Brisbane Lions,Carlton,71.68,30.84,103.09,93.85,90.87,106.2,12.38,-12.46,80.0,40.0,101.4,93.85,90.87,106.2,21.4,7.4,Away
2009,Port Adelaide,Fremantle,68.42,29.25,98.76,90.07,91.34,98.45,7.49,-8.38,40.0,40.0,94.2,90.07,91.34,98.45,-13.8,-3.6,Home
2009,Essendon,Adelaide,64.55,47.27,101.5,94.82,96.96,85.87,4.58,8.95,40.0,40.0,90.0,94.82,96.96,85.87,-8.4,-4.6,Away
2009,Hawthorn,Sydney,56.48,43.86,92.5,93.71,95.15,84.29,-2.64,9.55,60.0,60.0,91.6,93.71,95.15,84.29,-4.6,-2.4,Home
2009,West Coast,Geelong,64.86,48.11,93.59,98.59,96.66,86.5,-3.12,12.25,20.0,100.0,80.2,98.59,96.66,86.5,-14.6,46.0,Away
2009,Melbourne,Collingwood,51.4,45.05,94.14,95.79,102.31,94.21,-8.2,1.58,0.0,60.0,77.0,95.79,102.31,94.21,-23.4,-5.4,Away
2009,Carlton,St Kilda,39.62,37.61,93.94,93.73,106.2,94.25,-12.37,-0.53,60.0,100.0,93.6,93.73,106.2,94.25,9.4,41.2,Away
2009,Footscray,Port Adelaide,47.62,47.27,101.97,98.74,106.16,91.24,-4.27,7.56,80.0,40.0,122.0,98.74,106.16,91.24,29.0,-14.2,Home
2009,Richmond,West Coast,42.86,33.94,88.63,93.51,102.19,96.67,-13.69,-3.21,20.0,20.0,91.8,93.51,102.19,96.67,-26.8,-16.4,Home
2009,Hawthorn,Brisbane Lions,56.88,44.55,92.47,103.1,95.05,90.97,-2.58,12.3,60.0,60.0,87.6,103.1,95.05,90.97,-3.2,11.6,Away
2009,Adelaide,North Melbourne,64.86,47.22,94.98,95.63,86.0,100.9,8.98,-5.31,60.0,40.0,101.8,95.63,86.0,100.9,3.8,-23.2,Home
2009,Essendon,Melbourne,63.96,34.55,101.56,93.99,97.11,102.42,4.49,-8.47,40.0,0.0,99.2,93.99,97.11,102.42,-3.0,-28.0,Home
2009,Sydney,Collingwood,67.89,45.54,93.63,95.93,84.3,94.06,9.46,1.87,40.0,60.0,89.2,95.93,84.3,94.06,-8.4,-2.6,Away
2009,Fremantle,Geelong,55.66,48.6,89.98,98.59,98.43,86.46,-8.46,12.29,20.0,100.0,84.0,98.59,98.43,86.46,-11.0,41.8,Away
2009,Essendon,Carlton,64.29,31.48,101.69,93.94,97.05,106.19,4.69,-12.36,40.0,60.0,102.2,93.94,97.05,106.19,-2.2,9.0,Home
2009,Collingwood,Fremantle,55.05,28.97,95.9,89.91,93.93,98.41,1.96,-8.5,80.0,0.0,94.0,89.91,93.93,98.41,19.6,-16.2,Home
2009,Adelaide,Sydney,65.18,43.48,94.86,93.51,85.72,84.32,9.13,9.31,80.0,40.0,98.2,93.51,85.72,84.32,19.0,-2.8,Home
2009,Brisbane Lions,Melbourne,71.05,34.23,103.06,93.94,90.79,102.55,12.43,-8.65,60.0,0.0,99.6,93.94,90.79,102.55,14.8,-36.0,Home
2009,West Coast,Hawthorn,64.29,42.73,93.44,92.29,96.65,95.05,-3.26,-2.76,0.0,60.0,78.2,92.29,96.65,95.05,-21.0,-2.8,Home
2009,Geelong,Port Adelaide,71.05,46.85,98.57,98.5,86.41,91.45,12.32,7.11,100.0,40.0,112.4,98.5,86.41,91.45,35.4,-31.8,Home
2009,North Melbourne,Footscray,51.82,41.82,95.31,102.13,100.75,105.87,-5.49,-3.81,20.0,80.0,61.8,102.13,100.75,105.87,-33.0,41.2,Away
2009,St Kilda,Richmond,57.8,34.58,93.78,88.64,94.25,102.07,-0.48,-13.55,100.0,40.0,95.4,88.64,94.25,102.07,25.4,-18.6,Home
2009,Collingwood,Essendon,55.45,41.82,96.22,101.85,93.89,96.91,2.33,4.98,100.0,60.0,117.2,101.85,93.89,96.91,46.6,15.4,Home
2009,Melbourne,West Coast,50.93,33.64,93.76,93.5,102.59,96.61,-8.86,-3.15,0.0,20.0,67.4,93.5,102.59,96.61,-45.6,-16.0,Home
2009,Port Adelaide,Brisbane Lions,68.7,45.05,98.45,103.09,91.58,90.64,6.93,12.62,20.0,60.0,74.0,103.09,91.58,90.64,-39.2,18.6,Home
2009,Richmond,Adelaide,43.4,47.75,88.4,94.81,102.02,85.65,-13.75,9.17,40.0,100.0,83.4,94.81,102.02,85.65,-29.2,29.4,Away
2009,Footscray,Hawthorn,48.11,42.34,102.16,92.26,105.78,95.1,-3.69,-2.84,80.0,40.0,126.6,92.26,105.78,95.1,44.2,-11.2,Home
2009,Sydney,North Melbourne,67.27,46.79,93.4,95.26,84.32,100.78,9.2,-5.57,20.0,20.0,82.0,95.26,84.32,100.78,-7.0,-23.4,Home
2009,St Kilda,Geelong,58.18,49.07,93.77,98.67,93.99,86.42,-0.22,12.42,100.0,100.0,95.8,98.67,93.99,86.42,32.8,28.2,Home
2009,Fremantle,Carlton,55.14,31.19,89.88,93.82,98.74,106.32,-8.86,-12.62,0.0,40.0,85.4,93.82,98.74,106.32,-28.6,-15.0,Away
2009,Footscray,Collingwood,48.6,46.02,102.3,96.25,105.5,93.77,-3.26,2.48,100.0,100.0,130.4,96.25,105.5,93.77,62.2,49.2,Away
2009,Carlton,Richmond,39.25,34.26,93.92,88.38,106.29,102.02,-12.49,-13.77,60.0,40.0,100.0,88.38,106.29,102.02,-3.2,-24.6,Home
2009,Sydney,Essendon,67.57,41.44,93.43,101.69,84.33,96.94,9.22,4.8,20.0,40.0,77.4,101.69,84.33,96.94,-15.0,0.4,Away
2009,Brisbane Lions,Geelong,71.3,48.62,102.99,98.61,90.8,86.44,12.35,12.34,60.0,80.0,97.8,98.61,90.8,86.44,12.2,26.6,Home
2009,Adelaide,Fremantle,65.49,28.7,94.84,89.93,85.64,98.81,9.2,-8.88,100.0,0.0,98.2,89.93,85.64,98.81,24.0,-29.0,Home
2009,Hawthorn,North Melbourne,56.36,46.36,92.05,95.22,95.27,100.78,-3.22,-5.61,20.0,0.0,69.6,95.22,95.27,100.78,-33.2,-29.0,Home
2009,Melbourne,Port Adelaide,51.38,46.43,93.85,98.58,102.54,91.53,-8.73,7.11,20.0,40.0,71.4,98.58,102.54,91.53,-37.2,-18.6,Home
2009,West Coast,St Kilda,64.6,38.18,93.49,93.76,96.68,93.95,-3.23,-0.19,20.0,100.0,84.6,93.76,96.68,93.95,-15.6,30.8,Away
2009,Essendon,Footscray,64.6,42.34,101.72,102.33,96.83,105.53,4.93,-3.25,60.0,80.0,111.0,102.33,96.83,105.53,20.2,54.0,Away
2009,Carlton,Sydney,39.81,43.1,93.99,93.33,106.22,84.43,-12.34,9.03,60.0,20.0,99.6,93.33,106.22,84.43,-7.4,-14.0,Home
2009,Geelong,Melbourne,71.3,33.93,98.46,93.88,86.53,102.48,12.09,-8.64,60.0,40.0,93.0,93.88,86.53,102.48,5.2,-27.6,Home
2009,Collingwood,Hawthorn,55.86,41.96,96.32,91.96,93.84,95.13,2.47,-3.17,100.0,40.0,119.4,91.96,93.84,95.13,41.8,-26.0,Away
2009,Fremantle,Brisbane Lions,54.63,44.64,89.58,103.01,98.96,90.69,-9.38,12.49,0.0,60.0,68.6,103.01,98.96,90.69,-51.8,17.2,Away
2009,Port Adelaide,West Coast,68.97,33.33,98.54,93.39,91.57,96.65,7.03,-3.31,40.0,20.0,88.8,93.39,91.57,96.65,-13.2,-11.4,Home
2009,Richmond,North Melbourne,42.99,45.95,88.38,95.08,102.06,100.65,-13.8,-5.63,20.0,0.0,78.2,95.08,102.06,100.65,-29.2,-27.2,Draw
2009,St Kilda,Adelaide,58.56,48.21,93.74,95.0,93.84,85.32,-0.1,9.68,100.0,100.0,96.0,95.0,93.84,85.32,27.4,42.0,Home
2009,Carlton,Collingwood,40.37,46.49,94.12,96.23,106.02,93.96,-12.0,2.26,60.0,80.0,102.0,96.23,106.02,93.96,3.6,19.6,Away
2009,Geelong,Hawthorn,71.55,42.48,98.54,92.09,86.46,95.04,12.24,-2.95,60.0,40.0,96.6,92.09,86.46,95.04,10.0,-19.2,Home
2009,Fremantle,West Coast,54.13,33.04,89.38,93.31,98.79,96.72,-9.41,-3.45,0.0,20.0,64.0,93.31,98.79,96.72,-50.0,-14.2,Home
2009,St Kilda,Footscray,58.93,42.86,93.79,102.34,93.63,105.36,0.16,-3.08,100.0,80.0,96.4,102.34,93.63,105.36,29.6,47.0,Home
2009,Brisbane Lions,North Melbourne,71.55,45.54,102.83,95.03,90.5,100.58,12.5,-5.63,80.0,0.0,90.8,95.03,90.5,100.58,21.4,-18.0,Home
2009,Melbourne,Sydney,51.82,42.74,93.78,93.2,102.55,84.6,-8.81,8.72,40.0,20.0,84.6,93.2,102.55,84.6,-23.6,-24.0,Away
2009,Essendon,Richmond,64.04,33.94,101.58,88.37,96.85,101.98,4.76,-13.8,60.0,20.0,102.2,88.37,96.85,101.98,16.8,-15.6,Away
2009,Adelaide,Port Adelaide,65.79,46.02,94.79,98.6,85.41,91.5,9.38,7.16,80.0,40.0,86.6,98.6,85.41,91.5,27.4,-10.8,Home
2009,North Melbourne,Carlton,51.35,31.82,94.94,93.88,100.65,105.96,-5.79,-12.2,0.0,60.0,79.0,93.88,100.65,105.96,-17.4,-5.4,Away
2009,Geelong,Adelaide,71.79,47.79,98.55,94.96,86.52,85.31,12.19,9.65,60.0,80.0,97.6,94.96,86.52,85.31,6.4,32.6,Home
2009,Footscray,Fremantle,48.15,28.44,102.15,89.3,105.37,98.64,-3.28,-9.34,60.0,20.0,103.0,89.3,105.37,98.64,19.4,-45.2,Home
2009,Collingwood,Brisbane Lions,55.36,45.13,96.22,102.89,93.73,90.43,2.49,12.63,80.0,80.0,110.4,102.89,93.73,90.43,25.8,21.2,Home
2009,Sydney,St Kilda,66.96,38.74,93.09,93.84,84.45,93.49,8.76,0.36,40.0,100.0,74.4,93.84,84.45,93.49,-15.8,36.8,Away
2009,Melbourne,Richmond,51.35,34.55,93.58,88.43,102.39,101.95,-8.85,-13.71,40.0,20.0,78.0,88.43,102.39,101.95,-17.6,-17.6,Away
2009,Port Adelaide,Hawthorn,69.23,42.11,98.44,92.12,91.68,95.06,6.82,-2.94,40.0,40.0,96.0,92.12,91.68,95.06,-6.2,-11.0,Home
2009,West Coast,Essendon,64.04,41.96,93.19,101.55,96.6,96.87,-3.46,4.72,20.0,40.0,82.2,101.55,96.6,96.87,-12.2,6.2,Home
2009,Carlton,Geelong,40.0,48.18,93.88,98.52,105.86,86.54,-12.1,12.15,80.0,60.0,96.4,98.52,105.86,86.54,10.4,0.0,Home
2009,Footscray,West Coast,48.62,32.74,102.19,93.2,105.25,96.48,-3.12,-3.32,60.0,20.0,103.6,93.2,105.25,96.48,21.2,-10.8,Away
2009,Hawthorn,St Kilda,56.76,39.29,92.17,93.84,95.18,93.48,-3.01,0.36,40.0,100.0,88.0,93.84,95.18,93.48,-10.6,25.8,Away
2009,Essendon,Brisbane Lions,63.48,44.74,101.4,102.68,96.86,90.45,4.58,12.39,20.0,60.0,81.6,102.68,96.86,90.45,-13.0,2.2,Draw
2009,Adelaide,Collingwood,66.09,46.96,94.94,96.21,85.34,93.56,9.6,2.65,60.0,80.0,100.6,96.21,85.34,93.56,29.0,17.0,Away
2009,North Melbourne,Melbourne,50.89,33.63,94.89,93.53,100.62,102.32,-5.81,-8.83,0.0,40.0,78.6,93.53,100.62,102.32,-15.0,-7.4,Home
2009,Richmond,Sydney,42.59,43.22,88.42,93.09,101.86,84.49,-13.63,8.71,40.0,40.0,89.2,93.09,101.86,84.49,-5.6,-12.8,Away
2009,Fremantle,Port Adelaide,54.55,45.61,89.25,98.54,98.7,91.73,-9.44,6.87,20.0,60.0,62.2,98.54,98.7,91.73,-34.6,4.2,Home
2009,Hawthorn,Adelaide,56.25,47.37,91.98,94.82,95.08,85.36,-3.11,9.47,40.0,40.0,88.8,94.82,95.08,85.36,2.0,21.4,Away
2009,Richmond,Collingwood,42.2,47.41,88.32,96.18,101.95,93.45,-13.82,2.73,40.0,80.0,85.8,96.18,101.95,93.45,-13.2,14.2,Away
2009,West Coast,North Melbourne,64.35,45.13,93.24,95.02,96.48,100.45,-3.29,-5.5,40.0,20.0,81.8,95.02,96.48,100.45,-5.8,0.4,Home
2009,Brisbane Lions,Footscray,71.79,42.48,102.62,102.17,90.44,105.24,12.39,-3.13,60.0,40.0,85.6,102.17,90.44,105.24,11.8,2.6,Away
2009,Sydney,Geelong,66.37,47.75,93.22,98.36,84.42,86.58,8.92,11.94,40.0,60.0,83.8,98.36,84.42,86.58,-4.8,-5.8,Away
2009,Melbourne,Fremantle,50.89,28.18,93.38,89.38,102.41,98.58,-9.07,-9.21,20.0,40.0,73.0,89.38,102.41,98.58,-23.8,-23.2,Home
2009,Port Adelaide,Carlton,69.49,32.43,98.43,93.89,91.83,105.67,6.66,-11.88,40.0,80.0,91.8,93.89,91.83,105.67,-13.8,14.4,Away
2009,Essendon,St Kilda,62.93,39.82,101.34,93.76,96.82,93.29,4.58,0.48,20.0,100.0,85.6,93.76,96.82,93.29,-6.0,29.6,Home
2009,Footscray,Geelong,48.18,48.21,102.17,98.33,105.14,86.58,-3.03,11.91,60.0,80.0,94.8,98.33,105.14,86.58,6.4,3.8,Home
2009,Carlton,Melbourne,40.54,33.33,94.01,93.53,105.49,102.24,-11.58,-8.75,80.0,20.0,95.2,93.53,105.49,102.24,21.2,-13.4,Home
2009,Adelaide,West Coast,65.52,33.33,94.82,93.31,85.28,96.37,9.54,-3.11,40.0,60.0,86.6,93.31,85.28,96.37,3.4,5.8,Home
2009,Richmond,Hawthorn,41.82,41.74,88.19,91.87,102.18,95.08,-14.18,-3.21,40.0,20.0,79.8,91.87,102.18,95.08,-27.8,-5.2,Away
2009,Brisbane Lions,Port Adelaide,71.19,45.22,102.54,98.3,90.48,91.96,12.26,6.4,40.0,40.0,80.8,98.3,90.48,91.96,-0.4,-22.4,Home
2009,St Kilda,North Melbourne,59.29,44.74,93.82,94.92,93.36,100.49,0.46,-5.65,80.0,20.0,97.4,94.92,93.36,100.49,25.2,-5.4,Away
2009,Collingwood,Sydney,55.75,43.7,96.42,93.19,93.3,84.45,3.13,8.86,80.0,40.0,101.2,93.19,93.3,84.45,32.6,1.2,Home
2009,Fremantle,Essendon,54.95,41.59,89.26,101.38,98.71,96.87,-9.45,4.57,40.0,20.0,75.6,101.38,98.71,96.87,-12.4,-12.6,Home
2009,West Coast,Richmond,64.66,35.14,93.11,88.21,96.48,102.33,-3.42,-14.31,60.0,40.0,84.2,88.21,96.48,102.33,-1.8,-36.2,Home
2009,Geelong,Fremantle,72.03,27.93,98.32,89.49,86.68,98.66,11.79,-9.17,60.0,60.0,88.4,89.49,86.68,98.66,-8.2,1.4,Home
2009,Hawthorn,Essendon,55.75,41.23,92.06,101.32,95.07,97.06,-3.01,4.31,20.0,20.0,90.4,101.32,95.07,97.06,-5.8,-16.8,Away
2009,Carlton,Adelaide,41.07,47.83,94.28,94.94,105.45,85.12,-11.27,9.82,80.0,60.0,101.0,94.94,105.45,85.12,20.4,29.6,Away
2009,Sydney,Brisbane Lions,65.79,44.35,93.03,102.56,84.5,90.49,8.64,12.27,40.0,40.0,85.4,102.56,84.5,90.49,5.2,-0.4,Away
2009,Port Adelaide,North Melbourne,68.91,45.22,98.27,94.78,92.02,100.31,6.3,-5.6,20.0,40.0,83.2,94.78,92.02,100.31,-32.6,-4.4,Away
2009,Melbourne,St Kilda,51.33,39.47,93.54,93.67,102.46,93.23,-8.96,0.44,20.0,60.0,83.2,93.67,102.46,93.23,-15.6,12.8,Away
2009,Collingwood,Footscray,56.14,42.98,96.42,102.2,93.13,105.1,3.29,-2.95,100.0,60.0,105.4,102.2,93.13,105.1,49.8,2.6,Away
2009,Adelaide,Essendon,65.81,41.74,95.28,101.38,85.2,97.07,10.09,4.37,60.0,40.0,110.2,101.38,85.2,97.07,30.0,-12.4,Home
2009,Geelong,Footscray,72.27,43.48,98.31,102.19,86.54,104.97,11.92,-2.83,60.0,80.0,87.4,102.19,86.54,104.97,-0.4,16.4,Home
2009,Brisbane Lions,Carlton,71.43,33.04,102.54,94.32,90.5,105.76,12.26,-11.55,40.0,80.0,86.6,94.32,90.5,105.76,-7.0,16.8,Home
2009,St Kilda,Collingwood,58.77,47.86,93.76,96.34,93.12,93.16,0.65,3.17,60.0,80.0,89.8,96.34,93.12,93.16,13.2,34.2,Home
2009,Footscray,Brisbane Lions,48.65,44.83,102.1,102.58,104.93,90.56,-2.88,12.23,60.0,60.0,98.2,102.58,104.93,90.56,7.4,2.4,Home
2009,Collingwood,Adelaide,55.65,48.28,96.15,95.59,93.11,85.13,3.04,10.45,60.0,80.0,93.2,95.59,93.11,85.13,20.6,49.6,Home
2009,St Kilda,Footscray,59.13,43.1,93.7,102.12,92.94,104.72,0.77,-2.64,60.0,80.0,87.0,102.12,92.94,104.72,18.6,18.6,Home
2009,Geelong,Collingwood,72.5,47.46,98.3,96.09,86.52,93.04,11.93,3.05,60.0,60.0,88.0,96.09,86.52,93.04,2.0,17.4,Home
2009,St Kilda,Geelong,59.48,47.79,93.55,98.39,92.77,86.35,0.79,12.19,60.0,80.0,84.2,98.39,92.77,86.35,15.0,23.6,Away
2010,Richmond,Carlton,41.44,32.74,88.02,94.36,102.43,105.79,-14.61,-11.53,20.0,60.0,70.2,94.36,102.43,105.79,-53.2,13.4,Away
2010,Geelong,Essendon,72.73,41.38,98.31,101.24,86.28,97.36,12.19,3.93,80.0,40.0,97.2,101.24,86.28,97.36,25.0,-26.2,Home
2010,Melbourne,Hawthorn,50.88,42.24,93.43,92.09,102.52,95.16,-9.13,-3.07,20.0,20.0,86.6,92.09,102.52,95.16,-21.4,-9.0,Away
2010,Sydney,St Kilda,65.22,40.0,93.03,93.44,84.57,92.71,8.57,0.74,20.0,60.0,90.2,93.44,84.57,92.71,0.0,13.0,Away
2010,Brisbane Lions,West Coast,71.67,33.04,102.38,93.25,90.62,96.26,11.96,-3.05,60.0,80.0,91.6,93.25,90.62,96.26,-7.8,15.2,Home
2010,Port Adelaide,North Melbourne,68.33,45.69,98.14,94.68,91.93,100.16,6.26,-5.56,20.0,60.0,84.2,94.68,91.93,100.16,-19.4,4.6,Home
2010,Footscray,Collingwood,49.11,47.06,101.91,95.88,104.52,93.16,-2.66,2.72,60.0,40.0,90.4,95.88,104.52,93.16,13.6,-15.8,Away
2010,Fremantle,Adelaide,55.36,47.86,89.33,95.51,98.64,85.12,-9.3,10.39,40.0,80.0,91.0,95.51,98.64,85.12,-7.6,52.8,Home
2010,Brisbane Lions,Carlton,71.9,33.33,102.43,94.48,90.59,105.6,12.05,-11.23,80.0,60.0,97.6,94.48,90.59,105.6,2.2,17.6,Home
2010,Collingwood,Melbourne,56.03,33.04,96.02,93.29,93.16,102.58,2.86,-9.33,40.0,20.0,77.4,93.29,93.16,102.58,-16.8,-31.8,Home
2010,St Kilda,North Melbourne,58.97,45.3,93.45,94.62,92.69,100.14,0.77,-5.59,80.0,60.0,83.6,94.62,92.69,100.14,15.6,3.8,Home
2010,West Coast,Port Adelaide,64.96,44.83,93.2,98.13,96.34,91.89,-3.18,6.29,60.0,20.0,93.4,98.13,96.34,91.89,3.4,-20.2,Away
2010,Adelaide,Sydney,66.1,43.33,95.37,93.01,85.26,84.62,10.11,8.5,60.0,20.0,120.8,93.01,85.26,84.62,36.2,-1.4,Away
2010,Essendon,Fremantle,63.25,27.68,101.21,89.46,97.48,98.48,3.78,-9.01,40.0,60.0,95.4,89.46,97.48,98.48,-32.4,9.8,Away
2010,Richmond,Footscray,41.07,42.74,87.91,101.87,102.51,104.63,-14.8,-2.81,0.0,40.0,65.8,101.87,102.51,104.63,-65.2,3.6,Away
2010,Hawthorn,Geelong,55.26,48.25,92.19,98.42,95.01,86.31,-2.82,12.27,40.0,100.0,93.4,98.42,95.01,86.31,5.8,34.0,Away
2010,St Kilda,Collingwood,59.32,47.5,93.66,95.98,92.46,93.12,1.22,2.86,80.0,60.0,89.4,95.98,92.46,93.12,27.0,-11.8,Home
2010,North Melbourne,West Coast,51.33,32.76,94.38,93.17,100.33,96.31,-6.03,-3.18,40.0,40.0,65.6,93.17,100.33,96.31,-29.4,1.8,Home
2010,Port Adelaide,Brisbane Lions,68.6,44.44,98.09,102.45,91.87,90.58,6.28,12.08,40.0,80.0,82.2,102.45,91.87,90.58,-11.2,3.0,Away
2010,Carlton,Essendon,40.71,41.03,94.45,101.08,105.61,97.55,-11.26,3.57,40.0,20.0,113.8,101.08,105.61,97.55,3.0,-41.6,Away
2010,Sydney,Richmond,64.66,34.82,93.11,87.73,84.58,102.59,8.65,-15.05,20.0,0.0,88.2,87.73,84.58,102.59,-3.8,-68.6,Home
2010,Melbourne,Adelaide,50.43,47.46,93.25,95.28,102.51,85.4,-9.3,9.88,20.0,40.0,87.2,95.28,102.51,85.4,-19.6,12.8,Home
2010,Footscray,Hawthorn,48.67,42.74,101.95,92.19,104.39,95.03,-2.48,-2.84,40.0,40.0,91.0,92.19,104.39,95.03,13.2,9.0,Home
2010,Fremantle,Geelong,55.75,48.7,89.57,98.43,98.35,86.33,-8.78,12.26,60.0,100.0,98.0,98.43,98.35,86.33,10.2,27.8,Home
2010,West Coast,Essendon,64.41,41.53,93.16,101.05,96.39,97.45,-3.27,3.64,20.0,40.0,86.4,101.05,96.39,97.45,-10.8,-26.8,Home
2010,North Melbourne,Sydney,51.75,43.8,94.47,93.19,100.29,84.46,-5.89,8.84,60.0,40.0,74.4,93.19,100.29,84.46,-16.8,8.2,Away
2010,Adelaide,Carlton,65.55,33.04,95.05,94.36,85.28,105.56,9.77,-11.3,20.0,20.0,84.4,94.36,85.28,105.56,-4.8,-12.4,Away
2010,Collingwood,Hawthorn,56.41,42.37,95.75,92.15,93.02,95.06,2.73,-2.9,60.0,40.0,77.2,92.15,93.02,95.06,-11.8,11.2,Home
2010,Brisbane Lions,Footscray,72.13,43.22,102.48,101.94,90.54,104.3,12.14,-2.4,80.0,60.0,99.2,101.94,90.54,104.3,6.8,19.2,Home
2010,Richmond,Melbourne,40.71,32.76,87.59,93.09,102.62,102.24,-15.23,-9.19,0.0,20.0,61.2,93.09,102.62,102.24,-61.0,-29.0,Away
2010,Geelong,Port Adelaide,72.95,45.3,98.51,98.02,86.49,91.93,12.17,6.14,80.0,40.0,108.6,98.02,86.49,91.93,23.6,-5.8,Home
2010,St Kilda,Fremantle,59.66,28.32,93.56,89.72,92.24,98.43,1.33,-8.71,80.0,80.0,87.2,89.72,92.24,98.43,27.0,24.2,Home
2010,Footscray,Adelaide,49.12,47.06,101.84,94.89,104.28,85.36,-2.48,9.53,40.0,0.0,89.0,94.89,104.28,85.36,4.6,-33.6,Home
2010,Sydney,West Coast,64.96,32.48,93.22,93.19,84.36,96.31,8.97,-3.16,60.0,40.0,101.8,93.19,84.36,96.31,24.4,8.6,Home
2010,Melbourne,Brisbane Lions,50.86,44.92,93.27,102.47,102.14,90.49,-8.91,12.18,40.0,80.0,80.6,102.47,102.14,90.49,-6.6,9.8,Home
2010,Port Adelaide,St Kilda,68.03,40.52,97.88,93.62,92.21,92.25,5.71,1.39,40.0,80.0,79.4,93.62,92.21,92.25,-21.8,28.6,Home
2010,Collingwood,Essendon,56.78,41.18,95.86,100.95,92.88,97.47,2.98,3.53,60.0,20.0,85.2,100.95,92.88,97.47,0.0,-34.8,Home
2010,Hawthorn,North Melbourne,54.78,44.92,92.01,94.33,95.18,100.29,-3.16,-6.04,20.0,40.0,90.0,94.33,95.18,100.29,-10.0,-25.8,Away
2010,Fremantle,Richmond,56.14,34.51,89.74,87.55,98.47,102.76,-8.74,-15.41,60.0,0.0,100.6,87.55,98.47,102.76,10.4,-63.6,Home
2010,Carlton,Geelong,40.35,48.28,94.4,98.77,105.34,86.4,-11.04,12.53,40.0,80.0,98.0,98.77,105.34,86.4,11.6,28.0,Home
2010,Footscray,St Kilda,49.57,40.17,101.92,93.41,104.15,92.08,-2.26,1.34,60.0,80.0,102.6,93.41,104.15,92.08,15.8,29.0,Away
2010,North Melbourne,Melbourne,51.3,33.33,94.27,93.31,100.16,101.93,-5.96,-8.66,40.0,60.0,75.8,93.31,100.16,101.93,-24.2,12.8,Home
2010,Adelaide,Port Adelaide,65.0,44.92,94.79,97.7,85.5,92.01,9.29,5.73,0.0,60.0,61.0,97.7,85.5,92.01,-42.4,-19.0,Away
2010,Essendon,Hawthorn,62.71,42.02,100.76,91.92,97.56,95.12,3.24,-3.2,20.0,20.0,78.2,91.92,97.56,95.12,-28.6,-9.0,Home
2010,Sydney,Brisbane Lions,65.25,44.54,93.31,102.26,84.27,90.54,9.16,11.92,80.0,80.0,106.4,102.26,84.27,90.54,36.4,10.0,Home
2010,Geelong,Richmond,73.17,34.21,98.64,87.49,86.47,102.8,12.32,-15.52,60.0,0.0,114.0,87.49,86.47,102.8,18.4,-55.4,Home
2010,Carlton,Collingwood,40.87,47.11,94.44,95.96,105.18,92.72,-10.83,3.24,60.0,80.0,98.0,95.96,105.18,92.72,20.2,27.6,Away
2010,West Coast,Fremantle,64.71,28.07,93.07,89.83,96.39,98.36,-3.37,-8.53,20.0,80.0,84.6,89.83,96.39,98.36,-17.8,26.2,Away
2010,Melbourne,Footscray,51.28,42.86,93.24,101.69,101.94,103.91,-8.73,-2.26,60.0,60.0,91.2,101.69,101.94,103.91,18.8,22.4,Away
2010,Essendon,Port Adelaide,63.03,45.38,100.78,97.69,97.42,91.94,3.41,5.8,40.0,60.0,80.6,97.69,97.42,91.94,-13.8,-17.2,Away
2010,West Coast,Hawthorn,64.17,41.67,92.98,91.8,96.45,95.17,-3.51,-3.37,20.0,0.0,82.8,91.8,96.45,95.17,-19.0,-28.8,Home
2010,Collingwood,North Melbourne,57.14,45.38,96.21,94.31,92.76,100.06,3.45,-5.82,80.0,60.0,105.0,94.31,92.76,100.06,31.0,-16.2,Home
2010,Brisbane Lions,Fremantle,72.36,28.7,102.2,89.93,90.61,98.25,11.79,-8.33,60.0,80.0,91.2,89.93,90.61,98.25,-0.4,22.6,Away
2010,Geelong,Sydney,73.39,44.26,98.9,93.37,86.33,84.28,12.72,9.2,60.0,100.0,121.2,93.37,86.33,84.28,33.8,42.0,Home
2010,Adelaide,Richmond,64.46,33.91,94.71,87.34,85.55,103.05,9.15,-15.92,0.0,0.0,63.4,87.34,85.55,103.05,-35.8,-65.8,Home
2010,St Kilda,Carlton,60.0,33.62,93.22,94.47,91.89,105.4,1.35,-11.02,80.0,40.0,82.6,94.47,91.89,105.4,28.0,-1.6,Away
2010,Fremantle,Collingwood,56.52,47.54,90.03,96.46,98.26,92.75,-8.23,3.71,80.0,80.0,110.8,96.46,98.26,92.75,16.4,44.0,Away
2010,Footscray,Sydney,49.14,43.9,101.55,93.22,103.75,84.45,-2.24,8.88,60.0,80.0,83.2,93.22,103.75,84.45,8.8,20.0,Home
2010,Melbourne,West Coast,50.85,32.2,93.13,93.02,101.8,96.44,-8.71,-3.47,60.0,40.0,87.4,93.02,101.8,96.44,18.2,-16.8,Away
2010,North Melbourne,Adelaide,51.72,46.67,94.3,94.74,100.31,85.42,-6.08,9.32,60.0,20.0,90.6,94.74,100.31,85.42,-8.6,-17.2,Home
2010,Brisbane Lions,Geelong,71.77,47.86,102.19,99.01,90.7,86.22,11.68,12.95,40.0,60.0,89.8,99.01,90.7,86.22,-6.8,45.4,Away
2010,Richmond,Hawthorn,40.35,41.32,87.19,91.81,103.06,95.19,-16.07,-3.39,0.0,0.0,62.8,91.81,103.06,95.19,-61.4,-28.6,Away
2010,Port Adelaide,Carlton,68.29,34.19,97.74,94.62,92.0,105.24,5.79,-10.71,60.0,60.0,81.0,94.62,92.0,105.24,-17.2,14.4,Away
2010,St Kilda,Essendon,59.5,40.83,93.12,100.8,92.05,97.47,1.08,3.38,60.0,40.0,67.6,100.8,92.05,97.47,-5.0,-5.6,Away
2010,Collingwood,Geelong,57.5,48.31,96.61,99.24,92.77,86.17,3.84,13.23,100.0,80.0,137.6,99.24,92.77,86.17,56.8,63.0,Away
2010,North Melbourne,Footscray,52.14,43.33,94.26,101.55,100.2,103.58,-6.02,-2.06,60.0,60.0,84.2,101.55,100.2,103.58,-11.8,13.2,Away
2010,Sydney,Fremantle,65.55,29.31,93.1,90.06,84.52,98.41,8.69,-8.35,60.0,60.0,88.8,90.06,84.52,98.41,1.4,7.8,Away
2010,Melbourne,Port Adelaide,50.42,45.83,92.93,97.72,101.69,92.1,-8.8,5.66,40.0,60.0,85.2,97.72,101.69,92.1,9.2,-17.0,Home
2010,Essendon,Richmond,62.5,33.62,100.77,87.19,97.4,103.0,3.42,-16.02,40.0,0.0,87.6,87.19,97.4,103.0,-7.2,-51.0,Home
2010,Adelaide,Brisbane Lions,64.75,44.17,94.66,102.08,85.42,90.96,9.25,11.3,20.0,20.0,76.0,102.08,85.42,90.96,-15.8,-28.4,Home
2010,Carlton,Hawthorn,40.52,41.8,94.72,91.79,105.18,95.16,-10.55,-3.36,80.0,20.0,111.2,91.79,105.18,95.16,23.6,-24.8,Away
2010,West Coast,St Kilda,64.46,40.68,92.95,93.07,96.23,92.05,-3.33,1.03,60.0,40.0,82.8,93.07,96.23,92.05,-6.0,-13.0,Away
2010,Essendon,Footscray,62.81,43.8,100.89,101.66,97.39,103.38,3.55,-1.76,60.0,80.0,98.0,101.66,97.39,103.38,4.4,31.6,Home
2010,Geelong,Melbourne,73.6,33.05,99.18,93.0,86.02,101.72,13.33,-8.76,80.0,40.0,119.2,93.0,86.02,101.72,51.2,-1.6,Home
2010,Port Adelaide,Richmond,67.74,33.33,97.77,87.22,92.18,103.11,5.63,-16.1,60.0,0.0,92.4,87.22,92.18,103.11,1.8,-47.0,Away
2010,St Kilda,Adelaide,59.02,46.28,93.06,94.66,91.9,85.4,1.17,9.26,40.0,40.0,66.6,94.66,91.9,85.4,-9.0,-3.8,Home
2010,Brisbane Lions,Collingwood,71.2,47.97,101.99,96.42,90.97,92.74,11.2,3.68,0.0,80.0,79.0,96.42,90.97,92.74,-35.2,36.8,Home
2010,Hawthorn,Sydney,54.31,43.55,91.87,92.98,95.01,84.58,-3.14,8.5,40.0,40.0,85.2,92.98,95.01,84.58,-2.0,-14.0,Home
2010,Carlton,West Coast,40.17,32.77,94.57,92.79,105.2,96.21,-10.72,-3.46,60.0,40.0,102.6,92.79,105.2,96.21,4.0,-17.6,Home
2010,Fremantle,North Melbourne,56.03,45.0,90.1,94.1,98.26,100.31,-8.16,-6.29,80.0,60.0,106.6,94.1,98.26,100.31,18.2,-17.8,Home
2010,Richmond,St Kilda,40.0,41.18,87.18,93.18,102.8,91.83,-15.83,1.36,20.0,60.0,73.0,93.18,102.8,91.83,-29.8,2.4,Away
2010,Carlton,Melbourne,40.68,32.77,94.62,92.9,105.08,101.8,-10.55,-8.95,60.0,20.0,102.8,92.9,105.08,101.8,2.6,-22.4,Home
2010,Adelaide,Fremantle,65.04,29.91,94.58,90.31,85.55,98.17,9.03,-7.86,40.0,80.0,84.4,90.31,85.55,98.17,-3.4,22.6,Home
2010,North Melbourne,Brisbane Lions,51.69,43.8,94.03,101.94,100.47,90.93,-6.52,11.19,40.0,20.0,82.8,101.94,100.47,90.93,-32.4,-23.6,Home
2010,West Coast,Geelong,63.93,48.74,92.72,99.27,96.25,85.94,-3.57,13.5,40.0,100.0,76.4,99.27,96.25,85.94,-13.0,69.2,Away
2010,Sydney,Essendon,65.0,41.32,92.91,100.88,84.56,97.36,8.45,3.57,20.0,80.0,73.8,100.88,84.56,97.36,-24.8,19.2,Home
2010,Hawthorn,Port Adelaide,54.7,45.45,91.82,97.49,94.93,92.12,-3.12,5.42,60.0,40.0,87.0,97.49,94.93,92.12,0.8,-9.6,Home
2010,Collingwood,Footscray,57.02,43.44,96.35,101.61,92.72,103.36,3.63,-1.79,60.0,60.0,115.0,101.61,92.72,103.36,22.2,20.0,Home
2010,North Melbourne,Carlton,52.1,34.75,94.02,94.65,100.42,104.89,-6.49,-10.33,40.0,80.0,80.0,94.65,100.42,104.89,-37.4,21.4,Home
2010,Hawthorn,Adelaide,55.08,45.9,91.74,94.62,94.8,85.54,-3.06,9.09,80.0,60.0,89.2,94.62,94.8,85.54,11.6,5.8,Home
2010,Essendon,Geelong,63.11,49.17,100.8,99.37,97.32,85.99,3.52,13.54,60.0,100.0,101.6,99.37,97.32,85.99,8.8,52.4,Away
2010,Port Adelaide,Sydney,67.2,43.2,97.35,92.89,92.04,84.54,5.35,8.46,20.0,20.0,80.8,92.89,92.04,84.54,-16.4,-27.0,Away
2010,Richmond,West Coast,39.66,32.5,87.06,92.74,102.77,96.35,-15.92,-3.65,20.0,40.0,74.2,92.74,102.77,96.35,-15.8,-10.2,Home
2010,Footscray,Brisbane Lions,49.57,43.44,101.61,101.88,103.4,90.92,-1.82,11.14,60.0,20.0,98.2,101.88,103.4,90.92,18.6,-19.8,Home
2010,Fremantle,St Kilda,56.41,41.67,90.27,93.2,98.2,91.7,-7.93,1.52,60.0,60.0,106.2,93.2,98.2,91.7,10.4,9.4,Away
2010,Melbourne,Collingwood,50.83,47.58,92.76,96.42,101.8,92.76,-9.08,3.65,20.0,60.0,70.0,96.42,101.8,92.76,-25.4,13.6,Draw
2010,Hawthorn,Essendon,55.46,40.98,91.88,100.73,94.73,97.56,-2.85,3.21,100.0,60.0,95.2,100.73,94.73,97.56,22.6,-4.8,Home
2010,Carlton,Fremantle,41.18,29.66,94.53,90.17,104.85,98.14,-10.41,-7.97,60.0,40.0,90.4,90.17,104.85,98.14,3.4,4.2,Away
2010,Brisbane Lions,Richmond,71.43,33.9,101.7,87.22,91.04,102.66,10.83,-15.64,20.0,40.0,77.6,87.22,91.04,102.66,-30.2,4.0,Away
2010,North Melbourne,Port Adelaide,52.5,45.08,94.03,97.18,100.29,92.05,-6.34,5.17,60.0,0.0,81.2,97.18,100.29,92.05,-18.4,-24.6,Home
2010,West Coast,Footscray,63.41,43.09,92.68,101.69,96.48,103.21,-3.84,-1.54,20.0,60.0,76.4,101.69,96.48,103.21,-21.6,30.8,Away
2010,St Kilda,Geelong,59.35,49.59,93.16,99.59,91.6,85.98,1.59,13.77,80.0,100.0,95.4,99.59,91.6,85.98,25.2,53.2,Home
2010,Sydney,Collingwood,65.29,47.2,92.89,96.34,84.42,92.7,8.58,3.65,40.0,40.0,77.0,96.34,84.42,92.7,-6.0,0.4,Away
2010,Adelaide,Melbourne,65.32,32.5,94.55,92.69,85.69,101.69,8.86,-9.08,40.0,20.0,85.2,92.69,85.69,101.69,-13.6,-24.6,Home
2010,Carlton,Brisbane Lions,40.83,43.09,94.5,101.64,104.82,91.1,-10.4,10.71,40.0,20.0,84.2,101.64,104.82,91.1,-3.6,-17.8,Home
2010,Hawthorn,Footscray,55.83,43.55,91.92,101.76,94.69,103.02,-2.77,-1.28,100.0,60.0,97.8,101.76,94.69,103.02,25.2,35.2,Home
2010,Fremantle,Port Adelaide,55.93,44.72,90.2,97.16,98.1,92.2,-7.9,5.01,60.0,0.0,96.8,97.16,98.1,92.2,13.2,-26.6,Home
2010,Collingwood,West Coast,57.38,32.23,96.33,92.54,92.61,96.57,3.74,-4.07,40.0,0.0,83.0,92.54,92.61,96.57,-1.8,-39.4,Home
2010,Adelaide,Essendon,65.6,40.65,94.64,100.67,85.64,97.57,9.0,3.13,60.0,40.0,93.6,100.67,85.64,97.57,-3.0,-10.4,Home
2010,Geelong,North Melbourne,73.81,44.63,99.37,94.17,85.92,100.26,13.62,-6.16,80.0,60.0,105.8,94.17,85.92,100.26,32.2,-13.0,Home
2010,Richmond,Sydney,40.17,43.65,87.3,92.81,102.59,84.47,-15.49,8.44,60.0,40.0,92.4,92.81,102.59,84.47,8.4,-3.4,Home
2010,St Kilda,Melbourne,59.68,32.23,93.07,92.61,91.41,101.76,1.68,-9.22,100.0,20.0,93.2,92.61,91.41,101.76,32.4,-27.6,Home
2010,Port Adelaide,Collingwood,66.67,47.62,97.01,96.49,92.29,92.45,4.76,4.06,0.0,60.0,59.8,96.49,92.29,92.45,-37.8,22.0,Away
2010,Geelong,Hawthorn,74.02,42.28,99.37,91.86,85.82,94.61,13.71,-2.75,80.0,100.0,108.2,91.86,85.82,94.61,32.0,15.8,Home
2010,West Coast,Adelaide,62.9,45.53,92.38,94.76,96.72,85.46,-4.4,9.3,0.0,60.0,72.4,94.76,96.72,85.46,-49.0,11.4,Away
2010,Richmond,Fremantle,40.68,30.25,87.3,90.3,102.52,97.93,-15.41,-7.63,80.0,60.0,91.2,90.3,102.52,97.93,16.2,17.2,Home
2010,Brisbane Lions,St Kilda,70.87,42.15,101.49,93.1,91.22,91.3,10.44,1.81,20.0,100.0,76.8,93.1,91.22,91.3,-26.4,32.4,Away
2010,Sydney,North Melbourne,64.75,44.26,92.78,94.05,84.49,100.25,8.39,-6.28,40.0,60.0,83.0,94.05,84.49,100.25,3.2,-6.0,Home
2010,Melbourne,Essendon,50.41,40.32,92.49,100.42,101.75,97.68,-9.33,2.77,0.0,20.0,68.2,100.42,101.75,97.68,-34.8,-34.2,Home
2010,Carlton,Footscray,41.32,43.2,94.61,101.66,104.65,102.93,-10.13,-1.29,60.0,40.0,96.2,101.66,104.65,102.93,17.4,20.6,Away
2010,Adelaide,Geelong,65.87,49.18,94.85,99.31,85.5,85.81,9.35,13.66,80.0,80.0,108.0,99.31,85.5,85.81,25.2,21.6,Home
2010,Collingwood,St Kilda,57.72,42.62,96.52,93.04,92.39,91.2,4.15,1.86,80.0,100.0,105.0,93.04,92.39,91.2,28.8,25.8,Home
2010,Hawthorn,Brisbane Lions,56.2,42.74,91.83,101.35,94.58,91.17,-2.75,10.34,80.0,0.0,92.4,101.35,94.58,91.17,15.0,-30.8,Home
2010,Essendon,West Coast,62.6,31.97,100.43,92.39,97.78,96.81,2.69,-4.47,0.0,0.0,78.4,92.39,97.78,96.81,-39.8,-47.6,Away
2010,Footscray,Port Adelaide,50.0,44.35,101.76,96.94,102.74,92.34,-1.0,4.63,60.0,0.0,109.0,96.94,102.74,92.34,36.0,-33.6,Home
2010,Carlton,Sydney,40.98,43.31,94.46,92.74,104.74,84.37,-10.37,8.48,40.0,60.0,86.8,92.74,104.74,84.37,-2.0,9.6,Away
2010,Richmond,North Melbourne,41.18,43.9,87.36,93.89,102.43,100.19,-15.26,-6.38,80.0,60.0,95.8,93.89,102.43,100.19,10.6,0.2,Away
2010,Fremantle,Melbourne,56.3,31.97,90.26,92.61,97.94,101.75,-7.67,-9.21,40.0,20.0,88.2,92.61,97.94,101.75,1.2,-20.2,Home
2010,St Kilda,Hawthorn,60.0,41.94,92.88,91.93,91.23,94.37,1.66,-2.43,80.0,80.0,77.2,91.93,91.23,94.37,8.6,27.8,Draw
2010,Collingwood,Richmond,58.06,34.45,96.54,87.21,92.23,102.43,4.32,-15.41,80.0,80.0,102.4,87.21,92.23,102.43,36.4,8.2,Home
2010,Geelong,Brisbane Lions,74.22,42.4,99.16,101.11,85.76,91.27,13.56,10.0,60.0,0.0,89.2,101.11,85.76,91.27,14.6,-45.6,Home
2010,North Melbourne,Essendon,52.89,40.0,93.92,100.43,100.0,97.92,-6.15,2.54,60.0,0.0,89.4,100.43,100.0,97.92,10.0,-44.4,Away
2010,West Coast,Carlton,62.4,34.45,92.55,94.35,96.82,104.75,-4.32,-10.49,20.0,20.0,83.0,94.35,96.82,104.75,-36.4,-18.0,Away
2010,Footscray,Fremantle,50.42,30.0,101.68,90.23,102.51,97.82,-0.85,-7.6,80.0,60.0,105.0,90.23,102.51,97.82,45.2,8.0,Home
2010,Melbourne,Sydney,50.82,43.75,92.53,92.8,101.67,84.3,-9.22,8.6,20.0,60.0,81.4,92.8,101.67,84.3,-14.2,15.6,Home
2010,Port Adelaide,Adelaide,66.14,45.97,96.74,94.76,92.3,85.41,4.47,9.36,0.0,80.0,66.4,94.76,92.3,85.41,-38.6,22.8,Home
2010,Essendon,St Kilda,62.1,42.28,100.52,92.85,98.0,91.22,2.55,1.66,20.0,60.0,90.2,92.85,98.0,91.22,-29.6,5.0,Home
2010,Collingwood,Carlton,58.4,35.0,96.66,94.41,92.04,104.66,4.63,-10.34,100.0,40.0,112.6,94.41,92.04,104.66,52.8,-7.0,Home
2010,Port Adelaide,Hawthorn,66.41,41.6,96.7,91.91,92.21,94.34,4.53,-2.43,20.0,60.0,73.0,91.91,92.21,94.34,-27.2,18.4,Home
2010,Sydney,Geelong,65.04,48.78,92.71,99.27,84.53,85.68,8.27,13.76,40.0,60.0,83.4,99.27,84.53,85.68,-6.6,13.0,Away
2010,Brisbane Lions,Melbourne,70.31,31.71,100.97,92.73,91.41,101.54,9.71,-8.89,0.0,40.0,64.6,92.73,91.41,101.54,-45.2,0.4,Away
2010,Richmond,Adelaide,40.83,45.6,87.04,94.66,102.53,85.42,-15.69,9.25,60.0,80.0,78.4,94.66,102.53,85.42,-18.0,28.4,Home
2010,Footscray,North Melbourne,50.83,44.35,101.91,94.02,102.41,100.09,-0.5,-6.14,80.0,40.0,112.4,94.02,102.41,100.09,48.6,3.6,Home
2010,Fremantle,West Coast,56.67,32.52,90.17,92.51,98.07,96.87,-7.9,-4.41,60.0,20.0,90.0,92.51,98.07,96.87,-4.8,-31.8,Home
2010,Essendon,Carlton,62.4,34.71,100.55,94.25,97.91,104.66,2.67,-10.49,40.0,40.0,94.6,94.25,97.91,104.66,-19.8,-14.8,Away
2010,North Melbourne,Fremantle,52.46,29.75,93.94,90.46,100.26,98.02,-6.4,-7.56,20.0,60.0,82.4,90.46,100.26,98.02,-17.8,8.4,Home
2010,Sydney,Hawthorn,64.52,41.27,92.62,91.88,84.69,94.33,8.03,-2.45,40.0,40.0,83.6,91.88,84.69,94.33,-12.2,13.6,Home
2010,Geelong,Collingwood,74.42,48.03,99.38,96.69,85.62,91.91,13.92,4.81,80.0,100.0,99.6,96.69,85.62,91.91,28.4,57.4,Away
2010,West Coast,Brisbane Lions,61.9,42.06,92.48,100.82,97.12,91.35,-4.7,9.63,20.0,0.0,89.4,100.82,97.12,91.35,-34.8,-43.4,Away
2010,St Kilda,Port Adelaide,59.52,44.0,92.78,96.69,91.28,92.18,1.52,4.54,40.0,40.0,78.6,96.69,91.28,92.18,-6.4,-18.4,Home
2010,Melbourne,Richmond,51.22,34.17,92.65,87.09,101.39,102.44,-8.81,-15.54,60.0,60.0,94.8,87.09,101.39,102.44,11.2,-17.8,Home
2010,Adelaide,Footscray,66.14,43.65,94.6,102.08,85.47,102.28,9.13,-0.21,60.0,80.0,92.8,102.08,85.47,102.28,15.6,50.8,Away
2010,Essendon,Collingwood,61.9,48.44,100.44,96.73,98.11,91.88,2.35,4.87,40.0,100.0,101.2,96.73,98.11,91.88,-18.2,45.2,Away
2010,Carlton,Richmond,40.65,33.88,94.48,87.06,104.53,102.47,-10.14,-15.6,40.0,40.0,88.2,87.06,104.53,102.47,-10.6,-24.4,Home
2010,Fremantle,Sydney,57.02,43.41,90.37,92.77,98.12,84.69,-7.75,8.17,40.0,60.0,93.6,92.77,98.12,84.69,-13.8,-2.6,Away
2010,Footscray,Geelong,51.24,49.19,101.91,99.32,102.08,85.71,-0.18,13.77,100.0,60.0,114.2,99.32,102.08,85.71,53.0,17.0,Away
2010,Port Adelaide,West Coast,66.67,32.26,96.53,92.37,92.41,97.01,4.15,-4.7,40.0,20.0,72.6,92.37,92.41,97.01,-25.8,-19.2,Home
2010,Brisbane Lions,Adelaide,69.77,45.24,100.7,94.44,91.24,85.38,9.61,9.06,20.0,40.0,61.2,94.44,91.24,85.38,-31.4,-2.8,Away
2010,Hawthorn,Melbourne,56.56,32.26,91.86,92.72,94.47,101.3,-2.62,-8.65,20.0,80.0,91.4,92.72,94.47,101.3,4.2,24.0,Home
2010,North Melbourne,St Kilda,52.85,41.94,94.05,93.01,100.13,91.15,-6.16,1.89,40.0,40.0,94.4,93.01,100.13,91.15,0.0,5.4,Away
2010,Geelong,Carlton,73.85,35.25,99.56,94.73,85.61,104.38,14.12,-9.73,60.0,60.0,112.2,94.73,85.61,104.38,36.8,20.8,Home
2010,Hawthorn,Fremantle,56.91,29.51,91.88,90.36,94.4,98.11,-2.53,-7.76,40.0,40.0,94.6,90.36,94.4,98.11,8.8,-11.8,Home
2010,St Kilda,Richmond,59.84,33.61,93.1,86.98,91.04,102.69,2.1,-15.9,40.0,20.0,96.0,86.98,91.04,102.69,13.0,-46.0,Home
2010,Collingwood,Adelaide,58.73,45.67,96.99,94.48,91.77,85.42,5.24,9.05,100.0,40.0,120.2,94.48,91.77,85.42,59.6,-5.8,Home
2010,Sydney,Footscray,64.8,44.09,92.78,101.74,84.7,102.32,8.17,-0.59,60.0,80.0,94.6,101.74,84.7,102.32,-6.8,19.2,Home
2010,Port Adelaide,Melbourne,66.92,32.0,96.39,92.66,92.28,101.29,4.14,-8.7,60.0,60.0,69.0,92.66,92.28,101.29,-20.4,16.0,Home
2010,Essendon,Brisbane Lions,61.42,42.52,100.29,100.69,98.36,91.29,1.95,9.55,40.0,20.0,93.4,100.69,98.36,91.29,-34.0,-30.0,Away
2010,West Coast,North Melbourne,61.42,44.0,92.24,93.93,96.87,100.19,-4.68,-6.34,20.0,40.0,85.0,93.93,96.87,100.19,-15.0,-4.4,Away
2010,Fremantle,Carlton,56.56,34.96,90.15,94.66,98.35,104.45,-8.2,-9.86,20.0,60.0,86.2,94.66,98.35,104.45,-37.2,20.2,Home
2010,Geelong,West Coast,74.05,32.0,99.64,92.25,85.58,96.92,14.23,-4.73,80.0,0.0,123.8,92.25,85.58,96.92,47.4,-24.6,Home
2010,Hawthorn,Collingwood,57.26,48.84,92.14,96.82,94.18,91.61,-2.05,5.23,40.0,100.0,102.0,96.82,94.18,91.61,17.0,50.6,Home
2010,Adelaide,St Kilda,65.62,42.4,94.31,93.19,85.3,91.05,9.01,2.17,20.0,60.0,71.4,93.19,85.3,91.05,-8.6,26.8,Home
2010,Footscray,Essendon,50.82,40.48,101.62,100.17,102.37,98.35,-0.76,1.84,60.0,40.0,98.4,100.17,102.37,98.35,3.2,-33.0,Home
2010,Brisbane Lions,Sydney,69.23,43.85,100.67,92.86,91.2,84.64,9.61,8.32,40.0,60.0,78.0,92.86,91.2,84.64,-9.6,-5.8,Away
2010,Richmond,Port Adelaide,41.32,43.65,87.01,96.45,102.74,92.25,-15.93,4.24,20.0,80.0,77.2,96.45,102.74,92.25,-40.2,-7.4,Away
2010,Melbourne,North Melbourne,51.61,44.44,92.62,93.99,101.34,100.17,-8.79,-6.25,60.0,40.0,97.2,93.99,101.34,100.17,12.4,-11.2,Away
2010,Geelong,St Kilda,74.24,42.06,99.69,92.96,85.51,90.94,14.35,2.05,80.0,60.0,120.8,92.96,85.51,90.94,43.6,21.2,Away
2010,Fremantle,Hawthorn,56.91,40.94,90.16,92.16,98.3,94.18,-8.14,-2.03,40.0,60.0,89.6,92.16,98.3,94.18,-19.6,17.6,Home
2010,Collingwood,Footscray,59.06,43.75,96.81,101.64,91.63,102.27,5.2,-0.64,80.0,60.0,104.6,101.64,91.63,102.27,33.6,-7.4,Home
2010,Sydney,Carlton,65.08,34.68,92.91,94.63,84.58,104.4,8.43,-9.85,80.0,40.0,103.4,94.63,84.58,104.4,16.4,13.8,Home
2010,Geelong,Fremantle,73.68,29.27,99.61,90.17,85.5,98.16,14.27,-7.99,60.0,40.0,111.6,90.17,85.5,98.16,32.2,-28.6,Home
2010,Footscray,Sydney,51.22,44.27,101.48,92.94,102.36,84.62,-0.89,8.42,40.0,100.0,72.0,92.94,102.36,84.62,-34.0,28.0,Home
2010,Collingwood,Geelong,59.38,49.6,96.92,99.75,91.52,85.43,5.42,14.49,80.0,80.0,108.4,99.75,91.52,85.43,36.4,50.4,Home
2010,St Kilda,Footscray,60.16,43.41,92.93,101.38,90.9,102.24,2.06,-0.87,80.0,40.0,100.2,101.38,90.9,102.24,28.6,-34.6,Home
2010,Collingwood,St Kilda,59.69,42.52,97.01,92.91,91.47,90.79,5.56,2.15,80.0,80.0,111.0,92.91,91.47,90.79,40.2,14.6,Draw
2010,Collingwood,St Kilda,59.23,42.19,96.9,92.81,91.38,90.7,5.56,2.15,60.0,60.0,92.2,92.81,91.38,90.7,20.6,4.2,Home
2011,Carlton,Richmond,41.13,33.33,94.63,87.11,104.38,102.82,-9.83,-15.9,40.0,20.0,113.0,87.11,104.38,102.82,22.4,-25.8,Home
2011,Geelong,St Kilda,73.88,41.86,99.67,92.65,85.56,90.77,14.27,1.92,60.0,40.0,105.2,92.65,85.56,90.77,22.0,-11.2,Home
2011,Collingwood,Port Adelaide,59.54,44.09,96.94,96.55,91.23,92.32,5.75,4.26,60.0,80.0,103.0,96.55,91.23,92.32,31.2,-9.2,Home
2011,Adelaide,Hawthorn,65.89,40.62,94.19,92.05,85.11,94.18,9.08,-2.14,40.0,60.0,70.6,92.05,85.11,94.18,0.8,13.2,Home
2011,Brisbane Lions,Fremantle,68.7,29.03,100.54,90.08,91.26,98.31,9.43,-8.23,40.0,40.0,78.8,90.08,91.26,98.31,-4.6,-31.6,Away
2011,Essendon,Footscray,60.94,43.08,100.08,101.24,98.38,102.18,1.71,-0.96,20.0,40.0,78.2,101.24,98.38,102.18,-39.4,-19.2,Home
2011,Melbourne,Sydney,51.2,43.94,92.66,92.86,101.38,84.59,-8.79,8.37,40.0,80.0,89.4,92.86,101.38,84.59,-4.2,18.2,Draw
2011,West Coast,North Melbourne,60.94,44.88,92.15,94.07,96.98,100.18,-4.88,-6.19,0.0,60.0,74.4,94.07,96.98,100.18,-28.2,-8.6,Home
2011,St Kilda,Richmond,60.47,33.06,92.47,87.1,90.61,102.82,1.91,-15.92,40.0,0.0,67.6,87.1,90.61,102.82,-5.8,-33.8,Draw
2011,North Melbourne,Collingwood,52.42,48.46,94.04,97.16,100.15,91.19,-6.18,6.02,60.0,80.0,99.4,97.16,100.15,91.19,4.8,46.8,Away
2011,Port Adelaide,West Coast,67.18,31.75,96.49,92.15,92.56,96.95,3.95,-4.85,60.0,20.0,86.4,92.15,92.56,96.95,-25.8,-12.4,Away
2011,Gold Coast,Carlton,50.0,34.4,94.87,94.67,94.87,104.3,0.0,-9.71,50.0,40.0,90.0,94.67,94.87,104.3,0.0,11.2,Away
2011,Fremantle,Geelong,57.26,49.21,90.09,99.47,98.29,85.41,-8.19,14.22,60.0,60.0,77.2,99.47,98.29,85.41,-29.4,13.8,Away
2011,Footscray,Brisbane Lions,51.61,42.97,101.07,100.51,102.22,91.27,-1.18,9.38,40.0,40.0,73.6,100.51,102.22,91.27,-21.4,-3.0,Home
2011,Sydney,Essendon,65.35,40.16,92.82,100.13,84.58,98.23,8.37,1.92,60.0,20.0,95.0,100.13,84.58,98.23,16.4,-35.0,Home
2011,Hawthorn,Melbourne,57.6,31.75,92.02,92.63,94.22,101.31,-2.21,-8.79,60.0,20.0,100.2,92.63,94.22,101.31,18.0,-6.2,Home
2011,Collingwood,Carlton,59.85,34.92,97.33,94.97,91.05,104.09,6.33,-9.19,80.0,40.0,118.8,94.97,91.05,104.09,51.8,17.2,Home
2011,Footscray,Gold Coast,52.0,50.0,101.15,52.0,102.0,171.0,-0.86,-119.0,40.0,0.0,76.8,52.0,102.0,171.0,-11.6,-119.0,Home
2011,Adelaide,Fremantle,66.15,29.6,94.24,90.04,85.11,98.25,9.12,-8.2,60.0,60.0,75.6,90.04,85.11,98.25,8.8,-8.4,Away
2011,Richmond,Hawthorn,40.98,40.31,87.13,92.14,102.79,94.16,-15.92,-2.03,0.0,60.0,90.4,92.14,102.79,94.16,-28.0,22.8,Away
2011,West Coast,Sydney,61.24,43.61,92.25,92.84,96.95,84.62,-4.76,8.35,40.0,60.0,86.0,92.84,96.95,84.62,-7.8,8.6,Away
2011,Melbourne,Brisbane Lions,50.79,42.64,92.57,100.3,101.4,91.39,-8.94,9.04,0.0,20.0,85.0,100.3,101.4,91.39,-21.0,-19.6,Home
2011,Geelong,Port Adelaide,74.07,43.75,99.43,96.49,85.39,92.65,14.21,3.87,60.0,60.0,86.0,96.49,85.39,92.65,7.2,-10.6,Home
2011,St Kilda,Essendon,60.0,39.84,92.48,100.1,90.62,98.23,1.91,1.9,20.0,20.0,70.0,100.1,90.62,98.23,-6.6,-20.8,Away
2011,Richmond,Collingwood,40.65,48.85,86.99,97.35,102.84,90.99,-16.11,6.41,0.0,80.0,87.4,97.35,102.84,90.99,-22.8,49.2,Away
2011,Carlton,Essendon,41.6,40.31,94.89,100.24,104.08,98.17,-9.26,2.09,40.0,40.0,106.0,100.24,104.08,98.17,20.0,9.2,Draw
2011,Hawthorn,West Coast,57.94,32.28,92.23,92.23,93.99,96.96,-1.77,-4.79,60.0,40.0,96.8,92.23,93.99,96.96,12.2,-10.2,Home
2011,Sydney,Geelong,65.62,49.61,92.87,99.52,84.63,85.22,8.37,14.46,60.0,80.0,90.8,99.52,84.63,85.22,3.6,23.8,Away
2011,Port Adelaide,Adelaide,66.67,45.31,96.29,94.08,92.77,85.09,3.55,8.99,40.0,60.0,91.0,94.08,92.77,85.09,-26.6,5.4,Home
2011,Gold Coast,Melbourne,0.0,31.5,51.5,92.52,146.5,101.28,-95.0,-8.86,0.0,20.0,51.5,92.52,146.5,101.28,-95.0,-14.6,Away
2011,Fremantle,North Melbourne,56.8,44.53,90.0,93.89,98.07,100.32,-8.07,-6.5,60.0,40.0,82.2,93.89,98.07,100.32,-4.6,-23.4,Home
2011,Brisbane Lions,St Kilda,68.18,41.54,100.18,92.45,91.35,90.8,8.97,1.69,20.0,0.0,74.2,92.45,91.35,90.8,-20.4,-21.8,Away
2011,Port Adelaide,Gold Coast,66.92,0.0,96.29,57.33,92.66,150.67,3.66,-93.33,40.0,0.0,88.2,57.33,92.66,150.67,-26.0,-93.33,Away
2011,Carlton,Adelaide,41.27,44.96,94.83,93.97,103.98,85.14,-9.26,8.83,40.0,40.0,104.4,93.97,103.98,85.14,21.2,-2.4,Home
2011,North Melbourne,Richmond,52.0,32.8,93.91,87.0,100.42,103.07,-6.59,-16.33,40.0,0.0,93.0,87.0,100.42,103.07,-18.8,-32.8,Away
2011,Essendon,Collingwood,61.24,49.24,100.16,97.59,98.1,90.98,2.09,6.66,40.0,100.0,99.8,97.59,98.1,90.98,14.6,63.4,Away
2011,Fremantle,Footscray,57.14,42.75,90.15,101.23,98.07,101.8,-7.92,-0.58,60.0,60.0,88.8,101.23,98.07,101.8,-4.8,15.0,Home
2011,Hawthorn,Geelong,58.27,50.0,92.15,99.45,93.88,85.11,-1.74,14.51,60.0,80.0,91.6,99.45,93.88,85.11,13.0,15.4,Away
2011,West Coast,Melbourne,60.77,32.03,92.12,92.78,96.87,101.15,-4.8,-8.46,40.0,40.0,85.8,92.78,96.87,101.15,-8.4,9.2,Home
2011,Sydney,Carlton,65.12,34.65,92.73,94.79,84.62,103.88,8.24,-9.2,40.0,60.0,81.8,94.79,84.62,103.88,-2.8,23.4,Away
2011,North Melbourne,Port Adelaide,51.59,43.41,93.95,96.31,100.47,92.71,-6.6,3.63,20.0,20.0,91.6,96.31,100.47,92.71,-23.8,-28.6,Home
2011,Richmond,Brisbane Lions,40.32,42.31,87.1,100.09,103.07,91.35,-16.23,8.88,20.0,0.0,86.6,100.09,103.07,91.35,-29.0,-28.4,Home
2011,Adelaide,St Kilda,65.65,41.98,93.92,92.44,85.14,90.74,8.78,1.74,40.0,20.0,73.8,92.44,85.14,90.74,-3.0,-19.2,Home
2011,Essendon,Gold Coast,60.77,50.0,100.07,69.0,98.13,138.25,1.97,-69.25,40.0,25.0,99.6,69.0,98.13,138.25,14.4,-69.25,Home
2011,Collingwood,Footscray,60.15,42.42,97.63,101.14,90.93,101.74,6.75,-0.6,100.0,40.0,133.6,101.14,90.93,101.74,58.2,12.6,Home
2011,Port Adelaide,Hawthorn,66.42,40.77,96.22,92.17,92.86,93.97,3.39,-1.81,20.0,60.0,82.6,92.17,92.86,93.97,-25.6,15.2,Away
2011,Footscray,Sydney,52.38,44.03,100.97,92.64,101.75,84.62,-0.79,8.14,40.0,40.0,87.6,92.64,101.75,84.62,7.8,-5.0,Away
2011,Geelong,North Melbourne,74.26,44.19,99.51,94.1,85.15,100.36,14.52,-6.34,100.0,20.0,91.4,94.1,85.15,100.36,27.4,-13.8,Home
2011,Richmond,Fremantle,40.8,30.16,87.25,90.13,103.05,97.99,-16.06,-7.87,40.0,80.0,94.6,90.13,103.05,97.99,-19.8,10.4,Home
2011,Gold Coast,Brisbane Lions,0.0,41.98,66.8,100.08,150.0,91.47,-83.2,8.75,20.0,0.0,66.8,100.08,150.0,91.47,-83.2,-26.0,Home
2011,Essendon,West Coast,61.07,32.03,100.44,92.18,97.98,96.69,2.5,-4.57,40.0,60.0,116.4,92.18,97.98,96.69,31.2,11.2,Home
2011,Melbourne,Adelaide,51.18,44.62,92.62,93.9,101.17,85.08,-8.64,8.82,40.0,40.0,90.8,93.9,101.17,85.08,0.4,-4.8,Home
2011,St Kilda,Carlton,59.54,35.16,92.36,94.76,90.74,103.75,1.66,-9.1,20.0,60.0,77.2,94.76,90.74,103.75,-11.8,22.6,Away
2011,Geelong,Collingwood,74.45,49.62,99.62,97.66,85.06,90.81,14.72,6.9,100.0,100.0,107.2,97.66,85.06,90.81,40.4,52.8,Home
2011,North Melbourne,Melbourne,51.97,31.78,93.97,92.84,100.46,100.98,-6.57,-8.23,20.0,60.0,90.2,92.84,100.46,100.98,-26.2,19.6,Home
2011,Adelaide,Gold Coast,65.91,33.33,93.75,76.33,85.33,144.33,8.42,-68.0,20.0,40.0,68.4,76.33,85.33,144.33,-28.0,-57.8,Home
2011,Brisbane Lions,Essendon,67.67,40.0,100.14,100.46,91.59,97.95,8.68,2.55,0.0,60.0,81.2,100.46,91.59,97.95,-27.2,35.4,Away
2011,Sydney,Port Adelaide,64.62,43.08,92.57,96.13,84.55,92.9,8.14,3.25,60.0,20.0,79.4,96.13,84.55,92.9,-3.4,-28.4,Home
2011,Hawthorn,St Kilda,57.81,41.67,92.22,92.31,93.88,90.71,-1.67,1.64,80.0,20.0,102.2,92.31,93.88,90.71,25.6,-12.2,Home
2011,Footscray,Richmond,51.97,33.33,100.83,87.49,101.64,103.04,-0.82,-15.8,40.0,60.0,89.0,87.49,101.64,103.04,17.2,-10.0,Home
2011,West Coast,Fremantle,61.07,29.92,92.17,90.16,96.73,98.19,-4.61,-8.03,40.0,60.0,93.0,90.16,96.73,98.19,7.2,0.2,Home
2011,Carlton,Geelong,41.73,50.39,94.71,99.49,103.66,84.98,-9.06,14.67,60.0,100.0,81.8,99.49,103.66,84.98,-0.6,38.8,Away
2011,St Kilda,Melbourne,59.09,31.54,92.23,92.81,90.74,101.07,1.52,-8.36,20.0,60.0,78.8,92.81,90.74,101.07,-18.2,20.4,Home
2011,Port Adelaide,Fremantle,65.93,29.69,95.99,90.05,93.01,98.18,3.01,-8.13,20.0,60.0,80.6,90.05,93.01,98.18,-25.0,-4.2,Away
2011,Richmond,Essendon,41.27,40.46,87.61,100.47,103.23,97.83,-15.88,2.68,60.0,60.0,118.4,100.47,103.23,97.83,-4.4,32.2,Home
2011,Brisbane Lions,North Melbourne,67.16,43.85,100.02,94.09,91.63,100.4,8.51,-6.38,0.0,40.0,85.4,94.09,91.63,100.4,-18.8,-0.6,Home
2011,Collingwood,Adelaide,60.45,44.27,97.52,93.88,90.71,85.28,6.86,8.6,80.0,40.0,107.4,93.88,90.71,85.28,34.8,-11.6,Home
2011,Sydney,Hawthorn,64.89,41.22,92.68,92.24,84.45,93.79,8.35,-1.55,60.0,80.0,84.0,92.24,84.45,93.79,8.0,22.6,Away
2011,West Coast,Footscray,61.36,42.11,92.18,101.03,96.6,101.7,-4.47,-0.68,40.0,40.0,89.0,101.03,96.6,101.7,10.2,8.6,Home
2011,Melbourne,Carlton,51.56,35.66,92.78,94.74,101.09,103.66,-8.41,-9.03,40.0,60.0,105.8,94.74,101.09,103.66,14.2,4.6,Away
2011,North Melbourne,Sydney,52.34,44.44,93.95,92.55,100.29,84.54,-6.41,8.14,40.0,40.0,96.0,92.55,100.29,84.54,2.4,-3.8,Away
2011,Fremantle,St Kilda,57.48,41.35,90.26,92.28,98.15,90.73,-7.89,1.59,60.0,40.0,103.2,92.28,98.15,90.73,1.2,-3.8,Away
2011,Gold Coast,Geelong,33.33,50.77,75.86,99.5,142.29,85.03,-66.43,14.63,40.0,100.0,85.6,99.5,142.29,85.03,-55.0,23.4,Away
2011,Richmond,Port Adelaide,41.73,42.75,87.68,95.97,103.18,93.19,-15.75,2.8,80.0,0.0,121.4,95.97,103.18,93.19,13.0,-41.8,Away
2011,Adelaide,Brisbane Lions,66.17,41.67,93.88,99.91,85.47,91.51,8.41,8.53,40.0,20.0,88.8,99.91,85.47,91.51,-13.8,-13.8,Away
2011,Collingwood,West Coast,60.74,31.78,97.66,92.5,90.71,96.43,7.0,-3.98,80.0,60.0,114.0,92.5,90.71,96.43,37.8,37.4,Home
2011,Footscray,Hawthorn,52.34,41.67,100.85,92.3,101.98,93.66,-1.15,-1.37,20.0,80.0,81.0,92.3,101.98,93.66,-30.2,19.2,Away
2011,Essendon,Melbourne,61.36,31.3,100.42,92.6,97.85,101.06,2.61,-8.56,60.0,20.0,114.2,92.6,97.85,101.06,29.0,-13.2,Away
2011,Geelong,Footscray,74.64,41.79,99.64,100.7,84.99,101.94,14.82,-1.26,100.0,20.0,110.0,100.7,84.99,101.94,31.2,-34.6,Home
2011,West Coast,Gold Coast,61.65,25.0,92.35,75.5,96.46,141.88,-4.16,-66.38,60.0,40.0,104.0,75.5,96.46,141.88,28.4,-50.2,Home
2011,Collingwood,St Kilda,61.03,41.79,97.69,92.31,90.57,90.6,7.17,1.76,80.0,40.0,102.8,92.31,90.57,90.6,34.0,2.8,Home
2011,Brisbane Lions,Sydney,67.41,44.85,99.92,92.48,91.4,84.49,8.65,8.11,40.0,60.0,90.8,92.48,91.4,84.49,-3.2,1.8,Away
2011,Hawthorn,Fremantle,58.14,30.23,92.29,90.12,93.54,98.16,-1.25,-8.04,80.0,40.0,99.6,90.12,93.54,98.16,23.6,-13.8,Home
2011,North Melbourne,Adelaide,51.94,43.94,93.86,93.75,100.18,85.53,-6.39,8.23,40.0,40.0,89.6,93.75,100.18,85.53,4.0,-20.6,Home
2011,Port Adelaide,Carlton,65.44,36.15,95.94,94.73,93.12,103.43,2.85,-8.81,20.0,80.0,76.6,94.73,93.12,103.43,-38.2,14.0,Away
2011,St Kilda,Footscray,59.4,41.48,92.16,100.65,90.66,102.11,1.53,-1.49,40.0,20.0,81.8,100.65,90.66,102.11,-4.8,-37.2,Home
2011,Adelaide,West Coast,65.67,31.54,93.66,92.32,85.64,96.35,8.02,-4.08,20.0,60.0,80.8,92.32,85.64,96.35,-33.8,21.2,Away
2011,Geelong,Hawthorn,74.82,42.11,99.82,92.36,85.0,93.52,14.99,-1.16,100.0,100.0,116.2,92.36,85.0,93.52,39.6,31.8,Home
2011,Gold Coast,North Melbourne,25.0,43.51,74.56,93.94,135.56,100.06,-61.0,-6.19,20.0,40.0,79.0,93.94,135.56,100.06,-54.4,1.4,Away
2011,Carlton,Brisbane Lions,41.41,42.11,94.79,99.74,103.22,91.49,-8.53,8.37,80.0,40.0,95.0,99.74,103.22,91.49,25.2,-11.0,Home
2011,Sydney,Richmond,64.39,33.07,92.57,87.62,84.36,103.12,8.33,-15.75,80.0,60.0,88.4,87.62,84.36,103.12,18.0,8.2,Home
2011,Fremantle,Essendon,57.03,40.15,90.12,100.3,98.21,97.86,-8.09,2.48,20.0,60.0,89.8,100.3,98.21,97.86,-19.6,28.4,Home
2011,Melbourne,Collingwood,51.16,49.25,92.63,97.73,100.93,90.43,-8.4,7.35,40.0,80.0,93.0,97.73,100.93,90.43,4.2,39.4,Away
2011,Footscray,Adelaide,51.94,43.61,100.48,93.56,102.03,85.71,-1.57,7.84,20.0,20.0,82.2,93.56,102.03,85.71,-40.4,-22.4,Home
2011,Essendon,North Melbourne,60.9,43.94,100.17,94.05,97.86,99.92,2.34,-5.93,40.0,60.0,85.8,94.05,97.86,99.92,-6.2,26.4,Away
2011,Hawthorn,Gold Coast,58.46,20.0,92.33,73.4,93.5,134.2,-1.18,-60.8,80.0,20.0,98.0,73.4,93.5,134.2,24.4,-38.4,Home
2011,St Kilda,Geelong,59.7,51.15,92.12,99.78,90.54,84.99,1.62,14.96,60.0,100.0,81.8,99.78,90.54,84.99,0.6,27.4,Away
2011,Brisbane Lions,Richmond,66.91,32.81,99.6,87.54,91.61,103.01,8.11,-15.72,40.0,40.0,70.8,87.54,91.61,103.01,-21.6,1.0,Away
2011,Melbourne,Fremantle,50.77,30.0,92.44,90.15,101.04,98.08,-8.7,-7.93,20.0,40.0,71.4,90.15,101.04,98.08,-32.6,-3.0,Home
2011,Carlton,Sydney,41.86,45.26,94.9,92.5,103.07,84.29,-8.26,8.33,80.0,80.0,102.4,92.5,103.07,84.29,34.2,18.4,Home
2011,West Coast,Port Adelaide,61.94,43.18,92.37,95.77,96.24,93.19,-3.91,2.6,80.0,20.0,103.0,95.77,96.24,93.19,32.2,-38.6,Home
2011,Hawthorn,Essendon,58.78,39.85,92.46,100.13,93.37,97.91,-0.91,2.25,80.0,20.0,104.0,100.13,93.37,97.91,32.6,-13.6,Home
2011,Gold Coast,Footscray,20.0,41.18,72.0,100.48,133.73,101.91,-61.73,-1.45,0.0,20.0,66.8,100.48,133.73,101.91,-54.2,-41.4,Away
2011,Richmond,Melbourne,41.41,31.82,87.68,92.65,102.98,100.88,-15.54,-8.33,40.0,40.0,97.4,92.65,102.98,100.88,-2.6,-6.6,Away
2011,Sydney,Collingwood,64.66,49.63,92.4,97.84,84.35,90.25,8.18,7.65,60.0,80.0,77.8,97.84,84.35,90.25,-0.8,47.4,Away
2011,Fremantle,Brisbane Lions,57.36,41.79,90.03,99.58,98.28,91.73,-8.24,7.97,40.0,40.0,89.0,99.58,98.28,91.73,-14.2,-20.6,Home
2011,Geelong,Adelaide,75.0,43.28,99.78,93.47,84.94,85.77,15.0,7.7,100.0,0.0,115.4,93.47,84.94,85.77,32.4,-39.8,Home
2011,Carlton,West Coast,42.31,32.06,94.92,92.44,102.93,96.21,-8.1,-3.81,80.0,80.0,105.6,92.44,102.93,96.21,40.4,30.0,Away
2011,Port Adelaide,North Melbourne,64.96,44.36,95.74,94.11,93.25,99.88,2.51,-5.83,20.0,60.0,75.0,94.11,93.25,99.88,-36.6,22.4,Away
2011,Footscray,Melbourne,52.31,32.33,100.52,92.75,101.86,100.84,-1.37,-8.19,40.0,60.0,83.2,92.75,101.86,100.84,-12.4,2.8,Home
2011,Richmond,Carlton,41.09,36.64,87.69,94.82,103.03,102.93,-15.58,-8.2,40.0,80.0,92.0,94.82,103.03,102.93,-1.0,33.6,Away
2011,Fremantle,Gold Coast,57.69,16.67,90.03,73.33,98.15,131.75,-8.12,-58.42,40.0,0.0,78.2,73.33,98.15,131.75,-20.0,-47.2,Home
2011,Essendon,Geelong,60.45,51.52,100.06,99.87,98.09,84.9,1.99,15.14,0.0,100.0,78.4,99.87,98.09,84.9,-33.8,42.4,Home
2011,Adelaide,Sydney,65.19,44.93,93.39,92.4,85.91,84.4,7.48,8.12,0.0,60.0,67.8,92.4,85.91,84.4,-41.6,7.2,Home
2011,Brisbane Lions,Port Adelaide,66.42,42.86,99.45,95.72,91.72,93.41,7.85,2.33,20.0,20.0,74.8,95.72,91.72,93.41,-28.0,-33.2,Home
2011,Collingwood,Hawthorn,61.31,41.79,97.85,92.67,90.26,93.32,7.65,-0.66,100.0,80.0,115.2,92.67,90.26,93.32,49.2,36.4,Home
2011,North Melbourne,St Kilda,52.31,41.48,94.27,92.04,99.84,90.57,-5.64,1.51,80.0,60.0,111.0,92.04,99.84,90.57,34.2,1.0,Away
2011,West Coast,Geelong,62.22,51.13,92.48,99.91,96.1,85.01,-3.66,15.07,80.0,80.0,91.4,99.91,96.1,85.01,12.6,28.4,Home
2011,Hawthorn,Brisbane Lions,59.09,41.48,92.56,99.45,93.37,91.7,-0.81,7.86,60.0,20.0,106.8,99.45,93.37,91.7,22.4,-33.8,Home
2011,Essendon,Richmond,60.74,33.33,100.11,87.67,98.14,103.35,2.0,-15.93,20.0,20.0,83.6,87.67,98.14,103.35,-29.8,-24.8,Home
2011,Gold Coast,Sydney,16.67,44.6,72.46,92.25,130.23,84.3,-57.77,8.07,0.0,40.0,67.6,92.25,130.23,84.3,-44.0,5.6,Away
2011,Collingwood,North Melbourne,61.59,44.78,97.88,94.18,90.16,99.77,7.77,-5.65,100.0,80.0,109.4,94.18,90.16,99.77,48.8,32.6,Home
2011,Port Adelaide,St Kilda,64.49,41.91,95.69,92.0,93.43,90.49,2.29,1.54,20.0,60.0,81.0,92.0,93.43,90.49,-25.0,-1.2,Away
2011,Footscray,Carlton,52.67,37.12,100.62,95.16,101.72,102.84,-1.12,-7.78,60.0,80.0,96.2,95.16,101.72,102.84,6.2,44.8,Home
2011,Adelaide,Essendon,65.44,39.55,93.26,100.13,85.78,98.02,7.48,2.14,20.0,40.0,67.0,100.13,85.78,98.02,-32.2,-15.4,Away
2011,Carlton,Collingwood,41.98,50.0,95.06,98.05,102.82,89.95,-7.85,8.17,60.0,100.0,108.8,98.05,102.82,89.95,27.0,61.8,Away
2011,Richmond,Gold Coast,40.77,14.29,87.58,69.86,103.35,128.5,-16.02,-58.64,20.0,0.0,85.6,69.86,103.35,128.5,-29.6,-54.4,Away
2011,St Kilda,West Coast,59.26,32.58,92.06,92.49,90.36,96.07,1.74,-3.62,60.0,100.0,78.4,92.49,90.36,96.07,0.8,24.6,Home
2011,Melbourne,Port Adelaide,51.15,42.54,92.63,95.54,100.94,93.48,-8.4,2.07,60.0,0.0,94.4,95.54,100.94,93.48,-0.6,-39.2,Home
2011,Sydney,Fremantle,64.18,29.77,92.3,90.11,84.12,98.01,8.3,-7.9,40.0,60.0,78.0,90.11,84.12,98.01,6.6,-0.8,Away
2011,Brisbane Lions,Geelong,66.67,50.75,99.32,99.87,91.75,85.05,7.68,14.99,20.0,60.0,76.8,99.87,91.75,85.05,-29.2,14.6,Away
2011,North Melbourne,Footscray,51.91,41.61,93.94,100.6,99.94,101.59,-6.07,-1.01,60.0,80.0,93.8,100.6,99.94,101.59,-0.2,23.8,Home
2011,St Kilda,Adelaide,59.56,42.96,92.02,93.18,90.25,85.77,1.81,7.41,80.0,20.0,84.6,93.18,90.25,85.77,16.4,-25.0,Home
2011,Sydney,Footscray,63.7,41.3,92.28,100.64,84.17,101.74,8.23,-1.12,20.0,80.0,80.4,100.64,84.17,101.74,2.4,22.4,Home
2011,North Melbourne,Brisbane Lions,52.27,41.18,94.12,99.33,99.99,91.9,-5.93,7.54,60.0,20.0,97.8,99.33,99.99,91.9,-5.8,-22.8,Home
2011,Essendon,Carlton,61.03,36.84,100.07,95.0,97.93,102.8,2.17,-7.89,60.0,40.0,95.0,95.0,97.93,102.8,-6.4,11.0,Away
2011,Gold Coast,Collingwood,14.29,50.36,70.87,98.05,124.6,89.91,-53.73,8.21,20.0,100.0,65.8,98.05,124.6,89.91,-39.6,54.2,Away
2011,Geelong,Richmond,75.18,33.08,99.99,87.52,85.12,103.28,15.04,-16.01,60.0,20.0,111.4,87.52,85.12,103.28,19.4,-30.6,Home
2011,Melbourne,Hawthorn,51.52,41.48,92.71,92.61,100.91,93.25,-8.29,-0.65,60.0,60.0,96.8,92.61,100.91,93.25,-3.0,26.4,Away
2011,Fremantle,West Coast,58.02,32.33,90.14,92.38,97.97,96.02,-7.83,-3.68,80.0,80.0,91.2,92.38,97.97,96.02,5.8,16.8,Away
2011,North Melbourne,Carlton,52.63,37.31,94.22,95.21,99.9,102.71,-5.74,-7.58,60.0,40.0,100.0,95.21,99.9,102.71,-1.0,19.0,Away
2011,Footscray,West Coast,53.03,32.84,100.54,92.27,101.79,95.9,-1.27,-3.67,60.0,80.0,103.8,92.27,101.79,95.9,8.6,9.2,Away
2011,Geelong,Melbourne,75.35,32.09,100.04,92.66,84.99,101.03,15.21,-8.47,60.0,60.0,114.0,92.66,84.99,101.03,26.2,3.8,Home
2011,Gold Coast,St Kilda,12.5,42.34,71.12,92.15,124.88,90.01,-53.75,2.19,20.0,80.0,69.2,92.15,124.88,90.01,-36.2,32.2,Away
2011,Fremantle,Hawthorn,57.58,41.91,90.04,92.75,97.84,93.2,-7.8,-0.44,60.0,80.0,84.4,92.75,97.84,93.2,-1.2,38.2,Away
2011,Collingwood,Essendon,61.87,40.0,98.17,99.99,89.85,98.13,8.37,1.89,100.0,60.0,115.8,99.99,89.85,98.13,47.4,-17.0,Home
2011,Adelaide,Port Adelaide,64.96,42.22,92.93,95.53,85.92,93.55,7.01,1.99,20.0,0.0,59.4,95.53,85.92,93.55,-37.8,-31.0,Home
2011,St Kilda,Fremantle,59.85,30.3,92.08,89.87,89.88,97.83,2.26,-7.97,100.0,60.0,94.2,89.87,89.88,97.83,41.8,6.4,Home
2011,Geelong,Gold Coast,75.52,25.0,100.51,70.12,84.86,121.88,15.83,-51.76,60.0,20.0,135.6,70.12,84.86,121.88,53.0,-35.8,Home
2011,Carlton,Melbourne,41.67,31.85,95.16,92.49,102.56,101.52,-7.48,-9.14,60.0,40.0,113.0,92.49,102.56,101.52,29.8,-51.2,Home
2011,Essendon,Sydney,60.58,45.0,99.96,92.36,98.38,84.14,1.61,8.34,60.0,40.0,95.0,92.36,98.38,84.14,-18.8,17.0,Home
2011,Port Adelaide,Collingwood,64.03,50.72,95.47,98.41,93.62,89.86,1.86,8.61,0.0,100.0,80.6,98.41,93.62,89.86,-33.0,61.0,Away
2011,Brisbane Lions,Adelaide,66.19,42.65,99.25,93.0,92.01,85.9,7.35,7.1,20.0,40.0,81.6,93.0,92.01,85.9,-25.6,-25.4,Away
2011,Hawthorn,North Melbourne,59.4,44.44,92.76,94.1,93.01,99.83,-0.25,-5.79,80.0,40.0,108.6,94.1,93.01,99.83,34.2,-13.6,Home
2011,West Coast,Richmond,62.5,32.82,92.31,87.38,95.9,103.32,-3.62,-16.19,80.0,0.0,85.6,87.38,95.9,103.32,6.4,-49.2,Home
2011,St Kilda,Collingwood,60.14,51.08,92.16,98.63,89.81,89.61,2.4,9.08,100.0,100.0,101.0,98.63,89.81,89.61,48.2,80.4,Away
2011,Hawthorn,Port Adelaide,59.7,41.91,92.8,95.2,92.99,93.86,-0.19,1.35,80.0,0.0,100.0,95.2,92.99,93.86,24.6,-51.6,Home
2011,Fremantle,Carlton,57.14,37.78,89.8,95.3,97.89,102.39,-8.09,-7.17,40.0,60.0,78.0,95.3,97.89,102.39,-6.4,24.4,Away
2011,Footscray,Essendon,52.63,39.71,100.52,99.96,101.79,98.38,-1.29,1.6,40.0,60.0,100.8,99.96,101.79,98.38,2.6,-19.4,Away
2011,Brisbane Lions,Gold Coast,65.71,22.22,99.27,68.33,92.08,125.56,7.3,-57.22,20.0,20.0,89.6,68.33,92.08,125.56,-22.0,-55.8,Home
2011,Melbourne,West Coast,51.13,33.33,92.36,92.51,101.64,95.88,-9.39,-3.4,20.0,80.0,71.8,92.51,101.64,95.88,-71.8,10.6,Away
2011,Richmond,Sydney,40.46,44.68,87.39,92.38,103.49,84.2,-16.35,8.3,0.0,40.0,71.6,92.38,103.49,84.2,-55.2,18.0,Home
2011,Adelaide,Geelong,65.22,51.11,93.06,100.83,85.97,84.69,7.09,16.32,60.0,80.0,75.0,100.83,85.97,84.69,-14.0,83.8,Away
2011,Carlton,Hawthorn,42.11,42.34,95.38,93.18,102.33,92.76,-7.03,0.42,80.0,100.0,112.2,93.18,102.33,92.76,35.8,65.8,Away
2011,Gold Coast,Adelaide,11.11,43.07,67.95,93.03,125.42,86.0,-57.47,7.03,20.0,40.0,62.6,93.03,125.42,86.0,-54.2,-17.6,Away
2011,West Coast,Essendon,62.77,40.15,92.58,100.15,95.75,98.39,-3.21,1.78,80.0,60.0,97.2,100.15,95.75,98.39,18.6,-17.4,Home
2011,Collingwood,Brisbane Lions,62.14,40.88,98.59,99.36,89.54,91.96,9.12,7.5,100.0,20.0,128.2,99.36,89.54,91.96,60.8,-11.8,Home
2011,North Melbourne,Fremantle,52.24,30.08,94.07,89.78,99.84,97.96,-5.83,-8.17,40.0,20.0,88.4,89.78,99.84,97.96,-15.2,-22.4,Home
2011,Sydney,St Kilda,63.97,42.75,92.25,92.08,84.25,89.81,8.12,2.32,40.0,80.0,92.4,92.08,84.25,89.81,10.8,33.2,Home
2011,Port Adelaide,Footscray,63.57,41.01,94.97,100.52,94.23,101.97,0.75,-1.47,0.0,20.0,55.4,100.52,94.23,101.97,-82.4,-20.0,Away
2011,Melbourne,Richmond,50.75,32.58,92.24,87.43,101.67,103.31,-9.53,-16.12,20.0,20.0,71.6,87.43,101.67,103.31,-68.6,-26.0,Away
2011,Fremantle,Collingwood,56.72,51.43,89.62,98.6,98.12,89.52,-8.51,9.15,0.0,100.0,62.0,98.6,98.12,89.52,-44.2,60.6,Away
2011,Hawthorn,Footscray,60.0,41.43,93.13,100.73,92.67,101.95,0.46,-1.24,100.0,20.0,121.0,100.73,92.67,101.95,59.8,-13.4,Home
2011,Geelong,Sydney,75.69,44.37,100.81,92.22,84.69,84.19,16.3,8.14,100.0,40.0,152.6,92.22,84.69,84.19,87.6,-0.2,Away
2011,St Kilda,North Melbourne,59.71,44.12,91.99,94.25,89.78,99.63,2.26,-5.44,60.0,60.0,90.4,94.25,89.78,99.63,26.0,27.8,Home
2011,Brisbane Lions,West Coast,65.96,33.82,99.3,92.73,92.0,95.68,7.41,-2.99,20.0,100.0,98.6,92.73,92.0,95.68,-7.0,34.2,Away
2011,Adelaide,Richmond,64.75,33.08,93.14,87.54,85.92,103.33,7.22,-16.03,60.0,40.0,91.0,87.54,85.92,103.33,-3.2,-16.8,Away
2011,Melbourne,Gold Coast,50.37,20.0,92.31,67.75,101.73,125.4,-9.52,-57.65,0.0,0.0,71.0,67.75,101.73,125.4,-74.2,-69.4,Home
2011,Essendon,Port Adelaide,60.87,41.61,100.06,94.97,98.52,94.45,1.56,0.53,40.0,0.0,99.6,94.97,98.52,94.45,-31.0,-83.2,Home
2011,Collingwood,Geelong,62.41,51.47,98.72,100.76,89.39,84.74,9.4,16.19,100.0,80.0,129.6,100.76,89.39,84.74,65.8,79.2,Away
2011,Gold Coast,Hawthorn,10.0,42.75,68.43,93.2,124.76,92.57,-56.33,0.63,0.0,100.0,59.8,93.2,124.76,92.57,-64.6,58.2,Away
2011,Footscray,Fremantle,52.24,29.85,100.61,89.48,101.99,98.25,-1.41,-8.77,20.0,0.0,99.0,89.48,101.99,98.25,-16.4,-60.0,Home
2011,Sydney,Brisbane Lions,64.23,40.58,92.24,99.24,84.2,91.99,8.16,7.36,60.0,20.0,90.2,99.24,84.2,91.99,4.6,-2.8,Home
2011,West Coast,Adelaide,63.04,43.48,92.72,93.17,95.63,86.05,-2.94,7.12,100.0,60.0,116.6,93.17,95.63,86.05,35.6,13.0,Home
2011,Carlton,St Kilda,41.79,42.45,95.27,92.15,102.24,89.71,-7.05,2.49,80.0,60.0,109.6,92.15,102.24,89.71,37.2,18.4,Away
2011,Port Adelaide,Melbourne,63.12,31.62,95.04,92.38,94.54,101.65,0.5,-9.38,0.0,20.0,68.4,92.38,94.54,101.65,-80.4,-57.4,Home
2011,Richmond,North Melbourne,40.91,43.8,87.67,94.17,103.32,99.76,-15.89,-5.66,60.0,40.0,95.6,94.17,103.32,99.76,-9.4,8.6,Away
2011,Geelong,Hawthorn,75.17,43.17,100.93,93.25,84.63,92.59,16.48,0.66,80.0,100.0,150.4,93.25,84.63,92.59,86.0,49.8,Home
2011,Collingwood,West Coast,61.97,34.31,98.56,92.91,89.6,95.46,9.02,-2.59,80.0,100.0,107.0,92.91,89.6,95.46,31.8,53.0,Home
2011,St Kilda,Sydney,60.0,44.76,92.12,92.34,89.63,84.14,2.55,8.32,60.0,60.0,94.4,92.34,89.63,84.14,18.4,7.2,Away
2011,Carlton,Essendon,41.48,39.86,95.16,100.13,102.18,98.57,-7.1,1.58,60.0,60.0,92.2,100.13,102.18,98.57,18.4,-14.8,Home
2011,Hawthorn,Sydney,60.29,45.14,93.15,92.3,92.61,84.04,0.55,8.38,80.0,80.0,112.2,92.3,92.61,84.04,40.2,12.4,Home
2011,West Coast,Carlton,63.31,38.24,92.79,95.36,95.42,102.12,-2.65,-6.84,80.0,60.0,108.0,95.36,95.42,102.12,37.6,27.2,Home
2011,Collingwood,Hawthorn,62.24,42.86,98.5,93.26,89.5,92.58,9.06,0.67,80.0,80.0,91.6,93.26,89.5,92.58,8.2,14.4,Home
2011,Geelong,West Coast,75.34,34.06,100.92,92.82,84.57,95.42,16.53,-2.63,80.0,80.0,123.4,92.82,84.57,95.42,55.0,28.6,Home
2011,Collingwood,Geelong,62.5,51.82,98.4,100.98,89.42,84.51,9.04,16.64,80.0,80.0,87.4,100.98,89.42,84.51,5.0,34.6,Away
2012,GWS,Sydney,50.0,44.83,94.7,92.28,94.7,84.18,0.0,8.22,50.0,80.0,90.0,92.28,94.7,84.18,0.0,13.8,Away
2012,Richmond,Carlton,40.6,37.96,87.68,95.37,103.32,102.12,-15.87,-6.83,60.0,40.0,103.6,95.37,103.32,102.12,0.4,11.4,Away
2012,Hawthorn,Collingwood,60.58,51.77,93.15,98.34,92.5,89.52,0.66,8.88,60.0,60.0,94.6,98.34,92.5,89.52,11.4,-6.2,Home
2012,Melbourne,Brisbane Lions,50.74,40.29,92.42,99.12,101.69,92.09,-9.37,7.14,20.0,20.0,89.2,99.12,101.69,92.09,-21.8,-4.2,Away
2012,Gold Coast,Adelaide,9.09,43.17,69.73,93.01,123.91,86.26,-54.18,6.75,0.0,40.0,68.4,93.01,123.91,86.26,-62.4,-12.4,Away
2012,North Melbourne,Essendon,52.59,39.57,94.2,100.09,99.73,98.76,-5.59,1.35,40.0,60.0,93.0,100.09,99.73,98.76,2.2,-12.4,Away
2012,Fremantle,Geelong,56.3,52.17,89.37,101.04,98.28,84.5,-8.91,16.72,0.0,80.0,63.0,101.04,98.28,84.5,-59.0,40.0,Home
2012,Footscray,West Coast,52.59,33.81,100.63,92.74,101.84,95.5,-1.23,-2.79,40.0,60.0,105.4,92.74,101.84,95.5,0.6,7.6,Away
2012,Port Adelaide,St Kilda,63.38,42.86,95.1,92.0,94.58,89.6,0.53,2.45,20.0,40.0,75.0,92.0,94.58,89.6,-72.4,5.2,Home
2012,Brisbane Lions,Carlton,65.49,38.41,99.2,95.47,92.04,102.04,7.26,-6.64,40.0,40.0,94.8,95.47,92.04,102.04,5.0,14.2,Away
2012,Essendon,Port Adelaide,61.15,41.3,100.1,95.08,98.77,94.54,1.35,0.54,60.0,40.0,107.6,95.08,98.77,94.54,-12.2,-44.0,Home
2012,Sydney,Fremantle,64.49,29.63,92.31,89.43,84.01,98.29,8.41,-8.86,80.0,20.0,97.2,89.43,84.01,98.29,23.4,-50.0,Home
2012,West Coast,Melbourne,63.57,31.39,92.89,92.37,95.47,101.76,-2.61,-9.49,60.0,20.0,102.6,92.37,95.47,101.76,15.8,-14.8,Home
2012,Adelaide,Footscray,64.29,41.13,93.17,100.58,86.2,101.97,6.97,-1.41,40.0,40.0,99.2,100.58,86.2,101.97,0.4,-7.6,Home
2012,Collingwood,Richmond,62.07,33.58,98.39,87.66,89.69,103.4,8.77,-15.98,40.0,60.0,79.8,87.66,89.69,103.4,-26.6,3.0,Home
2012,North Melbourne,GWS,52.21,50.0,94.23,37.0,99.75,100.0,-5.58,-63.0,40.0,0.0,101.0,37.0,99.75,100.0,5.4,-63.0,Home
2012,St Kilda,Gold Coast,59.57,18.18,91.98,69.65,89.6,124.48,2.43,-54.83,40.0,0.0,86.2,69.65,89.6,124.48,8.2,-46.2,Home
2012,Geelong,Hawthorn,75.51,42.55,101.04,93.31,84.57,92.58,16.64,0.74,80.0,60.0,116.8,93.31,84.57,92.58,41.8,6.6,Home
2012,Carlton,Collingwood,41.91,51.41,95.69,98.35,101.9,89.6,-6.28,8.81,60.0,60.0,118.4,98.35,101.9,89.6,34.8,-3.2,Home
2012,Richmond,Melbourne,40.3,31.16,87.57,92.25,103.33,101.99,-16.0,-9.85,40.0,20.0,94.8,92.25,103.33,101.99,-9.8,-26.8,Home
2012,Port Adelaide,Sydney,63.64,45.21,95.05,92.31,94.6,84.0,0.45,8.43,40.0,80.0,99.4,92.31,94.6,84.0,-16.0,23.4,Away
2012,Fremantle,Brisbane Lions,56.62,40.71,89.4,99.07,98.28,92.25,-8.88,6.91,20.0,20.0,68.8,99.07,98.28,92.25,-46.6,-25.6,Home
2012,Gold Coast,Essendon,8.33,40.0,68.71,100.14,125.08,98.72,-56.38,1.44,0.0,60.0,71.6,100.14,125.08,98.72,-52.2,-17.0,Away
2012,Footscray,St Kilda,52.21,42.55,100.45,92.14,101.9,89.45,-1.47,2.75,40.0,60.0,96.4,92.14,101.9,89.45,-1.4,29.6,Away
2012,GWS,West Coast,0.0,34.29,45.5,93.15,141.5,95.34,-96.0,-2.21,0.0,60.0,45.5,93.15,141.5,95.34,-96.0,18.4,Away
2012,Hawthorn,Adelaide,60.87,43.57,93.3,93.13,92.58,86.12,0.73,7.01,40.0,60.0,96.2,93.13,92.58,86.12,4.4,6.2,Home
2012,North Melbourne,Geelong,52.55,51.8,94.55,101.01,99.58,84.59,-5.08,16.59,60.0,80.0,120.4,101.01,99.58,84.59,34.6,23.0,Home
2012,St Kilda,Fremantle,59.86,29.41,92.18,89.3,89.27,98.04,2.97,-8.74,60.0,40.0,94.0,89.3,89.27,98.04,29.2,-21.2,Away
2012,Carlton,Essendon,42.34,40.43,95.78,100.16,101.75,98.68,-6.04,1.49,80.0,80.0,129.6,100.16,101.75,98.68,50.8,-2.2,Away
2012,Collingwood,Port Adelaide,62.33,41.01,98.22,95.0,89.71,94.64,8.57,0.37,40.0,40.0,82.2,95.0,89.71,94.64,-19.2,-8.4,Home
2012,Adelaide,GWS,64.54,0.0,93.1,53.33,86.31,144.33,6.79,-91.0,40.0,0.0,90.4,53.33,86.31,144.33,-17.2,-91.0,Home
2012,West Coast,Hawthorn,63.83,42.25,93.35,93.47,95.24,92.54,-1.91,0.92,80.0,60.0,124.4,93.47,95.24,92.54,38.6,21.8,Home
2012,Brisbane Lions,Gold Coast,65.03,16.67,98.84,69.48,92.15,124.28,6.78,-54.8,20.0,0.0,73.0,69.48,92.15,124.28,-27.8,-43.4,Home
2012,Geelong,Richmond,75.68,33.33,101.05,87.74,84.75,103.22,16.47,-15.72,60.0,40.0,108.6,87.74,84.75,103.22,13.4,0.6,Home
2012,Sydney,North Melbourne,64.75,44.2,92.36,94.68,84.0,99.63,8.48,-5.0,80.0,60.0,93.4,94.68,84.0,99.63,17.4,18.4,Home
2012,Melbourne,Footscray,50.36,40.85,92.18,100.23,102.1,101.9,-10.03,-1.69,20.0,20.0,85.2,100.23,102.1,101.9,-37.2,-26.0,Away
2012,Collingwood,Essendon,62.59,40.85,98.22,100.19,89.65,98.61,8.62,1.6,40.0,80.0,88.0,100.19,89.65,98.61,-15.0,2.4,Home
2012,Fremantle,Carlton,56.93,38.85,89.31,95.72,97.97,101.78,-8.66,-6.12,60.0,60.0,80.6,95.72,97.97,101.78,-2.6,32.4,Away
2012,GWS,Footscray,0.0,41.26,52.5,100.19,132.25,101.78,-79.75,-1.61,0.0,40.0,52.5,100.19,132.25,101.78,-79.75,-12.6,Away
2012,North Melbourne,Gold Coast,52.9,15.38,94.62,68.58,99.68,123.77,-5.12,-55.19,60.0,0.0,119.4,68.58,99.68,123.77,24.2,-50.4,Home
2012,Melbourne,St Kilda,50.0,42.96,92.09,92.13,102.05,89.28,-10.07,2.91,0.0,40.0,76.2,92.13,102.05,89.28,-47.4,22.6,Away
2012,Brisbane Lions,Geelong,65.28,51.43,98.88,100.96,91.99,84.68,6.99,16.45,40.0,60.0,79.0,100.96,91.99,84.68,-13.2,5.8,Away
2012,Hawthorn,Sydney,61.15,45.58,93.3,92.43,92.4,83.97,0.9,8.58,40.0,80.0,95.6,92.43,92.4,83.97,13.6,19.6,Away
2012,Richmond,West Coast,40.74,34.75,87.65,93.2,103.12,95.07,-15.7,-1.89,20.0,80.0,86.8,93.2,103.12,95.07,-5.8,39.0,Away
2012,Adelaide,Port Adelaide,64.79,40.71,93.11,94.93,86.18,94.65,6.93,0.28,60.0,40.0,89.8,94.93,86.18,94.65,-3.6,-11.8,Home
2012,Footscray,Collingwood,51.82,51.05,100.2,98.15,101.63,89.62,-1.45,8.6,40.0,60.0,76.6,98.15,101.63,89.62,-13.4,-7.2,Away
2012,Essendon,Brisbane Lions,61.43,40.43,100.11,98.68,98.55,91.95,1.59,6.83,80.0,40.0,101.6,98.68,98.55,91.95,14.6,-10.4,Home
2012,Geelong,Melbourne,75.84,30.94,100.89,92.0,84.53,101.99,16.53,-10.1,60.0,0.0,92.2,92.0,84.53,101.99,5.8,-49.4,Home
2012,Gold Coast,Fremantle,7.69,29.93,69.48,89.2,123.89,97.85,-54.41,-8.66,0.0,60.0,68.4,89.2,123.89,97.85,-55.4,5.0,Away
2012,Sydney,Adelaide,65.0,43.26,92.48,93.17,83.92,86.2,8.68,6.97,100.0,80.0,103.6,93.17,83.92,86.2,34.2,19.2,Away
2012,St Kilda,Hawthorn,59.44,41.96,92.1,93.21,89.2,92.45,2.96,0.77,60.0,40.0,98.0,93.21,89.2,92.45,31.2,6.8,Away
2012,Carlton,GWS,42.03,0.0,95.61,54.4,101.62,126.6,-6.07,-72.2,80.0,0.0,109.0,54.4,101.62,126.6,34.6,-72.2,Home
2012,Port Adelaide,Richmond,63.19,33.09,94.91,87.69,94.7,103.13,0.21,-15.68,20.0,20.0,84.4,87.69,94.7,103.13,-17.2,-5.2,Away
2012,West Coast,North Melbourne,64.08,43.88,93.25,94.74,95.08,99.66,-1.84,-4.97,100.0,60.0,122.0,94.74,95.08,99.66,50.6,28.4,Home
2012,Melbourne,Hawthorn,49.64,42.36,91.94,93.32,102.05,92.43,-10.22,0.89,0.0,40.0,68.2,93.32,102.05,92.43,-49.8,9.4,Away
2012,Adelaide,Geelong,65.03,51.77,93.19,100.95,86.22,84.5,6.96,16.62,80.0,80.0,94.2,100.95,86.22,84.5,6.4,15.2,Home
2012,GWS,Gold Coast,0.0,14.29,52.5,70.11,123.83,122.82,-71.33,-52.71,0.0,0.0,55.6,70.11,123.83,122.82,-73.0,-43.0,Home
2012,Richmond,Sydney,40.44,45.95,87.7,92.48,102.95,83.97,-15.48,8.63,40.0,80.0,90.0,92.48,102.95,83.97,11.0,20.6,Home
2012,Brisbane Lions,Collingwood,64.83,51.39,98.55,98.15,92.08,89.57,6.57,8.64,20.0,80.0,62.4,98.15,92.08,89.57,-32.0,1.4,Away
2012,Essendon,West Coast,61.7,35.21,100.21,93.35,98.42,95.08,1.82,-1.75,80.0,100.0,106.6,93.35,98.42,95.08,27.6,45.8,Home
2012,North Melbourne,Footscray,53.24,41.67,94.74,100.12,99.73,101.62,-5.05,-1.52,60.0,40.0,122.6,100.12,99.73,101.62,23.8,-7.8,Away
2012,Fremantle,Port Adelaide,56.52,40.43,89.21,94.77,97.82,94.69,-8.6,0.08,60.0,0.0,77.6,94.77,97.82,94.69,5.6,-25.4,Home
2012,St Kilda,Carlton,59.03,39.29,92.09,95.66,89.32,101.41,2.83,-5.81,60.0,80.0,98.6,95.66,89.32,101.41,25.0,39.2,Home
2012,Collingwood,Geelong,62.84,51.41,98.22,100.85,89.46,84.63,8.81,16.39,80.0,60.0,90.6,100.85,89.46,84.63,8.8,4.8,Home
2012,Port Adelaide,North Melbourne,62.76,43.57,94.6,94.7,94.66,99.74,-0.06,-5.09,0.0,40.0,69.6,94.7,94.66,99.74,-28.4,-5.6,Home
2012,Hawthorn,Fremantle,60.71,30.43,93.39,89.21,92.28,97.63,1.12,-8.43,60.0,80.0,98.6,89.21,92.28,97.63,23.0,16.2,Home
2012,Sydney,Melbourne,64.54,30.71,92.38,91.79,84.0,102.09,8.5,-10.42,60.0,0.0,96.0,91.79,84.0,102.09,12.2,-41.4,Home
2012,Footscray,Gold Coast,51.45,13.33,100.12,70.0,101.55,121.83,-1.45,-51.83,60.0,0.0,82.0,70.0,101.55,121.83,-0.6,-30.0,Home
2012,Essendon,Richmond,61.97,33.58,100.26,87.71,98.26,102.8,2.03,-15.31,80.0,60.0,107.0,87.71,98.26,102.8,34.8,21.0,Home
2012,Brisbane Lions,GWS,64.38,0.0,98.41,58.43,92.16,115.71,6.34,-57.29,20.0,20.0,61.4,58.43,92.16,115.71,-25.4,-41.8,Home
2012,Carlton,Adelaide,42.45,43.66,95.67,93.29,101.48,86.17,-5.87,7.11,60.0,80.0,94.8,93.29,101.48,86.17,16.2,12.8,Away
2012,West Coast,St Kilda,64.34,43.36,93.2,92.19,95.14,89.35,-1.96,2.9,80.0,60.0,96.0,92.19,95.14,89.35,12.0,11.4,Home
2012,Footscray,Geelong,51.8,51.05,100.02,100.79,101.32,84.67,-1.31,16.29,80.0,60.0,88.4,100.79,101.32,84.67,19.6,5.8,Away
2012,Richmond,Hawthorn,40.88,42.76,87.79,93.48,102.89,92.17,-15.33,1.31,40.0,60.0,90.6,93.48,102.89,92.17,5.4,23.0,Home
2012,Gold Coast,Port Adelaide,7.14,40.14,68.8,94.6,120.17,94.66,-51.37,-0.05,0.0,20.0,65.4,94.6,120.17,94.66,-34.2,-23.6,Away
2012,St Kilda,Sydney,59.31,45.64,92.19,92.53,89.46,83.84,2.79,8.82,40.0,60.0,92.8,92.53,89.46,83.84,-7.2,28.0,Home
2012,Adelaide,Collingwood,65.28,51.72,93.39,98.21,86.07,89.45,7.33,8.82,100.0,100.0,110.2,98.21,86.07,89.45,37.8,23.2,Away
2012,GWS,Essendon,25.0,40.56,56.12,100.36,117.75,98.29,-61.62,2.09,20.0,80.0,57.8,100.36,117.75,98.29,-44.0,35.2,Away
2012,North Melbourne,Brisbane Lions,52.86,40.14,94.69,98.53,99.72,91.98,-5.08,6.64,20.0,40.0,95.0,98.53,99.72,91.98,-9.4,-1.2,Home
2012,Carlton,Melbourne,42.14,30.5,95.53,91.59,101.56,102.22,-6.1,-10.74,40.0,0.0,81.4,91.59,101.56,102.22,-9.6,-49.8,Home
2012,West Coast,Fremantle,64.58,30.22,93.3,89.11,95.13,97.71,-1.85,-8.6,80.0,60.0,90.2,89.11,95.13,97.71,1.8,-0.8,Home
2012,St Kilda,Richmond,59.59,33.33,92.26,87.97,89.44,102.79,2.88,-15.04,60.0,60.0,99.2,87.97,89.44,102.79,1.0,19.8,Away
2012,Geelong,GWS,76.0,0.0,100.77,55.78,84.64,117.89,16.3,-62.11,60.0,20.0,89.8,55.78,84.64,117.89,7.8,-48.0,Home
2012,Hawthorn,North Melbourne,60.99,43.26,93.42,94.75,92.33,99.71,1.09,-5.01,60.0,40.0,100.2,94.75,92.33,99.71,11.6,1.0,Home
2012,Fremantle,Adelaide,56.83,44.06,88.92,93.24,97.66,86.03,-8.74,7.21,40.0,80.0,67.4,93.24,97.66,86.03,-13.0,23.4,Away
2012,Port Adelaide,Carlton,63.01,39.01,94.69,95.57,94.57,101.38,0.11,-5.87,40.0,60.0,81.0,95.57,94.57,101.38,-9.2,8.0,Home
2012,Essendon,Melbourne,62.24,30.28,100.42,91.44,98.14,102.24,2.32,-10.91,80.0,0.0,113.6,91.44,98.14,102.24,42.4,-57.2,Away
2012,Brisbane Lions,West Coast,64.63,34.97,98.52,93.27,92.05,94.92,6.56,-1.67,20.0,80.0,77.8,93.27,92.05,94.92,-17.4,10.4,Home
2012,Sydney,Footscray,64.79,42.07,92.5,99.94,83.93,101.29,8.69,-1.38,40.0,60.0,96.6,99.94,83.93,101.29,15.2,11.4,Home
2012,Collingwood,Gold Coast,63.09,12.5,98.13,68.84,89.31,120.1,8.88,-51.26,100.0,0.0,93.0,68.84,89.31,120.1,23.6,-30.8,Home
2012,Carlton,Geelong,42.55,51.39,95.39,100.86,101.37,84.56,-6.04,16.47,40.0,60.0,83.0,100.86,101.37,84.56,-4.4,13.2,Away
2012,Richmond,Fremantle,41.3,30.0,88.09,88.9,102.83,97.71,-14.96,-8.81,80.0,40.0,109.8,88.9,102.83,97.71,23.4,-17.2,Away
2012,Gold Coast,St Kilda,6.67,43.06,68.31,92.33,121.0,89.55,-52.69,2.84,0.0,40.0,62.0,92.33,121.0,89.55,-43.4,-4.2,Away
2012,Essendon,Sydney,61.81,45.33,100.25,92.63,98.0,83.78,2.29,8.98,80.0,40.0,108.2,92.63,98.0,83.78,41.4,26.2,Away
2012,Port Adelaide,Hawthorn,63.27,42.47,94.7,93.7,94.4,92.22,0.3,1.49,60.0,80.0,82.6,93.7,94.4,92.22,5.4,42.0,Away
2012,Melbourne,Collingwood,49.29,52.05,91.32,98.3,102.06,89.18,-10.85,9.18,20.0,100.0,53.8,98.3,102.06,89.18,-52.4,42.8,Away
2012,West Coast,Carlton,64.83,38.73,93.29,95.35,94.94,101.35,-1.67,-6.06,60.0,20.0,95.4,95.35,94.94,101.35,8.0,-20.2,Home
2012,Adelaide,St Kilda,64.83,43.45,93.3,92.5,86.01,89.41,7.29,3.16,80.0,60.0,101.0,92.5,86.01,89.41,25.4,21.8,Home
2012,GWS,Richmond,20.0,33.81,56.3,88.01,118.7,102.74,-62.4,-14.95,20.0,60.0,58.2,88.01,118.7,102.74,-52.6,13.6,Away
2012,Gold Coast,North Melbourne,6.25,42.96,67.73,94.63,121.7,99.97,-53.97,-5.4,0.0,20.0,54.4,94.63,121.7,99.97,-61.0,-28.8,Away
2012,Hawthorn,Brisbane Lions,61.27,39.86,93.75,98.53,92.11,92.08,1.64,6.55,80.0,40.0,118.2,98.53,92.11,92.08,44.2,-9.4,Home
2012,Footscray,Port Adelaide,51.43,40.56,99.73,94.59,101.4,94.45,-1.7,0.14,40.0,60.0,73.0,94.59,101.4,94.45,-15.4,3.6,Home
2012,Sydney,Geelong,65.03,51.72,92.61,100.84,83.77,84.56,8.96,16.45,60.0,60.0,100.2,100.84,83.77,84.56,28.0,7.0,Home
2012,Footscray,Brisbane Lions,51.77,39.58,99.71,98.43,101.25,92.22,-1.56,6.3,60.0,40.0,76.6,98.43,101.25,92.22,-3.6,-9.0,Away
2012,Collingwood,West Coast,63.33,34.72,98.4,93.24,89.18,94.86,9.29,-1.63,100.0,60.0,113.0,93.24,89.18,94.86,47.0,5.0,Home
2012,Fremantle,Essendon,56.43,40.97,88.86,100.19,97.59,97.96,-8.74,2.27,40.0,60.0,69.2,100.19,97.59,97.96,-16.2,27.2,Away
2012,Melbourne,GWS,48.94,0.0,91.31,57.91,102.15,115.73,-10.96,-57.82,20.0,20.0,56.0,57.91,102.15,115.73,-52.2,-41.6,Home
2012,North Melbourne,Adelaide,53.19,44.44,94.6,93.38,99.9,86.1,-5.36,7.28,40.0,80.0,86.8,93.38,99.9,86.1,-22.4,25.2,Home
2012,Carlton,Hawthorn,42.25,42.86,95.26,93.89,101.27,92.03,-6.08,1.86,20.0,80.0,72.2,93.89,101.27,92.03,-17.4,44.0,Away
2012,Collingwood,Fremantle,63.58,30.5,98.36,88.86,89.15,97.65,9.27,-8.79,100.0,20.0,106.8,88.86,89.15,97.65,36.0,-29.0,Home
2012,Adelaide,Richmond,65.07,34.29,93.36,88.0,86.22,102.64,7.14,-14.85,60.0,60.0,97.6,88.0,86.22,102.64,8.8,10.2,Home
2012,West Coast,Gold Coast,65.07,11.76,93.2,68.09,94.82,120.68,-1.64,-52.59,60.0,0.0,93.2,68.09,94.82,120.68,16.6,-57.0,Home
2012,Essendon,Footscray,61.38,41.78,100.23,99.56,97.92,101.29,2.34,-1.76,60.0,40.0,98.8,99.56,97.92,101.29,19.8,-18.8,Home
2012,Sydney,GWS,65.28,0.0,92.57,57.83,83.74,117.33,8.95,-59.5,80.0,0.0,103.8,57.83,83.74,117.33,35.0,-62.6,Home
2012,Geelong,Port Adelaide,76.16,40.28,100.75,94.46,84.54,94.45,16.38,0.01,60.0,60.0,95.2,94.46,84.54,94.45,15.8,4.0,Home
2012,Brisbane Lions,Melbourne,64.86,30.77,98.49,91.46,92.1,102.0,6.48,-10.65,60.0,40.0,102.8,91.46,92.1,102.0,14.2,-23.4,Home
2012,St Kilda,North Melbourne,59.18,43.36,92.57,94.69,89.49,99.86,3.14,-5.22,40.0,60.0,114.0,94.69,89.49,99.86,16.2,-12.4,Away
2012,Collingwood,Carlton,63.82,38.46,98.39,95.17,89.11,101.34,9.34,-6.23,100.0,20.0,109.0,95.17,89.11,101.34,39.4,-13.6,Away
2012,North Melbourne,West Coast,53.52,34.48,94.84,93.45,99.87,94.63,-5.09,-1.19,80.0,60.0,103.0,93.45,99.87,94.63,-5.4,35.8,Away
2012,Melbourne,Richmond,49.3,34.04,91.35,88.0,102.07,102.65,-10.83,-14.87,40.0,60.0,78.0,88.0,102.07,102.65,-15.4,10.2,Away
2012,Sydney,Brisbane Lions,65.52,40.0,92.7,98.57,83.58,91.99,9.24,6.67,80.0,60.0,102.6,98.57,83.58,91.99,33.6,8.0,Home
2012,Port Adelaide,Adelaide,62.84,44.14,94.34,93.4,94.46,86.22,-0.12,7.18,40.0,60.0,79.4,93.4,94.46,86.22,-4.0,-1.2,Away
2012,St Kilda,Essendon,58.78,41.38,92.6,100.37,89.65,97.78,3.01,2.63,40.0,60.0,116.4,100.37,89.65,97.78,15.6,32.8,Home
2012,Hawthorn,GWS,61.54,0.0,93.98,56.31,91.96,118.46,2.03,-62.15,80.0,0.0,122.4,56.31,91.96,118.46,42.8,-63.0,Home
2012,Gold Coast,Geelong,5.88,51.37,67.29,100.75,121.97,84.46,-54.69,16.45,0.0,80.0,58.2,100.75,121.97,84.46,-74.6,25.8,Away
2012,Fremantle,Footscray,56.03,41.5,88.82,99.41,97.68,101.43,-8.86,-2.05,20.0,20.0,72.6,99.41,97.68,101.43,-23.6,-43.2,Home
2012,North Melbourne,Carlton,53.15,38.89,94.8,95.14,99.82,101.2,-5.08,-6.13,60.0,20.0,97.4,95.14,99.82,101.2,-9.0,-20.6,Home
2012,Melbourne,Fremantle,48.95,30.28,91.31,88.84,102.06,97.54,-10.87,-8.7,40.0,40.0,83.8,88.84,102.06,97.54,-8.4,-6.4,Away
2012,Port Adelaide,Essendon,62.42,41.1,94.22,100.24,94.54,97.9,-0.32,2.37,20.0,40.0,67.4,100.24,94.54,97.9,-25.2,5.4,Away
2012,Richmond,Gold Coast,41.01,11.11,88.04,68.08,102.56,121.64,-14.73,-53.56,60.0,0.0,92.2,68.08,102.56,121.64,2.4,-67.8,Away
2012,Geelong,Collingwood,76.32,52.38,100.78,98.27,84.5,89.1,16.44,9.23,80.0,80.0,101.2,98.27,84.5,89.1,24.6,29.6,Away
2012,Brisbane Lions,St Kilda,65.1,43.15,98.45,92.74,92.05,89.56,6.48,3.25,60.0,40.0,94.2,92.74,92.05,89.56,1.8,24.2,Away
2012,GWS,Adelaide,16.67,44.52,54.5,93.48,123.79,86.13,-69.29,7.35,0.0,80.0,52.2,93.48,123.79,86.13,-82.2,15.6,Away
2012,Footscray,Hawthorn,51.41,43.24,99.26,94.32,101.4,91.75,-2.17,2.58,20.0,100.0,60.8,94.32,101.4,91.75,-46.8,87.6,Away
2012,West Coast,Sydney,65.31,45.7,93.43,92.76,94.6,83.52,-1.18,9.37,60.0,100.0,102.6,92.76,94.6,83.52,26.6,48.6,Away
2012,Geelong,Essendon,75.82,41.5,100.71,100.33,84.59,97.83,16.28,2.54,60.0,60.0,91.8,100.33,84.59,97.83,5.4,16.6,Home
2012,Collingwood,Hawthorn,63.4,43.62,98.31,94.39,89.07,91.59,9.3,2.82,80.0,100.0,98.6,94.39,89.07,91.59,16.4,79.0,Away
2012,Adelaide,West Coast,65.31,34.93,93.77,93.34,86.03,94.69,7.73,-1.36,80.0,60.0,120.8,93.34,86.03,94.69,33.6,16.6,Home
2012,Gold Coast,Brisbane Lions,5.56,39.73,68.68,98.43,120.73,92.1,-52.05,6.41,20.0,40.0,71.0,98.43,120.73,92.1,-48.0,-1.2,Away
2012,Footscray,Carlton,51.05,38.62,99.07,95.14,101.45,101.37,-2.41,-6.29,20.0,20.0,61.6,95.14,101.45,101.37,-42.8,-20.4,Away
2012,Melbourne,Port Adelaide,48.61,40.0,91.28,94.16,102.11,94.65,-10.95,-0.49,20.0,0.0,88.8,94.16,102.11,94.65,-16.4,-46.0,Away
2012,Sydney,St Kilda,65.75,43.54,92.86,92.78,83.47,89.57,9.52,3.28,100.0,60.0,105.8,92.78,83.47,89.57,40.6,28.4,Home
2012,Richmond,North Melbourne,40.71,43.75,88.04,94.99,102.52,99.81,-14.68,-4.87,40.0,80.0,85.6,94.99,102.52,99.81,0.4,24.6,Away
2012,Fremantle,GWS,56.34,0.0,88.94,54.8,97.49,127.4,-8.55,-72.6,60.0,0.0,91.4,54.8,97.49,127.4,6.2,-93.0,Home
2012,Essendon,Hawthorn,61.64,44.0,100.22,94.54,97.95,91.59,2.3,2.97,60.0,100.0,101.8,94.54,97.95,91.59,4.0,79.2,Away
2012,Geelong,Adelaide,75.97,44.9,100.82,93.87,84.53,86.0,16.45,7.87,60.0,80.0,99.2,93.87,84.53,86.0,16.4,42.6,Home
2012,North Melbourne,Melbourne,53.47,30.56,95.01,91.16,99.81,102.05,-4.84,-11.01,80.0,20.0,118.6,91.16,99.81,102.05,24.0,-13.6,Home
2012,GWS,Collingwood,14.29,52.7,53.69,98.28,127.69,89.23,-74.0,9.11,0.0,60.0,44.4,98.28,127.69,89.23,-109.6,-1.4,Away
2012,Carlton,Richmond,41.96,34.51,95.16,88.08,101.31,102.52,-6.21,-14.65,40.0,40.0,84.4,88.08,101.31,102.52,-14.4,2.0,Home
2012,Gold Coast,Sydney,5.26,46.05,68.13,92.9,119.11,83.44,-50.97,9.58,20.0,100.0,70.8,92.9,119.11,83.44,-31.2,45.6,Away
2012,Port Adelaide,Fremantle,62.0,30.77,94.13,89.09,94.52,97.28,-0.39,-8.19,20.0,60.0,67.4,89.09,94.52,97.28,-31.2,22.8,Away
2012,St Kilda,Footscray,59.06,41.22,92.72,99.02,89.62,101.46,3.17,-2.47,40.0,0.0,105.6,99.02,89.62,101.46,3.6,-54.0,Home
2012,West Coast,Brisbane Lions,64.86,40.14,93.28,98.29,94.79,91.95,-1.52,6.43,40.0,60.0,95.6,98.29,94.79,91.95,4.8,14.0,Home
2012,Hawthorn,Geelong,61.81,51.7,94.83,100.82,91.57,84.5,3.28,16.49,100.0,80.0,149.4,100.82,91.57,84.5,85.0,23.0,Away
2012,Footscray,North Melbourne,50.69,44.14,98.83,95.12,101.51,99.71,-2.72,-4.64,0.0,80.0,56.6,95.12,101.51,99.71,-57.6,28.4,Away
2012,GWS,Port Adelaide,12.5,40.41,53.71,93.97,130.41,94.45,-76.71,-0.48,0.0,20.0,43.8,93.97,130.41,94.45,-118.0,-29.0,Home
2012,Fremantle,West Coast,56.64,34.69,89.04,93.56,97.1,94.73,-8.06,-1.18,80.0,60.0,99.4,93.56,97.1,94.73,33.0,25.0,Home
2012,Collingwood,St Kilda,62.99,43.24,98.53,92.81,89.11,89.46,9.48,3.42,60.0,60.0,108.8,92.81,89.11,89.46,22.0,19.6,Home
2012,Brisbane Lions,Richmond,64.67,34.27,98.22,88.09,92.23,102.49,6.07,-14.61,40.0,20.0,82.6,88.09,92.23,102.49,-17.2,-1.2,Away
2012,Melbourne,Gold Coast,48.28,15.79,91.09,67.77,102.14,119.28,-11.16,-51.51,0.0,20.0,70.2,67.77,102.14,119.28,-40.0,-44.2,Home
2012,Carlton,Sydney,42.36,46.41,95.16,93.01,101.27,83.34,-6.17,9.79,60.0,100.0,89.6,93.01,101.27,83.34,-11.6,58.8,Away
2012,Adelaide,Essendon,65.54,41.22,93.81,100.17,86.05,98.23,7.76,1.97,80.0,40.0,119.8,100.17,86.05,98.23,43.6,-19.6,Home
2012,West Coast,Geelong,65.1,52.03,93.4,100.88,94.79,84.6,-1.4,16.44,40.0,80.0,90.6,100.88,94.79,84.6,-13.2,15.8,Home
2012,St Kilda,Melbourne,59.33,30.34,92.78,91.15,89.46,102.01,3.39,-10.98,60.0,20.0,103.4,91.15,89.46,102.01,25.0,-19.4,Home
2012,Adelaide,Fremantle,65.77,31.25,93.84,89.12,86.1,96.93,7.74,-7.81,80.0,100.0,119.4,89.12,86.1,96.93,40.6,51.8,Home
2012,Gold Coast,GWS,5.0,0.0,67.72,56.67,119.0,127.22,-51.28,-70.56,20.0,20.0,70.8,56.67,119.0,127.22,-27.4,-92.4,Home
2012,Carlton,Brisbane Lions,42.07,39.86,95.08,98.17,101.24,92.36,-6.23,5.89,60.0,20.0,89.8,98.17,101.24,92.36,-6.0,-39.0,Home
2012,Sydney,Collingwood,65.99,53.02,93.01,98.51,83.3,89.1,9.84,9.47,100.0,60.0,111.0,98.51,83.3,89.1,44.4,17.4,Away
2012,Hawthorn,Port Adelaide,61.38,40.14,94.9,93.9,91.66,94.49,3.26,-0.59,80.0,20.0,148.6,93.9,91.66,94.49,74.6,-28.2,Home
2012,Richmond,Footscray,40.43,40.94,88.25,98.7,102.43,101.56,-14.38,-2.9,40.0,0.0,102.2,98.7,102.43,101.56,12.2,-51.6,Home
2012,Essendon,North Melbourne,61.22,44.52,100.17,95.19,98.25,99.58,1.95,-4.43,20.0,80.0,88.4,95.19,98.25,99.58,-37.2,32.6,Away
2012,Geelong,St Kilda,76.13,42.95,100.87,92.83,84.66,89.44,16.37,3.46,60.0,60.0,106.0,92.83,84.66,89.44,12.0,15.8,Home
2012,Essendon,Carlton,60.81,39.04,100.09,95.14,98.26,101.16,1.86,-6.08,20.0,60.0,91.2,95.14,98.26,101.16,-27.8,-3.4,Away
2012,GWS,Melbourne,22.22,30.14,57.84,91.12,126.26,102.03,-68.42,-11.02,20.0,20.0,67.2,91.12,126.26,102.03,-66.0,-19.8,Away
2012,Fremantle,Richmond,56.94,34.72,89.13,88.46,97.01,102.35,-7.88,-14.09,80.0,40.0,105.6,88.46,97.01,102.35,38.6,21.6,Home
2012,Brisbane Lions,Adelaide,64.24,44.59,98.1,93.93,92.43,86.11,5.75,7.81,20.0,80.0,77.8,93.93,92.43,86.11,-36.8,34.6,Home
2012,Collingwood,North Melbourne,63.23,44.9,98.44,95.21,89.04,99.5,9.47,-4.34,80.0,100.0,108.8,95.21,89.04,99.5,23.6,37.8,Away
2012,Port Adelaide,West Coast,61.59,34.46,93.88,93.43,94.71,94.8,-0.84,-1.38,20.0,40.0,73.8,93.43,94.71,94.8,-31.0,-12.6,Away
2012,Footscray,Sydney,50.34,46.75,98.63,92.93,101.72,83.28,-3.13,9.78,0.0,80.0,62.2,92.93,101.72,83.28,-58.0,33.4,Away
2012,Hawthorn,Gold Coast,61.64,15.0,95.12,68.73,91.64,118.02,3.49,-49.29,80.0,40.0,141.8,68.73,91.64,118.02,56.6,-18.6,Home
2012,Richmond,Essendon,40.85,40.94,88.4,99.95,102.32,98.45,-14.11,1.52,40.0,0.0,108.8,99.95,102.32,98.45,17.6,-57.0,Home
2012,St Kilda,GWS,59.6,0.0,92.79,57.9,89.55,124.15,3.31,-66.25,40.0,20.0,93.4,57.9,89.55,124.15,4.8,-47.2,Home
2012,Port Adelaide,Brisbane Lions,61.18,39.6,93.73,98.09,94.72,92.41,-0.99,5.76,20.0,40.0,68.4,98.09,94.72,92.41,-30.6,-32.2,Away
2012,Sydney,Hawthorn,65.54,44.37,93.17,95.23,83.29,91.55,10.02,3.69,80.0,80.0,112.2,95.23,83.29,91.55,39.4,55.0,Away
2012,Gold Coast,Carlton,9.52,39.46,68.64,95.35,118.29,101.02,-49.64,-5.73,20.0,80.0,68.4,95.35,118.29,101.02,-31.8,26.4,Home
2012,West Coast,Collingwood,65.33,53.33,93.45,98.32,94.65,89.04,-1.21,9.34,60.0,60.0,99.6,98.32,94.65,89.04,7.4,11.4,Home
2012,Geelong,Footscray,76.28,40.67,100.94,98.59,84.65,101.94,16.45,-3.4,80.0,0.0,114.8,98.59,84.65,101.94,26.6,-60.0,Home
2012,North Melbourne,Fremantle,53.79,31.03,95.19,89.15,99.37,96.92,-4.22,-7.78,100.0,80.0,107.2,89.15,99.37,96.92,33.2,36.2,Away
2012,Melbourne,Adelaide,48.63,44.3,91.1,93.9,101.88,86.14,-10.9,7.75,40.0,60.0,80.6,93.9,101.88,86.14,-8.0,8.8,Away
2012,Hawthorn,West Coast,61.9,34.9,95.25,93.49,91.56,94.52,3.7,-1.04,80.0,80.0,137.2,93.49,91.56,94.52,47.0,27.0,Home
2012,Geelong,Sydney,76.43,47.1,100.96,93.18,84.61,83.35,16.51,9.96,80.0,60.0,109.4,93.18,84.61,83.35,20.0,32.2,Home
2012,Adelaide,Gold Coast,66.0,14.29,94.08,69.33,86.13,117.53,7.96,-48.21,60.0,40.0,106.6,69.33,86.13,117.53,12.8,-27.2,Home
2012,GWS,North Melbourne,20.0,45.27,56.81,95.14,126.0,99.48,-69.19,-4.38,20.0,80.0,66.8,95.14,126.0,99.48,-53.8,21.8,Away
2012,Essendon,Collingwood,60.4,52.98,99.81,98.19,98.46,89.1,1.37,9.14,0.0,60.0,75.8,98.19,98.46,89.1,-52.6,11.0,Away
2012,Fremantle,Melbourne,57.24,30.61,89.3,91.06,96.86,102.05,-7.57,-11.1,80.0,40.0,101.0,91.06,96.86,102.05,27.8,-16.2,Home
2012,Carlton,St Kilda,42.47,42.67,95.32,93.02,101.01,89.37,-5.75,3.73,60.0,60.0,104.2,93.02,101.01,89.37,20.4,36.2,Away
2012,Richmond,Port Adelaide,41.26,39.86,88.45,93.73,102.16,94.75,-13.9,-1.03,60.0,0.0,109.4,93.73,102.16,94.75,27.4,-38.4,Draw
2012,Brisbane Lions,Footscray,64.47,40.4,98.11,98.5,92.41,101.96,5.78,-3.51,40.0,0.0,87.4,98.5,92.41,101.96,-32.2,-63.2,Home
2012,Hawthorn,Collingwood,62.16,53.29,95.25,98.2,91.49,89.05,3.78,9.22,80.0,60.0,120.2,98.2,91.49,89.05,33.2,-6.6,Home
2012,Adelaide,Sydney,66.23,46.79,94.28,93.13,86.05,83.45,8.23,9.81,80.0,40.0,122.2,93.13,86.05,83.45,36.4,11.0,Away
2012,Geelong,Fremantle,76.58,31.51,100.99,89.34,84.59,96.67,16.57,-7.33,80.0,80.0,111.4,89.34,84.59,96.67,21.4,34.6,Away
2012,West Coast,North Melbourne,65.56,45.64,93.42,95.17,94.52,99.4,-1.12,-4.27,60.0,80.0,85.0,95.17,94.52,99.4,2.4,16.6,Home
2012,Adelaide,Fremantle,65.79,31.97,94.11,89.36,86.0,96.61,8.11,-7.25,60.0,80.0,109.8,89.36,86.0,96.61,29.8,24.8,Home
2012,Collingwood,West Coast,62.82,34.67,98.2,93.64,89.19,94.43,9.07,-0.8,40.0,80.0,79.6,93.64,89.19,94.43,-15.4,34.6,Home
2012,Sydney,Collingwood,65.1,52.94,93.06,98.12,83.31,89.1,9.88,9.08,40.0,40.0,96.2,98.12,83.31,89.1,12.4,-14.4,Home
2012,Hawthorn,Adelaide,62.42,44.67,95.39,94.06,91.51,85.95,3.89,8.12,100.0,60.0,124.0,94.06,91.51,85.95,41.2,26.2,Home
2012,Hawthorn,Sydney,62.67,47.13,95.39,93.07,91.51,83.27,3.89,9.93,100.0,60.0,111.6,93.07,91.51,83.27,27.8,19.2,Away
2013,Adelaide,Essendon,66.01,40.67,94.06,99.72,85.98,98.48,8.07,1.25,60.0,0.0,103.6,99.72,85.98,98.48,27.2,-40.2,Away
2013,Fremantle,West Coast,57.53,34.44,89.3,93.53,96.56,94.36,-7.26,-0.84,80.0,60.0,98.8,93.53,96.56,94.36,28.4,31.0,Home
2013,Carlton,Richmond,42.18,34.48,95.3,88.51,101.03,102.18,-5.78,-13.9,40.0,60.0,103.4,88.51,101.03,102.18,16.6,28.2,Away
2013,Footscray,Brisbane Lions,50.0,40.0,98.38,98.21,102.05,92.3,-3.72,5.99,0.0,60.0,72.0,98.21,102.05,92.3,-61.4,0.8,Home
2013,GWS,Sydney,18.18,47.47,57.73,93.06,125.05,83.26,-67.32,9.93,20.0,60.0,71.4,93.06,125.05,83.26,-35.4,4.8,Away
2013,Gold Coast,St Kilda,13.64,43.05,69.16,93.07,118.34,89.38,-49.18,3.76,40.0,60.0,80.0,93.07,118.34,89.38,-31.0,24.0,Home
2013,Melbourne,Port Adelaide,48.3,39.6,90.89,93.77,102.04,94.79,-11.27,-1.03,40.0,0.0,79.0,93.77,102.04,94.79,-17.6,-33.0,Away
2013,North Melbourne,Collingwood,53.42,52.6,95.07,98.03,99.61,89.12,-4.59,8.96,60.0,40.0,88.2,98.03,99.61,89.12,-13.4,-13.6,Away
2013,Hawthorn,Geelong,62.25,51.68,95.34,100.93,91.51,84.62,3.85,16.46,80.0,60.0,102.0,100.93,91.51,84.62,13.0,17.8,Away
2013,St Kilda,Richmond,59.87,34.93,93.01,88.57,89.38,102.17,3.71,-13.84,60.0,60.0,106.8,88.57,89.38,102.17,22.6,19.6,Away
2013,Sydney,Gold Coast,65.33,13.64,93.1,69.62,83.24,117.42,10.0,-47.8,80.0,60.0,88.4,69.62,83.24,117.42,12.2,-20.0,Home
2013,Footscray,Fremantle,50.34,31.76,98.47,89.36,101.9,96.5,-3.48,-7.14,20.0,80.0,85.2,89.36,101.9,96.5,-37.0,29.6,Away
2013,Brisbane Lions,Adelaide,64.71,44.37,98.08,94.02,92.42,86.09,5.74,7.93,60.0,40.0,92.6,94.02,92.42,86.09,-3.2,6.4,Away
2013,Essendon,Melbourne,60.0,30.41,99.77,90.76,98.43,102.15,1.37,-11.5,20.0,20.0,76.4,90.76,98.43,102.15,-32.4,-41.8,Home
2013,Port Adelaide,GWS,60.78,0.0,93.9,58.52,94.65,124.22,-0.76,-65.7,20.0,0.0,93.8,58.52,94.65,124.22,-10.4,-48.2,Home
2013,Geelong,North Melbourne,76.1,45.33,100.9,95.05,84.63,99.63,16.43,-4.63,80.0,40.0,103.0,95.05,84.63,99.63,20.2,-21.4,Home
2013,Collingwood,Carlton,63.06,39.19,98.04,95.32,89.12,101.04,8.99,-5.78,60.0,40.0,89.4,95.32,89.12,101.04,-0.6,20.0,Home
2013,West Coast,Hawthorn,65.79,44.74,93.49,95.31,94.4,91.51,-0.93,3.81,40.0,60.0,95.8,95.31,94.4,91.51,15.8,10.2,Away
2013,Fremantle,Essendon,57.82,41.06,89.42,100.05,96.44,98.22,-7.02,1.86,80.0,40.0,96.4,100.05,96.44,98.22,24.6,2.0,Away
2013,North Melbourne,Sydney,53.06,47.8,95.09,93.17,99.67,83.2,-4.62,10.1,20.0,100.0,89.0,93.17,99.67,83.2,-28.2,27.2,Away
2013,Melbourne,West Coast,47.97,34.21,90.58,93.5,102.42,94.58,-11.97,-1.09,20.0,20.0,59.0,93.5,102.42,94.58,-66.4,-4.0,Away
2013,GWS,St Kilda,16.67,42.76,59.33,92.98,124.62,89.41,-65.29,3.64,0.0,40.0,65.0,92.98,124.62,89.41,-53.4,14.2,Away
2013,Geelong,Carlton,76.25,38.93,100.94,95.34,84.7,101.1,16.39,-5.82,80.0,20.0,100.8,95.34,84.7,101.1,12.6,9.4,Home
2013,Gold Coast,Brisbane Lions,17.39,39.74,69.7,98.01,117.35,92.43,-47.65,5.66,40.0,60.0,77.6,98.01,117.35,92.43,-34.2,0.2,Away
2013,Richmond,Footscray,40.97,40.13,88.61,98.4,102.1,101.92,-13.73,-3.56,60.0,20.0,97.0,98.4,102.1,101.92,9.0,-28.6,Home
2013,Collingwood,Hawthorn,63.29,45.1,98.11,95.49,89.15,91.53,9.01,3.96,60.0,60.0,92.0,95.49,89.15,91.53,-3.6,15.2,Away
2013,Port Adelaide,Adelaide,61.04,44.74,94.03,94.02,94.6,86.06,-0.57,7.97,40.0,40.0,103.2,94.02,94.6,86.06,15.2,-8.0,Home
2013,Sydney,Geelong,65.56,52.0,93.29,100.99,83.23,84.76,10.19,16.39,100.0,80.0,107.6,100.99,83.23,84.76,29.2,9.0,Away
2013,Hawthorn,Fremantle,61.84,32.21,95.65,89.34,91.53,96.36,4.13,-7.01,60.0,60.0,111.4,89.34,91.53,96.36,18.6,11.6,Home
2013,Richmond,Collingwood,41.38,52.9,88.77,98.08,101.99,89.33,-13.45,8.81,80.0,60.0,109.6,98.08,101.99,89.33,26.8,-7.0,Away
2013,St Kilda,Essendon,59.48,41.45,93.13,99.96,89.34,98.12,3.87,1.87,60.0,60.0,113.6,99.96,89.34,98.12,37.0,22.0,Away
2013,West Coast,Carlton,65.36,38.67,93.77,95.36,94.54,101.16,-0.78,-5.85,40.0,0.0,115.4,95.36,94.54,101.16,19.8,-13.0,Away
2013,Gold Coast,Port Adelaide,16.67,40.0,70.17,94.11,116.85,94.65,-46.68,-0.54,40.0,60.0,83.0,94.11,116.85,94.65,-21.8,26.6,Away
2013,Melbourne,GWS,47.65,0.0,90.55,59.68,102.67,125.24,-12.24,-65.56,0.0,0.0,58.8,59.68,102.67,125.24,-90.2,-62.8,Home
2013,Adelaide,Footscray,65.58,39.87,94.07,98.3,86.16,102.03,7.91,-3.77,40.0,20.0,92.0,98.3,86.16,102.03,-4.0,-25.6,Home
2013,North Melbourne,Brisbane Lions,52.7,40.13,95.08,98.0,99.77,92.43,-4.74,5.65,20.0,60.0,91.6,98.0,99.77,92.43,-25.4,-1.4,Home
2013,Essendon,Collingwood,60.26,53.21,100.05,98.13,98.1,89.3,1.98,8.89,80.0,60.0,114.6,98.13,98.1,89.3,38.4,-2.8,Home
2013,St Kilda,Sydney,59.09,48.12,93.12,93.32,89.47,83.36,3.73,10.09,40.0,80.0,99.2,93.32,89.47,83.36,4.0,19.8,Away
2013,Fremantle,Richmond,57.43,35.37,89.3,88.73,96.43,102.02,-7.13,-13.52,40.0,60.0,85.8,88.73,96.43,102.02,0.0,11.0,Home
2013,GWS,Gold Coast,15.38,13.04,61.35,70.08,125.96,116.58,-64.62,-46.5,0.0,20.0,80.4,70.08,125.96,116.58,-45.4,-31.8,Away
2013,Carlton,Adelaide,41.89,44.44,95.34,94.03,101.04,85.97,-5.75,8.06,20.0,40.0,96.8,94.03,101.04,85.97,-5.8,4.4,Home
2013,Footscray,Geelong,50.0,52.32,98.07,101.07,101.95,84.82,-3.94,16.4,20.0,80.0,72.4,101.07,101.95,84.82,-29.2,6.4,Away
2013,Port Adelaide,West Coast,61.29,34.64,94.14,93.68,94.55,94.52,-0.41,-0.85,80.0,20.0,119.0,93.68,94.55,94.52,36.4,-4.2,Home
2013,Brisbane Lions,Melbourne,64.29,30.2,97.88,90.73,92.53,102.68,5.42,-12.06,40.0,20.0,84.0,90.73,92.53,102.68,-16.2,-68.2,Home
2013,Hawthorn,North Melbourne,62.09,45.03,95.72,95.18,91.48,99.65,4.25,-4.51,60.0,20.0,115.6,95.18,91.48,99.65,26.0,-18.4,Home
2013,Collingwood,St Kilda,62.89,43.14,98.05,93.03,89.4,89.43,8.71,3.67,60.0,20.0,99.6,93.03,89.4,89.43,-6.8,-2.2,Home
2013,Essendon,GWS,60.53,0.0,100.12,62.93,98.02,126.78,2.13,-63.85,100.0,0.0,124.4,62.93,98.02,126.78,54.0,-48.6,Home
2013,North Melbourne,Port Adelaide,53.02,40.4,95.18,94.11,99.64,94.5,-4.51,-0.39,20.0,100.0,101.6,94.11,99.64,94.5,0.2,37.4,Home
2013,Adelaide,Hawthorn,65.81,45.45,93.99,95.73,86.06,91.49,7.93,4.25,40.0,80.0,90.0,95.73,86.06,91.49,-1.0,28.6,Away
2013,Gold Coast,Fremantle,16.0,32.0,71.67,89.27,116.33,96.37,-44.65,-7.1,40.0,60.0,93.8,89.27,116.33,96.37,-4.8,2.2,Away
2013,Richmond,Geelong,41.1,52.63,88.7,101.09,101.95,84.82,-13.48,16.42,60.0,100.0,99.8,101.09,101.95,84.82,10.8,13.8,Away
2013,Sydney,Brisbane Lions,65.13,39.87,93.28,97.96,83.3,92.54,10.11,5.49,80.0,40.0,106.6,97.96,83.3,92.54,21.0,-24.0,Home
2013,Carlton,Melbourne,42.28,30.0,95.41,90.74,100.98,102.74,-5.63,-12.12,40.0,20.0,101.6,90.74,100.98,102.74,3.6,-61.6,Home
2013,West Coast,Footscray,64.94,39.61,93.63,98.03,94.49,101.97,-0.87,-3.99,20.0,20.0,99.8,98.03,94.49,101.97,-2.6,-20.0,Home
2013,Geelong,Essendon,76.4,41.83,101.18,100.19,84.83,97.96,16.51,2.25,100.0,100.0,118.6,100.19,84.83,97.96,21.2,54.8,Home
2013,Port Adelaide,Richmond,61.54,35.14,94.07,88.7,94.5,102.05,-0.43,-13.58,80.0,40.0,104.6,88.7,94.5,102.05,19.6,1.0,Away
2013,Brisbane Lions,West Coast,64.52,34.42,97.82,93.77,92.61,94.4,5.28,-0.63,40.0,40.0,82.0,93.77,92.61,94.4,-22.4,17.0,Away
2013,Footscray,North Melbourne,49.66,44.74,97.93,95.18,102.09,99.59,-4.21,-4.46,0.0,40.0,65.4,95.18,102.09,99.59,-47.6,5.4,Away
2013,Fremantle,Collingwood,57.72,52.87,89.3,98.07,96.23,89.36,-6.93,8.77,60.0,60.0,86.0,98.07,96.23,89.36,5.6,-4.8,Home
2013,Hawthorn,Sydney,62.34,48.45,95.71,93.35,91.45,83.21,4.27,10.27,100.0,80.0,119.8,93.35,91.45,83.21,32.2,27.0,Home
2013,GWS,Adelaide,14.29,44.16,63.57,93.94,126.54,86.07,-62.96,7.86,0.0,40.0,86.8,93.94,126.54,86.07,-50.4,3.8,Away
2013,Melbourne,Gold Coast,48.0,16.67,90.64,71.32,102.8,115.98,-12.28,-44.66,20.0,20.0,83.4,71.32,102.8,115.98,-58.0,-16.4,Away
2013,St Kilda,Carlton,58.71,39.07,92.97,95.49,89.48,100.84,3.57,-5.4,20.0,60.0,90.6,95.49,89.48,100.84,-4.8,16.8,Home
2013,West Coast,North Melbourne,65.16,45.1,93.82,95.36,94.36,99.58,-0.55,-4.26,60.0,60.0,113.2,95.36,94.36,99.58,32.2,17.0,Home
2013,Essendon,Brisbane Lions,60.78,39.61,100.14,97.77,98.01,92.66,2.15,5.18,80.0,40.0,105.2,97.77,98.01,92.66,19.6,-23.8,Away
2013,Hawthorn,GWS,62.58,0.0,95.78,63.17,91.42,128.62,4.38,-65.45,100.0,0.0,114.0,63.17,91.42,128.62,29.6,-66.2,Home
2013,Gold Coast,Footscray,15.38,39.35,72.16,97.92,114.76,102.25,-42.61,-4.38,40.0,0.0,94.8,97.92,114.76,102.25,3.8,-52.8,Home
2013,Collingwood,Geelong,63.12,52.94,97.99,101.22,89.39,84.83,8.66,16.54,40.0,100.0,90.8,101.22,89.39,84.83,-13.6,26.0,Home
2013,Sydney,Fremantle,65.36,32.45,93.31,89.34,83.32,96.16,10.12,-6.82,60.0,60.0,102.0,89.34,83.32,96.16,11.4,5.4,Draw
2013,Carlton,Port Adelaide,42.67,40.13,95.4,94.01,100.76,94.56,-5.41,-0.56,60.0,60.0,99.2,94.01,100.76,94.56,18.4,0.2,Home
2013,Richmond,Melbourne,40.82,29.8,88.78,90.52,101.95,102.84,-13.4,-12.44,40.0,20.0,99.0,90.52,101.95,102.84,5.8,-40.4,Home
2013,Adelaide,St Kilda,65.38,42.86,94.24,92.92,85.96,89.41,8.27,3.59,40.0,40.0,107.4,92.92,85.96,89.41,27.0,0.4,Home
2013,Collingwood,Sydney,63.35,48.15,98.0,93.24,89.41,83.28,8.65,10.12,60.0,40.0,93.2,93.24,89.41,83.28,-1.4,3.6,Away
2013,Port Adelaide,Geelong,61.15,52.6,94.0,101.2,94.61,84.89,-0.62,16.47,40.0,80.0,87.0,101.2,94.61,84.89,-5.2,21.6,Away
2013,GWS,West Coast,13.33,34.84,62.97,93.81,129.0,94.34,-66.03,-0.54,0.0,60.0,79.4,93.81,129.0,94.34,-68.4,13.8,Away
2013,St Kilda,Footscray,58.97,39.1,92.77,97.8,89.4,102.22,3.44,-4.47,20.0,0.0,71.0,97.8,89.4,102.22,-22.0,-45.8,Away
2013,Brisbane Lions,Carlton,64.1,38.82,97.77,95.45,92.64,100.73,5.19,-5.34,40.0,80.0,83.4,95.45,92.64,100.73,-22.2,25.2,Away
2013,Richmond,Essendon,41.22,41.56,88.84,100.09,101.85,98.01,-13.23,2.11,40.0,60.0,93.2,100.09,101.85,98.01,-0.8,16.8,Away
2013,Hawthorn,Gold Coast,62.82,20.0,95.93,72.56,91.31,113.73,4.63,-41.17,100.0,60.0,113.0,72.56,91.31,113.73,35.2,10.6,Home
2013,North Melbourne,Adelaide,53.33,44.52,95.34,94.21,99.55,85.84,-4.26,8.38,60.0,60.0,110.6,94.21,99.55,85.84,24.4,36.8,Away
2013,Fremantle,Melbourne,58.0,29.61,89.27,90.46,96.07,102.85,-6.82,-12.51,60.0,20.0,85.2,90.46,96.07,102.85,6.2,-28.4,Home
2013,Brisbane Lions,Collingwood,63.69,52.53,97.72,97.87,92.66,89.45,5.13,8.47,40.0,40.0,88.0,97.87,92.66,89.45,-12.2,-17.6,Away
2013,Carlton,GWS,43.05,0.0,95.45,62.71,100.68,129.84,-5.28,-67.13,80.0,0.0,102.2,62.71,100.68,129.84,23.0,-80.2,Home
2013,Adelaide,Fremantle,65.61,32.24,94.31,89.41,85.96,95.88,8.35,-6.5,60.0,80.0,112.0,89.41,85.96,95.88,26.6,32.6,Away
2013,Sydney,Essendon,64.94,41.94,93.26,100.06,83.19,97.89,10.24,2.2,60.0,60.0,89.6,100.06,83.19,97.89,17.2,15.2,Home
2013,Footscray,Port Adelaide,49.33,39.87,97.84,93.91,102.21,94.68,-4.43,-0.77,20.0,20.0,84.2,93.91,102.21,94.68,-33.6,-22.4,Home
2013,Geelong,Gold Coast,76.54,19.23,101.25,72.92,84.83,113.81,16.57,-40.89,80.0,60.0,112.6,72.92,84.83,113.81,27.0,13.0,Home
2013,Melbourne,Hawthorn,47.68,45.81,90.29,96.0,102.94,91.31,-12.77,4.7,0.0,100.0,64.0,96.0,102.94,91.31,-54.6,32.0,Away
2013,North Melbourne,St Kilda,52.98,42.58,95.43,92.8,99.63,89.46,-4.25,3.4,40.0,20.0,110.4,92.8,99.63,89.46,11.6,-16.4,Home
2013,West Coast,Richmond,65.38,35.57,94.0,88.75,94.21,101.82,-0.21,-13.29,80.0,40.0,113.8,88.75,94.21,101.82,38.6,0.2,Away
2013,Essendon,Carlton,60.39,39.22,99.97,95.63,97.95,100.52,2.05,-4.95,40.0,80.0,90.6,95.63,97.95,100.52,-2.8,35.4,Home
2013,GWS,Geelong,12.5,52.9,62.44,101.32,130.41,84.79,-67.97,16.69,0.0,80.0,59.8,101.32,130.41,84.79,-90.2,33.2,Away
2013,Adelaide,Sydney,65.19,48.47,94.2,93.33,85.9,83.15,8.3,10.35,60.0,60.0,107.2,93.33,85.9,83.15,31.6,22.8,Away
2013,Gold Coast,North Melbourne,18.52,44.81,72.89,95.55,113.98,99.52,-41.09,-4.01,40.0,60.0,84.8,95.55,113.98,99.52,-6.2,25.8,Home
2013,St Kilda,West Coast,58.6,35.26,92.71,93.9,89.6,94.24,3.17,-0.35,20.0,80.0,73.4,93.9,89.6,94.24,-26.8,31.4,Away
2013,Melbourne,Collingwood,47.37,52.83,90.15,97.88,103.07,89.33,-13.04,8.6,0.0,60.0,54.8,97.88,103.07,89.33,-68.0,1.4,Away
2013,Carlton,Hawthorn,43.42,46.15,95.55,96.15,100.45,91.17,-4.95,4.99,60.0,100.0,99.0,96.15,100.45,91.17,22.2,50.4,Away
2013,Richmond,Adelaide,40.94,44.87,88.8,94.06,101.68,86.03,-13.1,8.03,60.0,60.0,94.4,94.06,101.68,86.03,8.6,18.4,Home
2013,Fremantle,Brisbane Lions,58.28,40.0,89.33,97.58,95.76,92.68,-6.45,4.96,80.0,20.0,93.0,97.58,95.76,92.68,33.8,-27.6,Home
2013,Essendon,Gold Coast,60.65,18.52,99.89,72.76,97.86,112.84,2.06,-40.07,40.0,60.0,82.0,72.76,97.86,112.84,-9.6,5.8,Home
2013,GWS,Port Adelaide,11.76,39.61,63.52,93.8,131.21,94.59,-67.7,-0.8,0.0,0.0,63.2,93.8,131.21,94.59,-94.2,-25.2,Away
2013,Collingwood,Footscray,62.96,39.49,97.95,97.74,89.17,102.07,8.83,-4.38,60.0,40.0,90.4,97.74,89.17,102.07,12.8,-27.6,Home
2013,Hawthorn,West Coast,63.06,35.67,96.17,93.87,91.16,94.2,5.02,-0.33,100.0,80.0,124.4,93.87,91.16,94.2,51.2,18.2,Home
2013,Port Adelaide,Sydney,60.76,48.78,93.9,93.44,94.44,83.05,-0.55,10.56,20.0,60.0,83.0,93.44,94.44,83.05,-8.2,26.2,Home
2013,St Kilda,Melbourne,58.23,29.41,92.67,89.99,89.59,103.13,3.15,-13.27,20.0,0.0,74.0,89.99,89.59,103.13,-22.4,-72.4,Home
2013,Footscray,Richmond,49.67,36.0,97.64,88.87,102.06,101.58,-4.48,-12.93,40.0,80.0,80.0,88.87,102.06,101.58,-20.4,25.0,Away
2013,Fremantle,North Melbourne,58.55,44.52,89.32,95.41,95.6,99.41,-6.3,-4.04,80.0,40.0,90.4,95.41,95.6,99.41,32.8,20.8,Home
2013,Brisbane Lions,Geelong,63.29,53.21,97.41,101.49,92.66,84.83,4.81,16.82,20.0,80.0,72.0,101.49,92.66,84.83,-23.6,36.2,Home
2013,West Coast,Essendon,64.97,41.67,93.9,99.94,94.29,97.78,-0.39,2.19,60.0,60.0,98.8,99.94,94.29,97.78,9.0,4.6,Away
2013,Sydney,Carlton,65.16,38.96,93.32,95.52,83.01,100.45,10.47,-4.98,60.0,60.0,93.6,95.52,83.01,100.45,30.0,21.0,Home
2013,Gold Coast,Adelaide,21.43,44.59,72.75,93.99,112.88,86.1,-40.12,7.89,40.0,40.0,78.8,93.99,112.88,86.1,-14.8,-16.2,Away
2013,Port Adelaide,Collingwood,61.01,53.12,93.83,97.95,94.32,89.1,-0.49,8.91,40.0,80.0,82.8,97.95,94.32,89.1,3.6,25.0,Home
2013,Melbourne,Footscray,47.06,39.24,89.92,97.52,103.13,102.12,-13.35,-4.66,0.0,40.0,53.6,97.52,103.13,102.12,-67.4,-21.6,Home
2013,Geelong,Fremantle,76.69,32.68,101.48,89.25,84.89,95.38,16.75,-6.15,60.0,80.0,118.0,89.25,84.89,95.38,29.6,35.0,Home
2013,Hawthorn,Brisbane Lions,63.29,39.74,96.25,97.43,91.2,92.68,5.07,4.81,100.0,40.0,125.2,97.43,91.2,92.68,47.8,-17.4,Home
2013,North Melbourne,GWS,53.29,0.0,95.19,63.12,99.31,131.03,-4.15,-67.91,20.0,0.0,85.0,63.12,99.31,131.03,2.4,-82.2,Home
2013,Richmond,St Kilda,41.33,42.31,88.98,92.71,101.45,89.52,-12.68,3.25,80.0,20.0,100.4,92.71,101.45,89.52,28.8,-17.2,Home
2013,Carlton,Collingwood,43.14,52.8,95.35,97.81,100.34,89.09,-5.04,8.77,40.0,60.0,89.6,97.81,100.34,89.09,13.0,16.8,Away
2013,GWS,Footscray,11.11,38.99,62.57,97.53,131.0,102.12,-68.43,-4.65,0.0,40.0,60.2,97.53,131.0,102.12,-82.8,-15.8,Away
2013,North Melbourne,Richmond,53.59,36.42,95.3,89.08,99.13,101.29,-3.86,-12.42,40.0,80.0,93.4,89.08,99.13,101.29,20.0,34.8,Home
2013,Brisbane Lions,Gold Coast,63.52,17.86,97.39,72.93,92.84,112.84,4.61,-39.91,20.0,20.0,74.0,72.93,92.84,112.84,-31.0,-26.8,Home
2013,Adelaide,West Coast,64.78,35.44,94.04,93.89,86.09,94.3,7.95,-0.42,40.0,40.0,83.4,93.89,86.09,94.3,-18.6,7.2,Away
2013,Geelong,Hawthorn,76.83,46.5,101.43,96.4,84.76,91.18,16.83,5.24,80.0,100.0,115.8,96.4,84.76,91.18,39.0,42.8,Home
2013,Melbourne,Sydney,47.4,48.48,89.96,93.23,103.12,82.89,-13.29,10.5,20.0,80.0,59.8,93.23,103.12,82.89,-60.0,34.4,Away
2013,Fremantle,St Kilda,58.82,42.04,89.1,92.59,95.35,89.61,-6.27,3.03,80.0,20.0,78.6,92.59,95.35,89.61,26.8,-22.0,Home
2013,Essendon,Port Adelaide,60.9,40.0,99.94,93.8,97.76,94.18,2.21,-0.38,80.0,60.0,90.4,93.8,97.76,94.18,8.0,14.2,Home
2013,Collingwood,Adelaide,63.19,44.94,97.87,93.97,89.05,86.06,8.87,7.91,80.0,20.0,98.0,93.97,89.05,86.06,34.4,-20.0,Home
2013,Port Adelaide,Hawthorn,61.25,46.2,93.78,96.32,94.25,91.15,-0.47,5.19,60.0,80.0,85.8,96.32,94.25,91.15,17.8,35.6,Away
2013,Geelong,Melbourne,76.97,29.22,101.37,89.94,84.72,103.17,16.81,-13.35,80.0,20.0,109.0,89.94,84.72,103.17,31.4,-48.2,Home
2013,Richmond,Gold Coast,41.72,17.24,89.0,73.1,101.38,112.9,-12.59,-39.79,80.0,20.0,103.8,73.1,101.38,112.9,28.2,-28.2,Home
2013,Carlton,St Kilda,42.86,41.77,95.29,92.52,100.39,89.65,-5.15,2.93,20.0,20.0,85.4,92.52,100.39,89.65,2.2,-26.2,Home
2013,Brisbane Lions,North Melbourne,63.75,44.23,97.45,95.41,92.8,99.02,4.7,-3.64,40.0,60.0,80.2,95.41,92.8,99.02,-21.8,32.6,Home
2013,Sydney,GWS,65.38,0.0,93.3,63.14,82.89,129.78,10.57,-66.64,80.0,0.0,95.4,63.14,82.89,129.78,31.2,-63.6,Home
2013,Footscray,Essendon,49.34,42.04,97.49,99.99,102.06,97.73,-4.63,2.3,40.0,80.0,76.0,99.99,102.06,97.73,-16.8,8.2,Away
2013,West Coast,Fremantle,64.56,32.47,93.83,89.14,94.22,95.27,-0.39,-6.15,40.0,80.0,83.0,89.14,94.22,95.27,-11.6,14.8,Away
2013,North Melbourne,Carlton,53.9,38.71,95.44,95.34,99.08,100.31,-3.67,-5.02,40.0,20.0,88.6,95.34,99.08,100.31,16.6,-9.4,Away
2013,Hawthorn,Footscray,63.52,39.38,96.41,97.47,91.11,102.12,5.32,-4.71,80.0,20.0,112.8,97.47,91.11,102.12,25.6,-24.8,Home
2013,GWS,Essendon,10.53,42.41,62.57,100.06,130.89,97.7,-68.32,2.39,0.0,100.0,63.4,100.06,130.89,97.7,-70.6,23.2,Away
2013,Gold Coast,Collingwood,20.69,53.09,72.61,97.91,111.88,89.04,-39.27,8.93,20.0,80.0,69.6,97.91,111.88,89.04,-19.6,30.0,Home
2013,Melbourne,Brisbane Lions,47.1,39.49,89.75,97.51,103.15,92.84,-13.53,4.73,20.0,60.0,65.2,97.51,103.15,92.84,-42.8,-9.6,Away
2013,St Kilda,Port Adelaide,58.49,39.74,92.46,93.74,89.71,94.35,2.8,-0.61,20.0,60.0,76.6,93.74,89.71,94.35,-19.8,10.6,Away
2013,Richmond,Fremantle,42.11,32.9,88.88,89.24,101.19,95.26,-12.52,-6.04,80.0,80.0,93.8,89.24,101.19,95.26,21.8,19.0,Home
2013,Adelaide,Geelong,64.38,52.87,93.93,101.36,86.14,84.55,7.8,16.97,20.0,80.0,77.2,101.36,86.14,84.55,-24.0,34.6,Home
2013,West Coast,Sydney,64.15,48.8,93.83,93.54,94.31,82.77,-0.48,10.94,40.0,80.0,89.2,93.54,94.31,82.77,-9.0,48.2,Away
2013,Essendon,Hawthorn,61.15,46.54,100.11,96.4,97.64,91.06,2.51,5.36,100.0,80.0,113.6,96.4,97.64,91.06,30.0,26.4,Away
2013,Gold Coast,Carlton,23.33,39.1,72.82,95.38,111.32,100.33,-38.5,-5.0,20.0,40.0,73.4,95.38,111.32,100.33,-21.2,-8.2,Away
2013,Melbourne,North Melbourne,46.79,43.95,89.7,95.48,103.12,99.11,-13.55,-3.66,20.0,40.0,72.4,95.48,103.12,99.11,-30.0,19.4,Away
2013,Collingwood,GWS,63.41,0.0,97.85,62.95,89.02,130.5,8.88,-67.55,60.0,0.0,91.4,62.95,89.02,130.5,12.0,-66.6,Home
2013,Fremantle,Adelaide,59.09,44.65,89.14,93.93,95.22,86.16,-6.11,7.78,60.0,40.0,77.8,93.93,95.22,86.16,5.6,-8.2,Home
2013,Geelong,St Kilda,77.11,41.51,101.33,92.46,84.58,89.73,16.91,2.78,60.0,20.0,91.0,92.46,84.58,89.73,22.4,-20.0,Home
2013,Port Adelaide,Brisbane Lions,60.87,39.87,93.75,97.5,94.34,92.79,-0.6,4.77,60.0,80.0,84.4,97.5,94.34,92.79,-3.4,2.2,Home
2013,Footscray,West Coast,49.02,35.85,97.4,93.78,102.1,94.36,-4.76,-0.59,20.0,20.0,82.8,93.78,102.1,94.36,-21.8,-16.6,Home
2013,Sydney,Richmond,65.61,36.18,93.6,88.87,82.76,101.05,11.01,-12.39,80.0,80.0,103.8,88.87,82.76,101.05,39.6,19.6,Home
2013,North Melbourne,Geelong,53.55,52.53,95.65,101.44,98.88,84.43,-3.26,17.17,60.0,80.0,124.2,101.44,98.88,84.43,51.4,43.6,Home
2013,GWS,Melbourne,10.0,29.03,63.03,89.51,129.87,103.27,-66.85,-13.9,0.0,20.0,62.4,89.51,129.87,103.27,-59.6,-47.4,Home
2013,Hawthorn,Richmond,63.75,35.95,96.55,88.78,91.05,101.08,5.52,-12.5,80.0,60.0,115.4,88.78,91.05,101.08,33.6,-1.8,Away
2013,West Coast,Gold Coast,63.75,16.67,93.77,72.89,94.42,111.46,-0.66,-38.57,20.0,20.0,85.4,72.89,94.42,111.46,-17.0,-21.2,Home
2013,Carlton,Fremantle,43.23,32.69,95.46,89.09,100.26,95.09,-4.84,-6.02,60.0,60.0,91.8,89.09,100.26,95.09,3.4,2.4,Away
2013,Brisbane Lions,St Kilda,63.98,41.25,97.39,92.28,92.72,89.88,4.73,2.45,60.0,0.0,94.8,92.28,92.72,89.88,-0.6,-47.2,Home
2013,Footscray,Sydney,49.35,49.1,97.44,93.65,102.06,82.7,-4.67,11.12,40.0,100.0,92.8,93.65,102.06,82.7,-5.4,52.6,Away
2013,Adelaide,Port Adelaide,64.6,40.13,93.81,93.68,86.12,94.24,7.69,-0.57,40.0,60.0,82.2,93.68,86.12,94.24,-5.0,-5.2,Away
2013,Collingwood,Essendon,63.64,42.77,97.88,100.07,88.95,97.78,8.98,2.32,60.0,80.0,92.8,100.07,88.95,97.78,13.2,10.2,Home
2013,St Kilda,Hawthorn,58.13,46.88,92.23,96.45,89.94,91.1,2.34,5.37,0.0,60.0,69.8,96.45,89.94,91.1,-40.6,13.8,Away
2013,Richmond,Brisbane Lions,42.48,39.62,88.84,97.42,100.96,92.67,-12.32,4.81,60.0,80.0,74.6,97.42,100.96,92.67,-6.4,17.2,Home
2013,Geelong,Port Adelaide,77.25,40.51,101.39,93.72,84.47,94.27,17.08,-0.55,60.0,60.0,99.0,93.72,84.47,94.27,33.4,-11.4,Home
2013,Carlton,Footscray,42.95,39.13,95.41,97.45,100.31,102.16,-4.95,-4.77,60.0,40.0,99.2,97.45,100.31,102.16,0.6,-11.8,Away
2013,Sydney,Collingwood,65.82,52.76,93.77,97.98,82.75,88.85,11.2,9.19,100.0,80.0,128.8,97.98,82.75,88.85,55.2,36.0,Away
2013,Gold Coast,Melbourne,22.58,28.85,73.53,89.5,111.76,103.34,-38.23,-13.97,20.0,0.0,80.4,89.5,111.76,103.34,-19.0,-55.4,Home
2013,Essendon,West Coast,60.76,35.62,99.92,93.88,97.89,94.47,2.06,-0.6,60.0,40.0,99.2,93.88,97.89,94.47,-7.0,-12.2,Away
2013,Adelaide,North Melbourne,64.2,44.3,93.84,95.66,86.19,98.84,7.65,-3.22,20.0,60.0,80.6,95.66,86.19,98.84,-11.4,36.2,Home
2013,Fremantle,GWS,59.35,0.0,89.18,64.55,95.04,128.8,-5.88,-64.25,80.0,20.0,93.8,64.55,95.04,128.8,17.8,-35.0,Home
2013,Hawthorn,Collingwood,63.35,53.05,96.47,97.99,90.99,88.79,5.5,9.25,80.0,80.0,106.0,97.99,90.99,88.79,25.0,33.6,Home
2013,Richmond,Carlton,42.86,39.49,88.87,95.39,100.88,100.36,-12.21,-5.02,80.0,60.0,80.8,95.39,100.88,100.36,10.6,3.2,Away
2013,Port Adelaide,Gold Coast,61.11,16.13,93.75,73.79,94.37,111.21,-0.63,-37.41,60.0,40.0,91.6,73.79,94.37,111.21,-10.4,-9.8,Home
2013,Essendon,North Melbourne,60.38,44.03,99.82,95.57,97.96,98.78,1.89,-3.23,40.0,40.0,89.0,95.57,97.96,98.78,-23.6,22.0,Away
2013,West Coast,Geelong,63.98,52.2,93.96,101.48,94.39,84.53,-0.43,17.11,40.0,60.0,102.2,101.48,94.39,84.53,-2.8,36.4,Away
2013,Brisbane Lions,GWS,64.2,0.0,97.35,64.05,92.68,129.49,4.72,-65.44,60.0,20.0,91.0,64.05,92.68,129.49,6.0,-56.8,Home
2013,Melbourne,Fremantle,46.5,33.12,89.46,89.39,103.29,94.88,-13.97,-5.5,0.0,80.0,59.4,89.39,103.29,94.88,-51.8,34.4,Away
2013,Sydney,St Kilda,65.41,40.99,93.7,92.12,82.8,89.98,11.07,2.19,80.0,0.0,119.8,92.12,82.8,89.98,43.2,-43.8,Home
2013,Footscray,Adelaide,49.03,44.38,97.51,93.79,102.12,86.14,-4.66,7.65,40.0,40.0,98.6,93.79,102.12,86.14,-7.0,-8.4,Home
2013,Collingwood,West Coast,63.86,36.02,97.95,93.8,88.89,94.43,9.12,-0.64,60.0,40.0,100.2,93.8,88.89,94.43,21.2,-10.4,Home
2013,Adelaide,Melbourne,64.42,28.66,93.85,89.3,86.27,103.39,7.58,-14.23,40.0,0.0,88.6,89.3,86.27,103.39,-6.4,-57.2,Home
2013,North Melbourne,Hawthorn,53.85,47.2,95.64,96.54,98.69,90.97,-3.08,5.59,60.0,80.0,107.8,96.54,98.69,90.97,33.4,23.0,Away
2013,Geelong,Sydney,77.38,49.4,101.49,93.78,84.39,82.73,17.26,11.22,60.0,80.0,110.2,93.78,84.39,82.73,36.0,29.2,Home
2013,Carlton,Essendon,42.68,42.5,95.43,99.73,100.35,98.01,-4.97,1.74,60.0,20.0,100.8,99.73,100.35,98.01,-2.0,-38.8,Away
2013,Fremantle,Port Adelaide,59.62,40.25,89.53,93.81,94.69,94.38,-5.18,-0.57,80.0,80.0,107.6,93.81,94.69,94.38,47.8,2.0,Home
2013,St Kilda,Gold Coast,57.76,15.62,92.02,74.14,90.06,111.23,1.99,-37.09,0.0,40.0,64.0,74.14,90.06,111.23,-48.4,-11.4,Home
2013,GWS,Richmond,14.29,36.36,64.02,88.89,129.33,100.89,-65.31,-12.2,20.0,60.0,74.8,88.89,129.33,100.89,-43.0,6.8,Away
2013,Brisbane Lions,Footscray,64.42,39.51,97.43,97.62,92.59,102.15,4.9,-4.6,60.0,60.0,92.2,97.62,92.59,102.15,15.6,2.6,Home
2013,Sydney,Hawthorn,65.62,47.53,93.64,96.6,82.75,91.01,11.05,5.62,60.0,80.0,96.2,96.6,82.75,91.01,13.6,22.0,Away
2013,St Kilda,Fremantle,58.02,33.54,92.09,89.67,90.0,94.58,2.13,-4.93,20.0,100.0,68.8,89.67,90.0,94.58,-38.2,68.0,Home
2013,Geelong,Brisbane Lions,77.51,39.38,101.47,97.44,84.28,92.59,17.34,4.9,80.0,60.0,110.2,97.44,84.28,92.59,45.2,13.2,Home
2013,Port Adelaide,Carlton,61.35,39.87,93.71,95.36,94.5,100.29,-0.8,-4.97,60.0,40.0,91.0,95.36,94.5,100.29,-13.8,-3.4,Away
2013,Essendon,Richmond,60.0,36.77,99.67,89.13,97.94,100.7,1.75,-11.76,20.0,60.0,72.0,89.13,97.94,100.7,-45.4,25.6,Away
2013,West Coast,Adelaide,63.58,44.1,93.63,93.93,94.45,86.17,-0.83,7.76,40.0,40.0,83.8,93.93,94.45,86.17,-16.0,6.8,Away
2013,Gold Coast,GWS,25.0,0.0,74.08,63.51,111.31,130.12,-37.23,-66.6,20.0,20.0,89.2,63.51,111.31,130.12,-22.0,-59.4,Home
2013,Collingwood,North Melbourne,64.07,44.38,97.95,95.66,88.73,98.74,9.28,-3.11,80.0,60.0,104.8,95.66,88.73,98.74,35.0,30.8,Away
2013,Footscray,Melbourne,49.36,28.48,97.6,89.18,102.15,103.44,-4.6,-14.4,60.0,0.0,110.2,89.18,102.15,103.44,5.0,-67.0,Home
2013,Hawthorn,Sydney,63.58,49.11,96.65,93.66,91.03,82.84,5.64,10.98,80.0,40.0,103.2,93.66,91.03,82.84,13.2,1.8,Home
2013,Geelong,Fremantle,77.65,33.33,101.5,89.52,84.36,94.64,17.29,-5.14,80.0,80.0,105.2,89.52,84.36,94.64,25.2,49.4,Away
2013,Collingwood,Port Adelaide,63.69,40.0,98.0,93.73,88.84,94.53,9.21,-0.8,60.0,40.0,106.4,93.73,88.84,94.53,24.8,-15.8,Away
2013,Richmond,Carlton,42.58,40.25,89.18,95.39,100.59,100.3,-11.6,-4.96,80.0,40.0,113.4,95.39,100.59,100.3,42.8,-11.8,Away
2013,Geelong,Port Adelaide,77.19,40.37,101.41,93.71,84.37,94.43,17.19,-0.73,80.0,40.0,102.4,93.71,84.37,94.43,24.2,-11.8,Home
2013,Sydney,Carlton,65.22,40.62,93.53,95.46,82.91,100.29,10.78,-4.88,20.0,60.0,77.6,95.46,82.91,100.29,-16.0,-0.6,Home
2013,Hawthorn,Geelong,63.8,52.5,96.68,101.39,90.91,84.36,5.78,17.19,100.0,80.0,111.0,101.39,90.91,84.36,32.2,22.4,Home
2013,Fremantle,Sydney,59.87,48.82,89.51,93.51,94.57,82.85,-5.07,10.82,80.0,40.0,110.4,93.51,94.57,82.85,45.2,-5.4,Home
2013,Hawthorn,Fremantle,64.02,33.75,96.69,89.54,90.93,94.5,5.78,-4.98,100.0,80.0,111.0,89.54,90.93,94.5,24.0,27.6,Home
2014,Collingwood,Fremantle,63.31,33.54,97.9,89.45,88.84,94.45,9.11,-5.01,40.0,60.0,92.4,89.45,88.84,94.45,4.2,5.6,Away
2014,GWS,Sydney,13.64,48.54,63.5,93.45,130.48,82.89,-66.98,10.71,20.0,20.0,67.2,93.45,130.48,82.89,-68.0,-22.2,Home
2014,Gold Coast,Richmond,27.27,37.18,75.17,89.2,110.58,100.64,-35.41,-11.63,40.0,60.0,103.0,89.2,110.58,100.64,3.2,30.6,Home
2014,Carlton,Port Adelaide,42.41,40.12,95.35,93.67,100.24,94.44,-4.94,-0.77,60.0,40.0,92.8,93.67,100.24,94.44,0.2,-10.0,Away
2014,Geelong,Adelaide,77.33,44.44,101.38,94.04,84.41,86.04,17.12,8.0,60.0,60.0,93.8,94.04,84.41,86.04,8.2,28.4,Home
2014,North Melbourne,Essendon,53.5,42.86,95.75,99.57,98.79,97.96,-3.07,1.62,60.0,20.0,101.8,99.57,98.79,97.96,8.6,-42.0,Away
2014,Hawthorn,Brisbane Lions,64.24,39.13,96.63,97.48,90.84,92.65,5.81,4.88,100.0,60.0,102.6,97.48,90.84,92.65,20.0,14.8,Home
2014,St Kilda,Melbourne,58.28,28.3,92.15,89.17,89.85,103.45,2.35,-14.42,40.0,0.0,84.0,89.17,89.85,103.45,-3.8,-46.6,Home
2014,West Coast,Footscray,63.19,39.26,93.47,97.63,94.55,102.1,-1.09,-4.53,40.0,60.0,74.6,97.63,94.55,102.1,-28.8,4.6,Home
2014,Richmond,Carlton,42.31,40.37,89.13,95.32,100.59,100.3,-11.65,-5.03,40.0,40.0,105.6,95.32,100.59,100.3,22.4,-8.4,Home
2014,Essendon,Hawthorn,59.63,47.85,99.56,96.76,97.85,90.84,1.74,5.94,40.0,100.0,76.6,96.76,97.85,90.84,-18.4,26.8,Away
2014,St Kilda,GWS,58.54,0.0,92.08,64.29,89.73,129.07,2.39,-64.78,60.0,20.0,82.2,64.29,89.73,129.07,5.8,-69.0,Home
2014,Port Adelaide,Adelaide,60.98,44.17,93.75,94.0,94.42,86.14,-0.67,7.86,40.0,60.0,90.0,94.0,94.42,86.14,-6.8,21.6,Home
2014,Sydney,Collingwood,65.43,52.73,93.37,97.74,82.94,88.92,10.58,8.88,20.0,20.0,75.6,97.74,82.94,88.92,-19.8,-15.6,Away
2014,Fremantle,Gold Coast,60.13,15.15,89.54,75.34,94.3,109.96,-4.77,-34.61,60.0,60.0,81.0,75.34,94.3,109.96,4.8,10.2,Home
2014,Brisbane Lions,Geelong,64.63,52.17,97.46,101.43,92.79,84.4,4.72,17.18,40.0,60.0,99.8,101.43,92.79,84.4,-1.0,7.0,Away
2014,Melbourne,West Coast,46.2,35.8,89.05,93.6,103.34,94.48,-14.43,-0.89,0.0,40.0,61.0,93.6,103.34,94.48,-42.6,-19.2,Away
2014,Footscray,North Melbourne,49.68,44.72,97.54,95.64,102.2,98.79,-4.72,-3.18,60.0,40.0,103.4,95.64,102.2,98.79,-1.4,-1.2,Away
2014,Hawthorn,Fremantle,64.46,33.95,96.74,89.53,90.83,94.12,5.93,-4.61,100.0,80.0,102.6,89.53,90.83,94.12,25.2,28.6,Home
2014,Adelaide,Sydney,64.63,48.26,93.94,93.3,86.26,82.96,7.67,10.49,40.0,20.0,103.4,93.3,86.26,82.96,9.0,-21.4,Away
2014,Footscray,Richmond,49.37,36.94,97.41,89.16,102.14,100.55,-4.79,-11.57,40.0,60.0,90.8,89.16,102.14,100.55,-12.8,26.8,Home
2014,Gold Coast,Brisbane Lions,29.41,38.89,74.81,97.37,109.62,92.8,-34.81,4.63,40.0,40.0,87.6,97.37,109.62,92.8,-2.0,-1.4,Home
2014,Collingwood,Geelong,62.94,52.47,97.72,101.41,88.86,84.35,8.91,17.21,40.0,60.0,82.6,101.41,88.86,84.35,-4.6,11.8,Away
2014,West Coast,St Kilda,63.41,40.74,93.69,92.09,94.28,89.72,-0.6,2.41,40.0,80.0,76.0,92.09,94.28,89.72,-11.2,16.4,Home
2014,GWS,Melbourne,17.39,28.12,64.8,88.87,128.33,103.4,-63.52,-14.67,20.0,0.0,71.0,88.87,128.33,103.4,-47.8,-58.6,Home
2014,North Melbourne,Port Adelaide,53.16,40.49,95.6,93.85,98.65,94.35,-3.08,-0.5,60.0,60.0,97.2,93.85,98.65,94.35,6.4,18.8,Home
2014,Essendon,Carlton,59.26,40.12,99.52,95.3,97.82,100.3,1.72,-5.05,40.0,40.0,80.4,95.3,97.82,100.3,-8.6,-9.6,Home
2014,Richmond,Collingwood,42.68,53.01,89.19,97.65,100.55,88.85,-11.54,8.85,40.0,20.0,93.0,97.65,100.55,88.85,2.2,-19.2,Away
2014,Carlton,Melbourne,42.14,27.95,95.18,88.73,100.41,103.32,-5.29,-14.73,20.0,0.0,81.6,88.73,100.41,103.32,-26.0,-46.0,Away
2014,Port Adelaide,Brisbane Lions,61.21,38.65,93.84,97.26,94.36,92.86,-0.52,4.45,60.0,20.0,100.8,97.26,94.36,92.86,17.6,-24.0,Home
2014,GWS,Footscray,20.83,39.02,65.11,97.41,126.6,102.13,-61.49,-4.77,40.0,40.0,74.2,97.41,126.6,102.13,-29.4,-15.8,Away
2014,Geelong,West Coast,77.46,36.2,101.36,93.65,84.33,94.17,17.19,-0.52,80.0,60.0,98.4,93.65,84.33,94.17,17.0,7.0,Home
2014,Gold Coast,Hawthorn,31.43,48.17,75.38,96.86,108.91,90.79,-33.54,6.09,60.0,100.0,91.2,96.86,108.91,90.79,12.0,26.0,Away
2014,Sydney,North Melbourne,65.03,45.06,93.42,95.6,82.93,98.63,10.65,-3.05,40.0,60.0,86.0,95.6,82.93,98.63,2.0,-1.2,Away
2014,St Kilda,Adelaide,58.79,43.9,91.98,93.87,89.7,86.41,2.32,7.46,80.0,40.0,89.8,93.87,89.7,86.41,23.2,-0.2,Away
2014,Fremantle,Essendon,60.38,43.21,89.5,99.64,94.26,97.7,-4.78,1.97,60.0,60.0,88.6,99.64,94.26,97.7,14.0,16.6,Home
2014,Brisbane Lions,Richmond,64.24,36.71,97.1,89.14,93.06,100.58,4.09,-11.62,0.0,20.0,75.4,89.14,93.06,100.58,-48.0,-13.2,Away
2014,Collingwood,North Melbourne,62.57,45.4,97.69,95.59,88.8,98.47,8.94,-2.91,40.0,80.0,76.8,95.59,88.8,98.47,-9.4,10.2,Home
2014,Sydney,Fremantle,64.63,33.74,93.28,89.57,82.95,94.15,10.49,-4.6,20.0,60.0,78.4,89.57,82.95,94.15,-11.4,19.6,Home
2014,Essendon,St Kilda,59.51,40.49,99.52,91.86,97.74,89.84,1.8,2.05,40.0,60.0,89.6,91.86,97.74,89.84,4.8,-3.2,Away
2014,West Coast,Port Adelaide,63.64,40.24,93.47,94.04,94.21,94.21,-0.75,-0.17,60.0,60.0,83.0,94.04,94.21,94.21,4.4,35.4,Away
2014,Adelaide,GWS,64.24,0.0,93.99,65.48,86.3,126.25,7.7,-60.77,40.0,40.0,98.0,65.48,86.3,126.25,3.4,-10.6,Home
2014,Melbourne,Gold Coast,45.91,14.71,88.71,75.0,103.18,109.47,-14.61,-34.47,20.0,60.0,59.2,75.0,103.18,109.47,-27.8,1.4,Away
2014,Footscray,Carlton,49.69,39.88,97.45,95.06,102.07,100.35,-4.67,-5.34,60.0,0.0,88.0,95.06,102.07,100.35,-9.0,-34.6,Away
2014,Geelong,Hawthorn,77.59,48.48,101.38,97.02,84.17,90.67,17.36,6.37,80.0,100.0,100.6,97.02,84.17,90.67,28.8,44.8,Home
2014,Collingwood,Essendon,62.79,42.94,97.68,99.41,88.71,97.69,9.01,1.74,60.0,40.0,82.8,99.41,88.71,97.69,2.4,9.4,Home
2014,St Kilda,Brisbane Lions,58.43,38.41,91.82,97.0,89.77,93.1,2.09,3.94,60.0,0.0,70.4,97.0,89.77,93.1,-14.2,-56.4,Away
2014,Fremantle,North Melbourne,60.62,45.12,89.52,95.47,94.15,98.45,-4.63,-3.01,60.0,60.0,94.0,95.47,94.15,98.45,19.2,1.0,Away
2014,Gold Coast,GWS,30.56,0.0,75.15,65.61,109.03,126.47,-33.87,-60.86,60.0,40.0,75.0,65.61,109.03,126.47,-13.6,-7.0,Home
2014,Carlton,West Coast,41.88,35.98,95.14,93.35,100.32,94.13,-5.24,-0.79,20.0,60.0,81.4,93.35,100.32,94.13,-24.2,18.8,Home
2014,Melbourne,Sydney,45.62,48.55,88.68,93.28,103.13,82.93,-14.59,10.51,20.0,40.0,57.4,93.28,103.13,82.93,-25.4,-3.0,Away
2014,Footscray,Adelaide,49.38,44.24,97.43,94.12,102.12,86.25,-4.74,7.87,40.0,40.0,84.8,94.12,102.12,86.25,-18.6,-0.8,Away
2014,Richmond,Hawthorn,42.41,48.19,89.19,96.99,100.46,90.71,-11.45,6.3,40.0,80.0,88.6,96.99,100.46,90.71,-0.6,38.0,Away
2014,Port Adelaide,Geelong,61.45,52.76,93.97,101.39,94.1,84.18,-0.13,17.37,80.0,100.0,113.2,101.39,94.1,84.18,41.4,33.6,Home
2014,Carlton,Collingwood,42.24,53.29,95.13,97.63,100.29,88.63,-5.21,9.06,40.0,80.0,82.4,97.63,100.29,88.63,-17.0,21.0,Away
2014,Hawthorn,St Kilda,64.67,40.85,97.05,91.79,90.6,89.75,6.47,2.08,80.0,40.0,116.0,91.79,90.6,89.75,41.6,-18.2,Home
2014,GWS,Port Adelaide,20.0,40.61,66.18,94.01,126.62,94.02,-60.44,-0.01,20.0,80.0,83.2,94.01,126.62,94.02,-21.4,42.8,Away
2014,Adelaide,Melbourne,64.46,28.4,94.12,88.52,86.24,103.02,7.87,-14.64,60.0,20.0,101.8,88.52,86.24,103.02,8.6,-28.2,Away
2014,Essendon,Footscray,59.15,39.39,99.29,97.39,97.65,102.09,1.67,-4.76,20.0,40.0,81.8,97.39,97.65,102.09,-3.0,-7.4,Home
2014,Brisbane Lions,Sydney,63.86,48.85,96.95,93.21,93.06,82.79,3.94,10.57,20.0,60.0,64.0,93.21,93.06,82.79,-46.2,9.6,Away
2014,North Melbourne,Gold Coast,53.46,17.14,95.41,75.97,98.34,108.82,-2.96,-32.85,80.0,60.0,80.6,75.97,98.34,108.82,11.4,-9.2,Away
2014,Geelong,Richmond,77.71,37.11,101.29,89.07,84.25,100.51,17.2,-11.62,80.0,40.0,92.0,89.07,84.25,100.51,18.0,-10.2,Home
2014,West Coast,Fremantle,63.25,33.54,93.34,89.44,94.13,94.08,-0.8,-4.66,40.0,40.0,76.6,89.44,94.13,94.08,5.2,2.6,Away
2014,Sydney,Hawthorn,64.85,48.5,93.29,97.28,82.68,90.41,10.77,6.89,80.0,80.0,93.2,97.28,82.68,90.41,29.4,69.8,Home
2014,Port Adelaide,Fremantle,61.68,33.94,94.12,89.39,94.02,93.96,0.1,-4.59,80.0,40.0,111.6,89.39,94.02,93.96,39.0,-3.2,Home
2014,Brisbane Lions,Essendon,63.47,42.68,96.79,99.21,93.15,97.55,3.69,1.69,20.0,40.0,59.2,99.21,93.15,97.55,-57.0,-0.6,Away
2014,Melbourne,Footscray,45.34,39.16,88.46,97.29,102.91,102.0,-14.59,-4.77,40.0,40.0,62.8,97.29,102.91,102.0,-9.0,-3.2,Away
2014,West Coast,GWS,62.87,0.0,93.22,66.78,94.06,126.73,-0.85,-59.94,20.0,20.0,62.8,66.78,94.06,126.73,-17.2,-27.0,Home
2014,St Kilda,Carlton,58.08,40.24,91.6,95.05,90.0,100.3,1.63,-5.3,20.0,40.0,59.6,95.05,90.0,100.3,-48.6,-21.4,Away
2014,Adelaide,Collingwood,64.07,53.57,94.04,97.65,86.2,88.57,7.84,9.13,60.0,80.0,100.6,97.65,86.2,88.57,18.8,23.8,Home
2014,Essendon,Sydney,59.39,49.14,99.11,93.33,97.42,82.7,1.71,10.8,40.0,80.0,64.6,93.33,97.42,82.7,-15.2,20.6,Away
2014,Richmond,Melbourne,42.14,28.83,89.03,88.45,100.45,102.9,-11.6,-14.59,20.0,40.0,80.8,88.45,100.45,102.9,-13.6,-5.8,Away
2014,North Melbourne,Brisbane Lions,53.12,38.79,95.35,96.67,98.4,93.06,-3.08,3.65,60.0,20.0,79.4,96.67,98.4,93.06,-3.0,-48.0,Home
2014,Fremantle,Geelong,60.25,52.44,89.35,101.23,93.96,84.22,-4.63,17.16,40.0,80.0,79.6,101.23,93.96,84.22,4.8,14.0,Home
2014,St Kilda,Gold Coast,57.74,19.44,91.53,76.58,90.04,108.38,1.52,-31.81,20.0,80.0,61.8,76.58,90.04,108.38,-50.0,9.0,Away
2014,Geelong,North Melbourne,77.84,45.45,101.12,95.44,84.26,98.22,17.01,-2.8,60.0,60.0,85.0,95.44,84.26,98.22,5.4,13.0,Home
2014,GWS,Richmond,19.23,36.88,66.98,88.98,127.9,100.42,-60.92,-11.62,0.0,20.0,84.6,88.98,127.9,100.42,-55.6,-16.6,Away
2014,Collingwood,West Coast,63.01,35.76,97.53,93.5,88.54,94.01,9.04,-0.51,80.0,20.0,89.0,93.5,88.54,94.01,21.8,0.0,Home
2014,Port Adelaide,Hawthorn,61.9,48.21,94.12,97.26,93.97,90.46,0.15,6.81,100.0,60.0,112.4,97.26,93.97,90.46,44.0,54.4,Home
2014,Gold Coast,Footscray,32.43,39.52,77.23,97.3,108.09,101.94,-30.86,-4.7,80.0,40.0,102.8,97.3,108.09,101.94,6.0,-0.4,Home
2014,Carlton,Adelaide,41.98,44.58,95.07,93.98,100.2,86.1,-5.19,7.88,60.0,80.0,88.0,93.98,100.2,86.1,1.2,35.6,Home
2014,Sydney,Geelong,65.06,52.12,93.39,101.15,82.64,84.28,10.91,17.02,100.0,60.0,101.0,101.15,82.64,84.28,39.2,-5.6,Home
2014,St Kilda,Collingwood,57.4,53.25,91.52,97.56,90.14,88.57,1.4,9.04,20.0,80.0,69.2,97.56,90.14,88.57,-40.4,15.8,Away
2014,Melbourne,Port Adelaide,45.06,40.96,88.45,94.14,102.81,93.95,-14.49,0.19,40.0,100.0,72.0,94.14,102.81,93.95,-7.0,24.2,Away
2014,Brisbane Lions,Carlton,63.1,40.61,96.5,95.02,93.16,100.13,3.38,-5.15,20.0,80.0,56.8,95.02,93.16,100.13,-42.8,6.8,Home
2014,Essendon,Richmond,59.04,37.27,99.0,89.19,97.47,100.24,1.55,-11.22,40.0,40.0,65.4,89.19,97.47,100.24,-14.6,13.6,Home
2014,Adelaide,Gold Coast,64.29,21.62,93.93,77.79,86.09,107.64,7.84,-29.85,60.0,100.0,89.6,77.79,86.09,107.64,17.4,34.8,Home
2014,Footscray,Fremantle,49.07,33.73,97.22,89.37,101.99,93.87,-4.83,-4.52,20.0,40.0,82.4,89.37,101.99,93.87,-14.8,0.6,Away
2014,Hawthorn,GWS,64.88,0.0,97.22,66.49,90.49,128.4,6.75,-61.91,40.0,0.0,110.8,66.49,90.49,128.4,31.8,-72.8,Home
2014,West Coast,North Melbourne,63.1,45.18,93.53,95.43,94.06,98.26,-0.53,-2.85,20.0,40.0,97.6,95.43,94.06,98.26,13.4,0.4,Away
2014,Geelong,Carlton,77.97,40.36,100.97,95.01,84.46,100.12,16.65,-5.16,40.0,60.0,72.2,95.01,84.46,100.12,-31.4,-0.2,Home
2014,Hawthorn,West Coast,65.09,35.54,97.21,93.38,90.48,94.02,6.75,-0.65,60.0,20.0,112.2,93.38,90.48,94.02,37.0,8.6,Home
2014,Port Adelaide,St Kilda,62.13,40.61,94.14,91.41,93.89,90.29,0.25,1.14,100.0,0.0,105.6,91.41,93.89,90.29,25.4,-60.8,Home
2014,GWS,Essendon,18.52,43.03,66.87,99.02,127.76,97.34,-60.89,1.7,0.0,60.0,79.2,99.02,127.76,97.34,-61.2,-1.4,Away
2014,Footscray,Brisbane Lions,48.77,38.55,97.08,96.5,101.95,93.15,-4.93,3.39,20.0,40.0,74.4,96.5,101.95,93.15,-16.8,-32.8,Away
2014,Gold Coast,Sydney,34.21,49.43,77.78,93.55,107.66,82.51,-29.88,11.21,80.0,100.0,115.0,93.55,107.66,82.51,26.8,57.8,Away
2014,Fremantle,Adelaide,60.49,44.31,89.36,93.97,93.74,86.06,-4.39,7.91,60.0,60.0,79.0,93.97,93.74,86.06,11.6,10.8,Home
2014,North Melbourne,Richmond,53.42,37.04,95.39,89.08,98.09,100.25,-2.73,-11.35,60.0,20.0,89.8,89.08,98.09,100.25,15.0,-5.0,Home
2014,Melbourne,Collingwood,44.79,53.53,88.41,97.68,102.79,88.47,-14.51,9.26,40.0,80.0,71.4,97.68,102.79,88.47,-9.4,26.0,Away
2014,Carlton,Hawthorn,42.33,47.93,95.03,97.29,100.15,90.45,-5.16,6.86,40.0,60.0,89.0,97.29,100.15,90.45,-1.8,32.6,Away
2014,Richmond,Fremantle,41.88,34.13,89.07,89.37,100.3,93.61,-11.4,-4.25,20.0,80.0,89.2,89.37,100.3,93.61,2.6,22.2,Away
2014,Sydney,Port Adelaide,65.27,41.32,93.6,94.24,82.49,93.79,11.28,0.46,100.0,100.0,120.2,94.24,82.49,93.79,58.6,31.4,Home
2014,West Coast,Gold Coast,62.72,21.05,93.34,77.73,94.11,107.68,-0.78,-29.95,20.0,60.0,93.2,77.73,94.11,107.68,0.4,11.8,Home
2014,Adelaide,North Melbourne,64.5,45.51,93.84,95.45,86.07,98.06,7.77,-2.63,40.0,60.0,75.6,95.45,86.07,98.06,1.0,18.0,Home
2014,Brisbane Lions,GWS,63.31,0.0,96.5,66.85,93.13,126.91,3.4,-60.05,40.0,0.0,66.4,66.85,93.13,126.91,-31.8,-56.2,Away
2014,Geelong,St Kilda,78.09,40.36,100.99,91.31,84.51,90.4,16.62,0.92,60.0,0.0,80.2,91.31,84.51,90.4,-22.4,-74.2,Home
2014,Collingwood,Footscray,63.22,39.29,97.58,97.05,88.3,101.93,9.33,-4.94,80.0,20.0,93.8,97.05,88.3,101.93,28.0,-16.6,Away
2014,Essendon,Melbourne,59.28,29.27,98.96,88.23,97.25,102.66,1.74,-14.57,80.0,40.0,77.4,88.23,97.25,102.66,6.2,-9.8,Away
2014,Richmond,Sydney,41.61,49.72,89.06,93.61,100.31,82.52,-11.43,11.26,20.0,100.0,91.0,93.61,100.31,82.52,-0.4,43.6,Away
2014,Port Adelaide,Footscray,62.35,39.64,94.24,97.08,93.8,101.92,0.45,-4.9,80.0,40.0,102.4,97.08,93.8,101.92,23.6,-13.4,Home
2014,Hawthorn,Collingwood,65.29,53.8,97.35,97.58,90.45,88.35,6.92,9.28,60.0,60.0,101.8,97.58,90.45,88.35,9.2,19.6,Home
2014,Gold Coast,Geelong,33.33,51.81,78.01,101.08,107.62,84.38,-29.6,16.85,40.0,60.0,99.0,101.08,107.62,84.38,2.6,-4.2,Home
2014,Essendon,Adelaide,58.93,44.05,98.9,93.89,97.19,86.03,1.73,7.86,60.0,60.0,78.2,93.89,97.19,86.03,4.4,8.8,Home
2014,Fremantle,Brisbane Lions,60.74,38.92,89.41,96.45,93.58,93.23,-4.18,3.26,80.0,40.0,91.2,96.45,93.58,93.23,22.4,-25.0,Home
2014,GWS,Carlton,17.86,40.12,67.89,95.02,126.07,100.2,-58.18,-5.23,20.0,40.0,79.2,95.02,126.07,100.2,-40.2,-0.6,Home
2014,St Kilda,West Coast,57.06,35.33,91.15,93.36,90.53,94.12,0.63,-0.77,0.0,40.0,61.2,93.36,90.53,94.12,-64.4,4.8,Away
2014,Melbourne,North Melbourne,44.51,45.24,88.2,95.38,102.58,98.09,-14.52,-2.74,40.0,60.0,71.0,95.38,102.58,98.09,-10.2,19.4,Away
2014,Geelong,Essendon,78.21,43.37,101.01,98.9,84.47,97.18,16.68,1.75,60.0,60.0,93.4,98.9,84.47,97.18,-5.8,4.6,Home
2014,Hawthorn,Gold Coast,65.5,20.51,97.4,78.52,90.43,107.24,6.99,-28.72,80.0,40.0,107.2,78.52,90.43,107.24,18.8,3.0,Home
2014,St Kilda,Richmond,56.73,36.81,91.09,88.94,90.57,100.19,0.53,-11.42,0.0,20.0,61.4,88.94,90.57,100.19,-64.6,0.8,Away
2014,Fremantle,West Coast,60.98,35.71,89.46,93.39,93.36,94.05,-3.92,-0.67,100.0,40.0,97.0,93.39,93.36,94.05,42.6,-10.8,Home
2014,Brisbane Lions,North Melbourne,62.94,45.56,96.23,95.42,93.26,98.0,3.0,-2.6,40.0,60.0,66.6,95.42,93.26,98.0,-40.0,10.2,Home
2014,Sydney,GWS,65.48,3.57,93.52,68.46,82.43,125.47,11.26,-57.02,100.0,40.0,106.2,68.46,82.43,125.47,42.0,-16.4,Home
2014,Footscray,Melbourne,48.47,29.7,96.96,88.13,102.0,102.6,-5.1,-14.6,20.0,40.0,74.8,88.13,102.0,102.6,-31.0,-15.2,Home
2014,Adelaide,Port Adelaide,64.71,41.07,93.88,94.34,86.08,93.69,7.81,0.66,40.0,80.0,87.2,94.34,86.08,93.69,2.8,34.4,Home
2014,Collingwood,Carlton,62.86,39.88,97.54,95.01,88.43,100.2,9.17,-5.24,60.0,20.0,98.8,95.01,88.43,100.2,18.0,-8.6,Home
2014,North Melbourne,Hawthorn,53.7,48.24,95.33,97.46,97.91,90.35,-2.61,7.12,60.0,100.0,88.8,97.46,97.91,90.35,13.4,32.2,Home
2014,Richmond,Brisbane Lions,41.36,38.69,89.03,96.15,100.11,93.18,-11.25,3.0,20.0,60.0,79.0,96.15,100.11,93.18,-13.0,-21.8,Home
2014,GWS,Adelaide,20.69,43.79,68.31,93.9,125.14,86.05,-56.83,7.85,40.0,60.0,87.6,93.9,125.14,86.05,-3.0,8.4,Away
2014,Gold Coast,Collingwood,35.0,53.49,78.32,97.53,107.35,88.39,-29.02,9.19,20.0,60.0,86.4,97.53,107.35,88.39,-16.6,19.4,Home
2014,Port Adelaide,Essendon,62.57,43.11,94.29,98.85,93.7,97.15,0.59,1.72,60.0,60.0,104.4,98.85,93.7,97.15,27.0,12.8,Away
2014,Melbourne,Fremantle,44.24,34.52,88.12,89.46,102.56,93.33,-14.57,-3.88,20.0,100.0,66.4,89.46,102.56,93.33,-19.8,37.6,Away
2014,Carlton,St Kilda,42.07,40.12,94.95,91.03,100.17,90.65,-5.27,0.39,0.0,0.0,90.2,91.03,100.17,90.65,-12.6,-65.8,Home
2014,West Coast,Sydney,62.94,50.0,93.36,93.56,94.04,82.36,-0.68,11.36,40.0,100.0,82.0,93.56,94.04,82.36,-10.6,41.2,Away
2014,Geelong,Footscray,78.33,39.41,100.98,96.94,84.46,101.95,16.66,-5.07,60.0,40.0,89.0,96.94,84.46,101.95,-8.0,-20.8,Home
2014,Adelaide,Hawthorn,64.91,47.95,94.03,97.43,86.01,90.41,8.03,7.04,60.0,80.0,98.0,97.43,86.01,90.41,15.6,26.8,Away
2014,Melbourne,Geelong,43.98,51.5,87.96,100.89,102.55,84.38,-14.72,16.65,20.0,80.0,58.2,100.89,102.55,84.38,-28.4,16.6,Away
2014,North Melbourne,St Kilda,53.99,39.88,95.37,90.96,97.88,90.82,-2.54,0.14,60.0,0.0,94.0,90.96,97.88,90.82,9.8,-65.6,Home
2014,Footscray,Gold Coast,48.78,20.0,96.82,78.35,101.85,106.95,-5.09,-28.6,40.0,40.0,79.2,78.35,101.85,106.95,-15.8,-9.2,Home
2014,Sydney,Carlton,65.68,39.64,93.51,95.12,82.27,100.07,11.41,-4.99,100.0,20.0,90.8,95.12,82.27,100.07,24.8,5.8,Home
2014,Brisbane Lions,West Coast,63.16,35.5,96.03,93.23,93.14,93.99,2.92,-0.77,40.0,40.0,64.2,93.23,93.14,93.99,-28.2,-8.6,Away
2014,Richmond,Port Adelaide,41.72,40.83,89.0,94.19,99.97,93.61,-11.14,0.58,40.0,40.0,84.0,94.19,99.97,93.61,2.0,22.6,Home
2014,Essendon,Collingwood,59.17,53.18,98.74,97.46,97.04,88.37,1.72,9.15,60.0,40.0,80.2,97.46,97.04,88.37,3.2,1.2,Home
2014,Fremantle,GWS,61.21,3.45,89.48,68.37,93.15,125.39,-3.68,-57.02,100.0,40.0,97.0,68.37,93.15,125.39,42.6,-15.2,Home
2014,Carlton,North Melbourne,42.42,45.29,94.99,95.36,100.13,97.69,-5.19,-2.35,20.0,60.0,92.0,95.36,100.13,97.69,-7.4,16.0,Home
2014,St Kilda,Fremantle,56.4,34.91,90.79,89.62,90.83,93.05,-0.04,-3.44,0.0,100.0,55.8,89.62,90.83,93.05,-63.4,49.8,Home
2014,GWS,Geelong,20.0,51.79,68.23,100.89,125.57,84.24,-57.33,16.79,40.0,80.0,83.4,100.89,125.57,84.24,-27.4,28.8,Away
2014,Port Adelaide,Melbourne,62.21,29.52,94.22,87.8,93.7,102.54,0.52,-14.88,20.0,20.0,92.8,87.8,93.7,102.54,4.6,-35.0,Home
2014,Footscray,Essendon,49.09,43.45,96.81,98.75,101.74,96.87,-4.99,1.9,60.0,60.0,80.6,98.75,101.74,96.87,-8.6,13.0,Away
2014,West Coast,Richmond,62.57,37.2,93.18,89.11,93.9,99.99,-0.73,-11.04,60.0,60.0,82.8,89.11,93.9,99.99,2.6,11.6,Away
2014,Brisbane Lions,Gold Coast,62.79,19.51,95.93,78.2,93.09,106.79,2.88,-28.6,20.0,40.0,58.0,78.2,93.09,106.79,-32.2,-7.8,Home
2014,Hawthorn,Sydney,65.7,50.28,97.45,93.6,90.41,82.18,7.06,11.58,80.0,100.0,108.2,93.6,90.41,82.18,20.4,32.0,Home
2014,Collingwood,Adelaide,63.07,44.12,97.29,94.03,88.41,86.06,8.94,7.97,20.0,60.0,77.8,94.03,88.41,86.06,-18.2,21.2,Away
2014,Fremantle,Carlton,61.45,39.41,89.53,95.03,93.12,100.09,-3.61,-5.11,80.0,40.0,97.2,95.03,93.12,100.09,34.2,2.8,Home
2014,Sydney,Essendon,65.88,43.79,93.6,98.76,82.25,96.86,11.52,1.92,80.0,80.0,92.6,98.76,82.25,96.86,29.2,14.6,Home
2014,Adelaide,West Coast,64.53,35.88,94.04,93.03,86.05,93.8,7.99,-0.78,60.0,40.0,104.2,93.03,86.05,93.8,17.2,-1.4,Away
2014,Richmond,GWS,42.07,3.33,89.02,68.54,99.81,125.05,-10.96,-56.51,80.0,20.0,86.4,68.54,99.81,125.05,19.0,-37.8,Home
2014,North Melbourne,Geelong,54.27,52.07,95.33,100.87,97.72,84.25,-2.42,16.76,60.0,80.0,91.8,100.87,97.72,84.25,18.6,11.0,Away
2014,Gold Coast,St Kilda,36.59,39.64,77.93,90.87,106.83,90.74,-28.9,0.13,40.0,20.0,76.6,90.87,106.83,90.74,-18.0,-32.6,Home
2014,Melbourne,Brisbane Lions,43.71,38.46,87.75,95.97,102.45,92.98,-14.84,3.03,0.0,40.0,58.0,95.97,102.45,92.98,-35.8,-12.4,Away
2014,Hawthorn,Footscray,65.9,39.18,97.47,96.8,90.42,101.74,7.07,-5.0,80.0,40.0,105.4,96.8,90.42,101.74,16.8,-11.6,Home
2014,Collingwood,Port Adelaide,62.71,40.59,97.25,94.16,88.44,93.63,8.87,0.53,20.0,40.0,74.6,94.16,88.44,93.63,-19.8,6.0,Home
2014,Richmond,Essendon,42.42,43.53,89.02,98.64,99.7,96.81,-10.84,1.85,100.0,60.0,94.0,98.64,99.7,96.81,26.6,8.4,Home
2014,GWS,North Melbourne,19.35,45.03,68.44,95.28,124.47,97.76,-56.03,-2.5,0.0,40.0,68.2,95.28,124.47,97.76,-44.8,4.0,Away
2014,Carlton,Gold Coast,42.77,19.05,94.98,78.39,100.04,106.32,-5.11,-27.93,40.0,40.0,93.0,78.39,100.04,106.32,3.4,-15.4,Home
2014,Hawthorn,Melbourne,66.09,29.34,97.49,87.64,90.29,102.37,7.23,-14.86,80.0,0.0,103.8,87.64,90.29,102.37,23.4,-32.2,Home
2014,Geelong,Fremantle,78.45,34.71,100.9,89.51,84.23,93.08,16.81,-3.58,100.0,80.0,93.0,89.51,84.23,93.08,25.4,18.6,Home
2014,Port Adelaide,Sydney,62.43,50.0,94.09,93.56,93.58,82.17,0.51,11.55,20.0,80.0,76.8,93.56,93.58,82.17,-9.6,31.4,Away
2014,Brisbane Lions,Adelaide,63.01,44.44,95.91,94.07,92.86,86.19,3.09,7.88,60.0,60.0,74.4,94.07,92.86,86.19,8.8,12.8,Away
2014,St Kilda,Footscray,56.65,38.95,90.79,96.65,90.81,101.76,-0.02,-5.17,20.0,40.0,70.8,96.65,90.81,101.76,-36.6,-9.6,Away
2014,West Coast,Collingwood,62.21,52.87,93.16,97.19,93.83,88.38,-0.68,8.86,40.0,40.0,77.2,97.19,93.83,88.38,-1.8,-12.8,Home
2014,Carlton,Geelong,43.11,52.35,94.99,100.84,99.92,84.22,-4.98,16.77,60.0,100.0,97.2,100.84,99.92,84.22,14.2,24.0,Away
2014,Sydney,St Kilda,66.08,39.41,93.53,90.81,82.11,90.9,11.59,-0.09,80.0,20.0,91.6,90.81,82.11,90.9,27.4,-32.4,Home
2014,Gold Coast,Port Adelaide,38.1,40.35,78.15,93.98,106.21,93.55,-28.06,0.43,40.0,20.0,75.4,93.98,106.21,93.55,-12.6,-10.2,Away
2014,Essendon,West Coast,59.41,36.26,98.57,93.25,96.8,93.75,1.79,-0.5,60.0,60.0,80.0,93.25,96.8,93.75,6.6,11.6,Home
2014,Adelaide,Richmond,64.16,37.58,94.28,89.04,86.12,99.63,8.16,-10.75,60.0,100.0,120.6,89.04,86.12,99.63,29.2,21.4,Away
2014,Collingwood,Brisbane Lions,62.92,38.82,97.1,95.81,88.49,93.08,8.66,2.77,20.0,40.0,67.6,95.81,88.49,93.08,-27.8,-13.0,Away
2014,North Melbourne,Footscray,53.94,39.31,95.37,96.72,97.62,101.75,-2.27,-5.09,60.0,40.0,98.2,96.72,97.62,101.75,19.8,-6.2,Home
2014,Melbourne,GWS,43.45,3.23,87.57,68.16,102.4,124.49,-14.97,-56.33,0.0,0.0,51.0,68.16,102.4,124.49,-41.0,-50.6,Away
2014,Fremantle,Hawthorn,61.68,48.26,89.48,97.54,93.04,90.22,-3.58,7.35,60.0,80.0,91.0,97.54,93.04,90.22,16.8,22.8,Home
2014,Port Adelaide,Carlton,62.07,39.18,93.87,94.93,93.42,99.86,0.46,-4.98,40.0,40.0,72.4,94.93,93.42,99.86,-8.0,-4.0,Home
2014,North Melbourne,Adelaide,54.22,44.77,95.42,94.21,97.51,86.1,-2.12,8.11,60.0,40.0,98.8,94.21,97.51,86.1,25.8,13.6,Home
2014,Essendon,Gold Coast,59.65,18.6,98.51,77.79,96.74,105.63,1.79,-27.84,60.0,20.0,83.0,77.79,96.74,105.63,6.8,-15.4,Home
2014,GWS,Collingwood,18.75,52.57,68.62,96.99,123.08,88.59,-54.45,8.45,20.0,20.0,71.6,96.99,123.08,88.59,-24.2,-40.2,Away
2014,Hawthorn,Geelong,66.29,52.63,97.53,100.79,90.27,84.2,7.27,16.73,80.0,100.0,104.2,100.79,90.27,84.2,23.0,22.6,Home
2014,West Coast,Melbourne,62.43,29.17,93.2,87.41,93.7,102.39,-0.51,-15.12,60.0,0.0,90.8,87.41,93.7,102.39,16.6,-41.2,Home
2014,Brisbane Lions,Fremantle,62.64,34.5,95.89,89.54,92.97,93.04,2.96,-3.51,60.0,60.0,86.8,89.54,92.97,93.04,5.4,8.0,Away
2014,Footscray,Sydney,48.8,50.28,96.62,93.62,101.78,82.03,-5.22,11.76,40.0,80.0,83.2,93.62,101.78,82.03,-13.6,36.0,Away
2014,Richmond,St Kilda,42.77,39.18,89.01,90.71,99.54,91.01,-10.69,-0.3,100.0,20.0,89.6,90.71,99.54,91.01,18.4,-29.6,Home
2014,Collingwood,Hawthorn,62.57,47.98,96.92,97.52,88.53,90.22,8.44,7.32,40.0,80.0,71.0,97.52,88.53,90.22,-25.8,25.2,Away
2014,Carlton,Essendon,42.86,43.27,94.76,98.54,99.98,96.71,-5.27,1.84,40.0,60.0,79.4,98.54,99.98,96.71,-10.4,-2.2,Draw
2014,Fremantle,Port Adelaide,61.9,40.7,89.59,94.01,92.91,93.26,-3.33,0.76,60.0,60.0,87.6,94.01,92.91,93.26,4.4,16.6,Home
2014,Sydney,Richmond,66.28,37.95,93.73,89.04,81.99,99.45,11.91,-10.58,80.0,100.0,102.8,89.04,81.99,99.45,34.4,19.6,Away
2014,Geelong,Brisbane Lions,78.57,39.18,100.7,95.75,84.22,93.01,16.62,2.78,80.0,60.0,87.8,95.75,84.22,93.01,4.8,-3.8,Home
2014,North Melbourne,Melbourne,54.49,28.99,95.43,87.31,97.5,102.44,-2.09,-15.27,60.0,0.0,100.6,87.31,97.5,102.44,15.4,-41.2,Home
2014,Gold Coast,West Coast,37.21,36.05,77.92,93.27,105.66,93.59,-27.74,-0.32,20.0,60.0,73.4,93.27,105.66,93.59,-13.6,27.4,Away
2014,Adelaide,St Kilda,63.79,38.95,94.21,90.66,86.15,91.03,8.06,-0.38,40.0,20.0,106.8,90.66,86.15,91.03,14.6,-23.0,Home
2014,Footscray,GWS,48.5,6.25,96.53,68.6,101.86,122.34,-5.39,-53.74,20.0,20.0,77.8,68.6,101.86,122.34,-31.8,-10.6,Away
2014,Hawthorn,Geelong,66.48,52.33,97.58,100.82,90.12,84.21,7.48,16.75,80.0,80.0,105.6,100.82,90.12,84.21,36.2,15.8,Home
2014,Sydney,Fremantle,65.9,34.88,93.65,89.63,81.95,92.92,11.86,-3.29,80.0,80.0,97.0,89.63,81.95,92.92,35.8,17.6,Home
2014,North Melbourne,Essendon,54.76,43.02,95.51,98.51,97.49,96.69,-1.99,1.84,80.0,40.0,108.0,98.51,97.49,96.69,26.0,-3.6,Home
2014,Port Adelaide,Richmond,62.29,38.32,94.01,88.97,93.29,99.35,0.73,-10.53,40.0,100.0,84.2,88.97,93.29,99.35,14.4,16.8,Home
2014,Geelong,North Melbourne,78.69,45.35,100.73,95.51,84.27,97.44,16.6,-1.95,60.0,100.0,89.0,95.51,84.27,97.44,2.2,34.8,Away
2014,Fremantle,Port Adelaide,62.13,40.46,89.57,94.12,92.92,93.24,-3.35,0.89,60.0,60.0,93.8,94.12,92.92,93.24,11.8,27.0,Away
2014,Sydney,North Melbourne,66.09,45.66,93.64,95.51,81.91,97.43,11.9,-1.93,80.0,100.0,99.8,95.51,81.91,97.43,36.2,21.0,Home
2014,Hawthorn,Port Adelaide,66.67,40.8,97.6,94.15,90.06,93.21,7.57,0.95,80.0,80.0,105.0,94.15,90.06,93.21,31.0,36.6,Home
2014,Sydney,Hawthorn,66.29,48.28,93.76,97.6,81.87,90.07,12.07,7.55,80.0,80.0,110.2,97.6,81.87,90.07,45.2,21.6,Away
2015,Carlton,Richmond,42.6,38.1,94.74,88.93,99.95,99.45,-5.27,-10.68,20.0,80.0,75.6,88.93,99.95,99.45,-15.0,0.0,Away
2015,Melbourne,Gold Coast,43.2,18.18,87.32,78.16,102.5,106.17,-15.31,-28.01,0.0,20.0,59.2,78.16,102.5,106.17,-46.6,-13.2,Home
2015,Sydney,Essendon,65.91,42.77,93.71,98.46,82.02,96.68,11.85,1.8,60.0,40.0,99.6,98.46,82.02,96.68,18.4,-1.6,Home
2015,Brisbane Lions,Collingwood,62.29,52.84,95.71,96.81,93.15,88.62,2.59,8.24,40.0,40.0,77.8,96.81,93.15,88.62,-27.0,-35.6,Away
2015,Footscray,West Coast,48.21,36.42,96.57,93.44,101.9,93.6,-5.39,-0.17,20.0,80.0,80.8,93.44,101.9,93.6,-31.6,41.2,Home
2015,St Kilda,GWS,56.32,9.09,90.58,69.3,91.17,122.14,-0.61,-52.83,0.0,40.0,70.6,69.3,91.17,122.14,-50.4,-8.0,Away
2015,Adelaide,North Melbourne,64.0,45.4,94.34,95.43,86.08,97.54,8.27,-2.13,40.0,80.0,115.4,95.43,86.08,97.54,27.2,-3.2,Home
2015,Fremantle,Port Adelaide,61.76,40.57,89.55,94.15,92.95,93.22,-3.41,0.94,60.0,60.0,94.6,94.15,92.95,93.22,7.8,34.2,Home
2015,Hawthorn,Geelong,66.85,52.02,97.71,100.71,90.02,84.31,7.71,16.54,100.0,40.0,110.6,100.71,90.02,84.31,38.0,0.6,Home
2015,West Coast,Carlton,62.64,38.95,93.42,94.7,93.61,99.97,-0.19,-5.33,60.0,20.0,111.4,94.7,93.61,99.97,33.0,-19.4,Home
2015,Richmond,Footscray,43.11,39.08,88.98,96.57,99.38,101.85,-10.56,-5.35,80.0,40.0,85.0,96.57,99.38,101.85,1.8,-17.2,Away
2015,GWS,Melbourne,18.18,28.82,69.57,87.41,121.48,102.46,-51.91,-15.19,60.0,20.0,83.6,87.41,121.48,102.46,-0.8,-36.8,Home
2015,Collingwood,Adelaide,62.22,44.51,96.78,94.48,88.58,86.01,8.25,8.46,40.0,60.0,67.8,94.48,88.58,86.01,-34.4,48.8,Away
2015,Gold Coast,St Kilda,36.36,38.73,78.28,90.54,106.27,91.16,-27.99,-0.63,0.0,0.0,76.4,90.54,106.27,91.16,-29.0,-41.6,Away
2015,Port Adelaide,Sydney,62.5,50.55,94.08,93.65,93.17,81.96,0.92,11.85,40.0,60.0,99.2,93.65,93.17,81.96,12.2,8.2,Away
2015,Geelong,Fremantle,78.26,34.68,100.59,89.51,84.42,92.88,16.32,-3.38,20.0,60.0,87.0,89.51,84.42,92.88,-13.0,5.4,Away
2015,Essendon,Hawthorn,59.88,48.57,98.35,97.78,96.61,89.94,1.76,7.86,40.0,100.0,83.2,97.78,96.61,89.94,-0.4,45.8,Home
2015,North Melbourne,Brisbane Lions,55.03,38.95,95.33,95.65,97.66,93.13,-2.35,2.55,60.0,20.0,88.4,95.65,97.66,93.13,-20.0,-34.0,Home
2015,Collingwood,St Kilda,61.88,39.08,96.68,90.58,88.58,91.12,8.15,-0.55,40.0,20.0,67.2,90.58,88.58,91.12,-27.8,-31.4,Home
2015,Carlton,Essendon,42.35,42.53,94.6,98.29,100.06,96.55,-5.52,1.76,0.0,40.0,68.6,98.29,100.06,96.55,-41.0,-0.6,Away
2015,Adelaide,Melbourne,64.2,28.65,94.46,87.31,85.95,102.46,8.52,-15.28,60.0,20.0,106.8,87.31,85.95,102.46,33.2,-35.8,Home
2015,Sydney,GWS,66.1,11.76,93.64,70.03,81.85,120.51,11.95,-50.49,80.0,80.0,93.4,70.03,81.85,120.51,18.4,23.2,Home
2015,North Melbourne,Port Adelaide,55.29,40.34,95.44,93.94,97.53,93.16,-2.11,0.78,60.0,40.0,90.4,93.94,97.53,93.16,-9.6,4.2,Away
2015,Brisbane Lions,Richmond,61.93,38.46,95.52,88.91,93.25,99.34,2.3,-10.59,20.0,60.0,75.4,88.91,93.25,99.34,-29.4,-4.0,Away
2015,Hawthorn,Footscray,67.04,39.43,97.72,96.53,89.91,101.75,7.84,-5.28,80.0,40.0,107.4,96.53,89.91,101.75,32.4,-18.0,Home
2015,Geelong,Gold Coast,77.84,17.78,100.48,78.26,84.47,106.24,16.15,-27.99,20.0,0.0,84.8,78.26,84.47,106.24,-17.2,-26.8,Home
2015,West Coast,Fremantle,62.86,35.06,93.53,89.55,93.52,92.79,0.01,-3.24,60.0,60.0,112.4,89.55,93.52,92.79,34.8,2.6,Away
2015,Richmond,Melbourne,42.86,28.49,89.05,87.22,99.22,102.39,-10.32,-15.31,60.0,20.0,90.2,87.22,99.22,102.39,6.6,-28.0,Away
2015,St Kilda,Carlton,56.0,38.73,90.51,94.57,91.26,100.07,-0.76,-5.57,20.0,0.0,76.4,94.57,91.26,100.07,-32.0,-44.0,Away
2015,Essendon,Collingwood,60.12,53.11,98.31,96.81,96.52,88.52,1.82,8.33,40.0,60.0,82.8,96.81,96.52,88.52,-0.2,0.4,Away
2015,GWS,Gold Coast,20.59,17.39,70.32,78.45,120.38,106.23,-50.06,-27.78,60.0,0.0,92.0,78.45,120.38,106.23,6.2,-26.8,Home
2015,Port Adelaide,Hawthorn,62.15,48.3,93.99,97.8,93.2,89.81,0.8,8.01,40.0,80.0,84.8,97.8,93.2,89.81,-5.6,39.2,Home
2015,Fremantle,Sydney,61.99,50.82,89.62,93.69,92.75,81.88,-3.14,11.98,60.0,80.0,88.4,93.69,92.75,81.88,7.0,17.8,Home
2015,Brisbane Lions,West Coast,61.58,36.21,95.41,93.49,93.37,93.57,2.07,-0.08,0.0,60.0,62.4,93.49,93.37,93.57,-58.6,29.4,Away
2015,Geelong,North Melbourne,77.96,45.14,100.49,95.47,84.5,97.57,16.13,-2.12,20.0,40.0,77.2,95.47,84.5,97.57,-27.8,-13.6,Away
2015,Footscray,Adelaide,48.52,44.83,96.42,94.42,101.82,85.86,-5.47,8.56,40.0,80.0,83.0,94.42,101.82,85.86,-22.0,40.2,Home
2015,Carlton,Collingwood,42.11,53.37,94.65,96.73,100.02,88.41,-5.43,8.37,20.0,60.0,87.0,96.73,100.02,88.41,-15.4,2.8,Away
2015,Richmond,Geelong,42.6,51.72,88.94,100.4,99.17,84.5,-10.38,16.04,40.0,20.0,86.8,100.4,99.17,84.5,-0.4,-23.8,Away
2015,Sydney,Footscray,66.29,39.2,93.6,96.5,81.85,101.73,11.91,-5.28,60.0,60.0,81.8,96.5,81.85,101.73,0.8,2.0,Away
2015,Gold Coast,Brisbane Lions,35.56,38.73,78.17,95.33,106.37,93.44,-28.2,1.91,0.0,0.0,82.6,95.33,106.37,93.44,-36.2,-57.6,Home
2015,North Melbourne,Hawthorn,54.97,48.02,95.43,97.78,97.48,89.84,-2.07,7.97,40.0,60.0,89.8,97.78,97.48,89.84,-11.6,37.0,Away
2015,West Coast,GWS,62.5,11.43,93.56,71.01,93.49,119.41,0.07,-48.4,60.0,80.0,113.6,71.01,93.49,119.41,26.8,21.0,Home
2015,Melbourne,Fremantle,43.53,35.43,87.21,89.57,102.24,92.66,-15.17,-3.1,40.0,80.0,80.4,89.57,102.24,92.66,-8.4,14.6,Away
2015,St Kilda,Essendon,55.68,42.86,90.48,98.17,91.34,96.44,-0.88,1.76,20.0,40.0,78.2,98.17,91.34,96.44,-34.8,-4.2,Away
2015,Adelaide,Port Adelaide,64.41,40.68,94.35,94.01,85.97,93.19,8.38,0.82,80.0,40.0,103.8,94.01,85.97,93.19,30.2,-8.4,Away
2015,Collingwood,Geelong,62.09,52.0,96.79,100.36,88.29,84.48,8.55,16.02,80.0,40.0,95.6,100.36,88.29,84.48,30.8,-20.8,Away
2015,North Melbourne,Richmond,54.65,38.82,95.36,88.9,97.58,99.13,-2.24,-10.38,40.0,40.0,90.8,88.9,97.58,99.13,-9.4,9.2,Home
2015,Footscray,St Kilda,48.82,38.86,96.45,90.45,101.64,91.32,-5.26,-0.88,80.0,20.0,88.2,90.45,101.64,91.32,4.0,-19.4,Away
2015,GWS,Hawthorn,22.86,48.31,70.48,97.87,119.42,89.78,-48.94,8.11,60.0,60.0,86.0,97.87,119.42,89.78,2.4,36.4,Home
2015,Gold Coast,Adelaide,36.96,44.57,78.6,94.34,105.81,86.05,-27.2,8.29,20.0,60.0,86.4,94.34,105.81,86.05,-13.0,9.6,Away
2015,Melbourne,Sydney,43.27,50.54,87.1,93.54,102.29,81.84,-15.32,11.86,40.0,60.0,71.8,93.54,102.29,81.84,-16.0,12.6,Away
2015,Fremantle,Essendon,62.21,43.18,89.65,98.12,92.53,96.39,-2.89,1.76,100.0,60.0,96.4,98.12,92.53,96.39,32.6,-1.4,Home
2015,Carlton,Brisbane Lions,41.86,38.51,94.5,95.21,100.08,93.51,-5.64,1.72,20.0,0.0,78.0,95.21,100.08,93.51,-30.4,-58.0,Away
2015,Port Adelaide,West Coast,62.36,36.57,94.06,93.64,93.19,93.32,0.89,0.32,60.0,60.0,87.8,93.64,93.19,93.32,-3.0,33.8,Away
2015,Essendon,North Melbourne,59.77,45.45,97.99,95.4,96.34,97.51,1.67,-2.13,60.0,60.0,73.2,95.4,96.34,97.51,-4.6,13.0,Away
2015,Adelaide,St Kilda,64.04,39.2,94.41,90.46,86.03,91.3,8.38,-0.86,60.0,40.0,89.6,90.46,86.03,91.3,2.4,-16.2,Home
2015,Hawthorn,Melbourne,67.22,28.9,97.87,86.99,89.84,102.25,8.06,-15.39,40.0,20.0,104.4,86.99,89.84,102.25,22.0,-28.8,Home
2015,Carlton,GWS,41.62,11.11,94.45,71.0,100.03,119.12,-5.65,-48.12,20.0,60.0,77.4,71.0,100.03,119.12,-26.8,2.6,Away
2015,Sydney,Geelong,65.92,52.27,93.52,100.36,81.75,84.4,11.94,16.09,60.0,60.0,84.8,100.36,81.75,84.4,17.8,-0.2,Home
2015,West Coast,Gold Coast,62.71,17.02,93.59,78.6,93.25,105.95,0.35,-27.35,80.0,20.0,105.6,78.6,93.25,105.95,37.8,-16.0,Home
2015,Footscray,Fremantle,48.54,35.8,96.42,89.62,101.62,92.42,-5.26,-2.8,60.0,100.0,86.2,89.62,101.62,92.42,0.6,36.8,Away
2015,Richmond,Collingwood,42.35,53.63,88.86,96.69,99.16,88.32,-10.45,8.41,20.0,60.0,80.8,96.69,99.16,88.32,-3.2,20.2,Home
2015,Brisbane Lions,Port Adelaide,61.24,41.01,95.18,93.99,93.46,93.14,1.74,0.86,20.0,60.0,62.4,93.99,93.46,93.14,-53.8,-3.6,Home
2015,Geelong,Carlton,77.54,39.08,100.29,94.34,84.5,100.13,15.92,-5.86,60.0,20.0,86.8,94.34,84.5,100.13,0.0,-28.6,Home
2015,St Kilda,West Coast,55.37,36.93,90.41,93.71,91.38,93.1,-0.99,0.61,20.0,80.0,78.8,93.71,91.38,93.1,-31.0,42.4,Away
2015,GWS,Adelaide,25.0,44.89,71.88,94.48,118.27,85.99,-46.4,8.48,60.0,60.0,97.0,94.48,118.27,85.99,9.2,6.2,Home
2015,Gold Coast,Collingwood,36.17,53.33,78.22,96.7,106.25,88.37,-28.03,8.38,20.0,60.0,77.6,96.7,106.25,88.37,-28.8,24.6,Away
2015,Hawthorn,Sydney,67.4,50.81,98.03,93.6,89.72,81.74,8.33,12.02,60.0,60.0,120.2,93.6,89.72,81.74,43.4,16.8,Away
2015,Fremantle,North Melbourne,62.43,45.76,89.66,95.39,92.41,97.47,-2.76,-2.09,100.0,60.0,96.8,95.39,92.41,97.47,30.6,-1.2,Home
2015,Essendon,Brisbane Lions,59.43,38.86,97.95,95.2,96.34,93.38,1.63,1.84,40.0,40.0,74.0,95.2,96.34,93.38,-7.2,-30.0,Home
2015,Melbourne,Footscray,43.02,39.55,86.88,96.4,102.4,101.62,-15.65,-5.28,20.0,40.0,57.6,96.4,102.4,101.62,-40.8,-5.8,Home
2015,Port Adelaide,Richmond,62.01,38.6,93.91,88.91,93.17,99.16,0.75,-10.41,60.0,40.0,92.0,88.91,93.17,99.16,-1.4,1.6,Away
2015,Sydney,Carlton,66.11,38.86,93.54,94.25,81.7,100.24,12.0,-6.06,60.0,20.0,82.8,94.25,81.7,100.24,13.4,-39.8,Home
2015,Hawthorn,Gold Coast,67.03,16.67,97.95,78.06,89.68,106.52,8.3,-28.46,40.0,20.0,108.6,78.06,89.68,106.52,28.6,-40.8,Home
2015,Melbourne,Port Adelaide,43.35,40.78,86.93,93.77,102.29,93.12,-15.49,0.65,40.0,40.0,67.2,93.77,102.29,93.12,-28.0,-9.6,Away
2015,Footscray,GWS,48.26,13.51,96.3,72.36,101.62,117.81,-5.38,-45.45,40.0,80.0,88.2,72.36,101.62,117.81,0.4,18.2,Home
2015,Richmond,Essendon,42.69,42.94,88.87,98.05,99.0,96.28,-10.28,1.8,40.0,40.0,76.4,98.05,99.0,96.28,-7.6,0.2,Home
2015,Adelaide,Fremantle,64.25,36.16,94.45,89.73,86.05,92.26,8.39,-2.54,40.0,100.0,96.2,89.73,86.05,92.26,-3.6,39.2,Away
2015,Brisbane Lions,St Kilda,61.45,38.98,95.15,90.38,93.5,91.49,1.67,-1.13,40.0,20.0,76.6,90.38,93.5,91.49,-25.8,-26.8,Away
2015,Collingwood,North Melbourne,61.75,45.51,96.79,95.24,88.3,97.52,8.54,-2.3,60.0,60.0,96.0,95.24,88.3,97.52,23.6,-14.2,Home
2015,West Coast,Geelong,62.92,51.98,93.81,100.4,93.06,84.44,0.76,16.09,100.0,60.0,116.4,100.4,93.06,84.44,59.0,13.6,Home
2015,Fremantle,Richmond,62.64,38.95,89.67,88.82,92.16,98.88,-2.5,-10.21,100.0,60.0,96.4,88.82,92.16,98.88,38.6,1.4,Away
2015,Carlton,Adelaide,41.38,44.63,94.16,94.34,100.31,86.0,-6.22,8.34,0.0,40.0,60.4,94.34,100.31,86.0,-59.8,5.6,Away
2015,Gold Coast,Sydney,35.42,51.08,77.67,93.62,106.38,81.65,-28.71,12.13,20.0,80.0,68.4,93.62,106.38,81.65,-38.2,28.2,Away
2015,Essendon,Geelong,59.66,51.69,97.94,100.3,96.21,84.54,1.75,15.89,40.0,60.0,82.2,100.3,96.21,84.54,1.6,5.6,Away
2015,Port Adelaide,Footscray,61.67,39.33,93.83,96.35,93.01,101.53,0.82,-5.24,40.0,40.0,81.2,96.35,93.01,101.53,1.0,-2.0,Home
2015,GWS,Brisbane Lions,27.03,38.64,72.31,95.12,117.75,93.54,-45.44,1.6,60.0,40.0,90.4,95.12,117.75,93.54,-4.0,-19.6,Home
2015,North Melbourne,West Coast,54.91,37.29,95.24,93.89,97.56,92.98,-2.34,0.92,40.0,100.0,81.8,93.89,97.56,92.98,-20.8,59.6,Home
2015,St Kilda,Hawthorn,55.06,48.04,90.43,97.94,91.48,89.54,-1.07,8.42,40.0,60.0,86.6,97.94,91.48,89.54,-14.4,40.8,Away
2015,Melbourne,Collingwood,43.1,53.59,86.84,96.84,102.32,88.32,-15.62,8.57,20.0,60.0,61.4,96.84,102.32,88.32,-46.6,23.0,Away
2015,Port Adelaide,Geelong,61.88,51.96,93.84,100.36,92.93,84.46,0.93,16.04,40.0,60.0,78.2,100.36,92.93,84.46,3.8,17.6,Away
2015,Gold Coast,Fremantle,34.69,36.52,77.3,89.61,106.24,92.18,-28.95,-2.57,0.0,80.0,53.0,89.61,106.24,92.18,-61.4,19.6,Away
2015,West Coast,Essendon,63.13,42.7,93.83,97.82,92.96,96.29,0.88,1.55,80.0,20.0,107.8,97.82,92.96,96.29,40.2,-12.6,Home
2015,North Melbourne,Sydney,55.17,51.34,95.21,93.62,97.49,81.54,-2.3,12.24,60.0,100.0,84.8,93.62,97.49,81.54,-6.8,39.4,Away
2015,Collingwood,GWS,61.96,13.16,96.87,72.63,88.31,117.08,8.61,-44.45,60.0,80.0,102.6,72.63,88.31,117.08,13.0,19.4,Home
2015,St Kilda,Melbourne,54.75,28.74,90.37,86.83,91.59,102.35,-1.25,-15.65,40.0,20.0,84.4,86.83,91.59,102.35,-26.6,-38.0,Home
2015,Adelaide,Hawthorn,63.89,48.33,94.35,98.03,86.01,89.48,8.34,8.57,60.0,60.0,95.6,98.03,86.01,89.48,12.2,41.4,Away
2015,Richmond,West Coast,43.02,37.08,88.84,93.84,98.8,92.83,-10.1,1.02,80.0,80.0,84.8,93.84,98.8,92.83,8.6,48.2,Away
2015,Carlton,Port Adelaide,41.14,41.11,94.15,93.78,100.3,92.92,-6.23,0.86,0.0,40.0,69.4,93.78,100.3,92.92,-46.6,1.2,Home
2015,GWS,North Melbourne,28.95,45.25,72.69,95.15,117.1,97.47,-44.42,-2.34,60.0,40.0,97.0,95.15,117.1,97.47,9.0,-17.0,Away
2015,Footscray,Brisbane Lions,48.55,38.42,96.25,95.04,101.52,93.55,-5.33,1.51,20.0,40.0,82.8,95.04,101.52,93.55,-10.4,-12.8,Home
2015,Geelong,Melbourne,77.66,28.57,100.34,86.82,84.41,102.3,16.06,-15.61,60.0,20.0,99.0,86.82,84.41,102.3,14.0,-30.8,Away
2015,Fremantle,Collingwood,62.29,53.85,89.51,96.93,92.05,88.28,-2.54,8.7,80.0,80.0,81.4,96.93,92.05,88.28,15.4,29.6,Home
2015,Sydney,Richmond,66.3,39.31,93.61,88.79,81.52,98.77,12.25,-10.13,100.0,80.0,99.8,88.79,81.52,98.77,35.0,11.6,Away
2015,Hawthorn,Essendon,67.21,42.46,98.08,97.67,89.47,96.29,8.63,1.4,80.0,20.0,112.6,97.67,89.47,96.29,49.2,-17.0,Home
2015,Brisbane Lions,Adelaide,61.11,44.94,94.99,94.33,93.7,86.09,1.31,8.24,20.0,40.0,81.4,94.33,93.7,86.09,-29.0,-1.8,Away
2015,St Kilda,Footscray,55.0,39.11,90.35,96.39,91.57,101.44,-1.24,-5.11,40.0,40.0,82.6,96.39,91.57,101.44,-27.6,5.4,Away
2015,Carlton,Gold Coast,41.48,16.33,94.19,76.98,100.32,105.71,-6.2,-28.73,20.0,0.0,76.4,76.98,100.32,105.71,-44.0,-54.6,Home
2015,Sydney,Port Adelaide,65.93,40.88,93.56,93.81,81.56,92.97,12.17,0.85,80.0,40.0,91.2,93.81,81.56,92.97,22.8,7.8,Home
2015,Collingwood,Hawthorn,62.16,48.62,96.87,98.12,88.25,89.44,8.66,8.71,80.0,80.0,109.2,98.12,88.25,89.44,29.2,35.8,Away
2015,Richmond,GWS,42.77,12.82,88.81,72.54,98.71,117.1,-10.05,-44.56,80.0,40.0,82.0,72.54,98.71,117.1,14.2,-17.8,Home
2015,Gold Coast,North Melbourne,34.0,45.56,76.9,95.21,105.68,97.37,-28.78,-2.18,0.0,40.0,51.8,95.21,105.68,97.37,-43.0,-8.0,Home
2015,Footscray,Carlton,48.85,38.64,96.3,94.22,101.32,100.23,-5.08,-6.08,60.0,40.0,89.4,94.22,101.32,100.23,9.2,-21.6,Home
2015,Melbourne,West Coast,42.86,37.43,86.89,93.83,102.26,92.76,-15.5,1.08,40.0,80.0,87.6,93.83,102.26,92.76,-5.0,33.8,Away
2015,Essendon,St Kilda,59.32,39.33,97.61,90.26,96.34,91.48,1.29,-1.25,20.0,40.0,74.0,90.26,96.34,91.48,-22.4,-19.6,Away
2015,Fremantle,Brisbane Lions,62.5,38.2,89.48,94.91,91.99,93.66,-2.52,1.26,80.0,0.0,77.2,94.91,91.99,93.66,14.2,-39.0,Home
2015,Port Adelaide,Collingwood,61.54,53.55,93.78,96.85,92.97,88.29,0.82,8.61,40.0,60.0,94.8,96.85,92.97,88.29,12.4,13.4,Home
2015,Richmond,Carlton,43.1,38.42,88.78,94.1,98.62,100.13,-9.99,-6.1,80.0,40.0,82.4,94.1,98.62,100.13,9.4,-8.4,Home
2015,Essendon,Melbourne,58.99,28.98,97.48,86.82,96.52,102.29,0.98,-15.61,0.0,20.0,57.2,86.82,96.52,102.29,-56.0,-23.6,Home
2015,Footscray,Gold Coast,49.14,16.0,96.21,77.38,101.18,105.33,-5.03,-27.95,80.0,20.0,89.4,77.38,101.18,105.33,19.2,-18.2,Home
2015,North Melbourne,Geelong,54.86,52.22,95.14,100.31,97.45,84.49,-2.33,15.95,40.0,60.0,88.4,100.31,97.45,84.49,-4.4,17.8,Home
2015,West Coast,Adelaide,63.33,45.25,93.89,94.29,92.67,86.04,1.22,8.25,80.0,40.0,99.0,94.29,92.67,86.04,34.0,-8.4,Home
2015,GWS,St Kilda,28.21,39.66,72.49,90.46,116.61,91.38,-44.11,-0.94,20.0,60.0,74.4,90.46,116.61,91.38,-24.4,13.0,Home
2015,Hawthorn,Fremantle,67.39,36.87,98.13,89.47,89.44,91.87,8.71,-2.41,100.0,80.0,110.8,89.47,89.44,91.87,38.6,6.8,Home
2015,Brisbane Lions,Sydney,60.77,51.6,94.78,93.57,93.64,81.57,1.16,12.16,0.0,80.0,68.8,93.57,93.64,81.57,-34.6,24.0,Away
2015,North Melbourne,Essendon,55.11,42.22,95.21,97.4,97.4,96.42,-2.2,1.0,60.0,20.0,93.4,97.4,97.4,96.42,7.2,-51.6,Home
2015,Geelong,Footscray,77.25,39.44,100.25,96.2,84.59,101.1,15.79,-4.95,40.0,80.0,89.2,96.2,84.59,101.1,-5.8,14.6,Home
2015,Gold Coast,GWS,35.29,12.5,77.33,72.64,105.23,115.76,-27.89,-43.12,20.0,40.0,70.8,72.64,105.23,115.76,-12.0,-8.4,Away
2015,Collingwood,West Coast,61.83,37.78,96.76,94.03,88.23,92.67,8.58,1.38,40.0,80.0,91.2,94.03,88.23,92.67,9.4,34.0,Away
2015,Sydney,Hawthorn,66.12,48.9,93.5,98.17,81.48,89.31,12.19,8.89,80.0,100.0,85.0,98.17,81.48,89.31,16.2,42.4,Away
2015,Fremantle,Carlton,62.71,38.2,89.34,93.95,91.93,100.05,-2.6,-6.17,60.0,40.0,66.0,93.95,91.93,100.05,-9.8,-2.4,Home
2015,Melbourne,Brisbane Lions,42.61,37.99,86.74,94.66,102.2,93.57,-15.59,1.1,20.0,0.0,80.2,94.66,102.2,93.57,-13.2,-34.4,Home
2015,Port Adelaide,Adelaide,61.75,45.0,93.71,94.29,92.89,86.21,0.82,8.07,40.0,40.0,85.0,94.29,92.89,86.21,0.8,-14.8,Away
2015,St Kilda,Richmond,54.7,39.66,90.34,88.72,91.35,98.46,-1.03,-9.88,40.0,80.0,84.2,88.72,91.35,98.46,1.6,12.8,Away
2015,Carlton,Hawthorn,41.81,49.18,93.83,98.3,100.03,89.23,-6.27,9.1,40.0,100.0,72.0,98.3,100.03,89.23,-9.0,47.6,Away
2015,GWS,Geelong,30.0,51.93,72.9,100.18,115.31,84.53,-42.41,15.77,40.0,60.0,77.0,100.18,115.31,84.53,-11.4,7.0,Away
2015,Adelaide,Gold Coast,63.54,15.69,94.35,77.35,86.29,105.12,8.06,-27.77,60.0,20.0,94.6,77.35,86.29,105.12,-12.0,-4.6,Home
2015,Richmond,Fremantle,43.43,36.67,88.73,89.35,98.39,91.82,-9.8,-2.48,80.0,80.0,80.6,89.35,98.39,91.82,10.6,4.0,Away
2015,Essendon,Port Adelaide,59.22,40.66,97.32,93.76,96.41,92.95,0.93,0.81,20.0,20.0,62.2,93.76,96.41,92.95,-42.8,-7.4,Away
2015,Brisbane Lions,North Melbourne,60.44,45.3,94.49,95.21,93.48,97.32,1.03,-2.13,0.0,60.0,55.2,95.21,93.48,97.32,-33.2,10.2,Away
2015,Footscray,Collingwood,49.43,53.26,96.11,96.65,101.02,88.22,-4.96,8.47,80.0,20.0,86.2,96.65,101.02,88.22,20.6,-1.8,Home
2015,Melbourne,St Kilda,42.94,39.44,86.67,90.29,102.01,91.35,-15.48,-1.07,40.0,40.0,75.2,90.29,102.01,91.35,-3.4,11.0,Away
2015,West Coast,Sydney,63.54,51.85,94.01,93.4,92.57,81.65,1.46,11.91,100.0,60.0,106.8,93.4,92.57,81.65,42.2,-12.0,Home
2015,Hawthorn,Richmond,67.57,40.0,98.51,88.7,89.08,98.34,9.45,-9.78,100.0,80.0,129.8,88.7,89.08,98.34,69.4,13.8,Away
2015,Geelong,Brisbane Lions,77.37,37.78,100.09,94.34,84.42,93.52,15.8,0.82,60.0,0.0,80.2,94.34,84.42,93.52,-1.4,-33.2,Home
2015,Collingwood,Melbourne,61.5,28.81,96.62,86.55,88.27,101.96,8.4,-15.54,0.0,40.0,73.8,86.55,88.27,101.96,-13.8,-10.4,Away
2015,Sydney,Adelaide,65.76,45.3,93.29,94.43,81.71,86.27,11.74,8.16,40.0,60.0,69.8,94.43,81.71,86.27,-25.6,-4.8,Home
2015,Carlton,North Melbourne,41.57,45.6,93.67,95.25,100.24,97.15,-6.64,-1.92,20.0,80.0,57.0,95.25,100.24,97.15,-37.4,27.8,Away
2015,Gold Coast,West Coast,34.62,38.12,77.38,94.04,105.31,92.45,-27.93,1.6,20.0,100.0,85.2,94.04,105.31,92.45,-12.2,42.6,Draw
2015,Port Adelaide,St Kilda,61.41,39.78,93.86,90.27,93.02,91.22,0.85,-0.97,40.0,40.0,99.6,90.27,93.02,91.22,-0.2,18.0,Home
2015,Essendon,Footscray,58.89,39.23,97.37,96.13,96.5,100.98,0.89,-4.9,20.0,80.0,76.2,96.13,96.5,100.98,-35.4,9.8,Away
2015,Fremantle,GWS,62.92,14.63,89.33,72.52,91.79,114.74,-2.46,-42.22,80.0,40.0,76.8,72.52,91.79,114.74,3.4,-8.4,Home
2015,Adelaide,Richmond,63.74,40.34,94.35,88.64,86.35,98.21,7.99,-9.7,60.0,80.0,95.8,88.64,86.35,98.21,-9.4,13.8,Home
2015,Collingwood,Carlton,61.17,37.99,96.51,93.56,88.27,100.28,8.28,-6.8,0.0,0.0,70.0,93.56,88.27,100.28,-19.8,-57.0,Home
2015,Footscray,Port Adelaide,49.72,40.98,96.22,93.9,100.81,92.9,-4.64,1.02,80.0,60.0,90.8,93.9,100.81,92.9,26.0,13.2,Home
2015,Brisbane Lions,Gold Coast,60.11,15.38,94.24,77.43,93.58,105.1,0.67,-27.93,0.0,20.0,45.6,77.43,93.58,105.1,-41.8,-5.4,Away
2015,Geelong,Sydney,77.49,51.58,100.13,93.35,84.34,81.66,15.91,11.85,60.0,60.0,84.4,93.35,84.34,81.66,5.2,-11.6,Home
2015,West Coast,Hawthorn,63.74,49.46,94.01,98.38,92.43,89.03,1.6,9.38,80.0,80.0,106.8,98.38,92.43,89.03,38.6,58.2,Away
2015,Melbourne,North Melbourne,42.7,45.9,86.56,95.31,101.82,97.03,-15.39,-1.73,40.0,80.0,63.4,95.31,101.82,97.03,-7.8,29.4,Away
2015,GWS,Essendon,29.27,41.99,72.41,97.22,114.37,96.58,-41.96,0.64,40.0,20.0,70.4,97.22,114.37,96.58,-1.4,-45.2,Home
2015,St Kilda,Fremantle,54.4,37.02,90.16,89.32,91.28,91.71,-1.14,-2.4,40.0,80.0,83.2,89.32,91.28,91.71,6.6,6.2,Away
2015,Sydney,Collingwood,65.95,52.97,93.27,96.53,81.7,88.27,11.73,8.3,40.0,20.0,71.6,96.53,81.7,88.27,-20.0,-14.2,Home
2015,Essendon,Adelaide,58.56,45.05,97.12,94.33,96.57,86.26,0.55,8.07,20.0,60.0,70.8,94.33,96.57,86.26,-29.6,-4.8,Away
2015,North Melbourne,St Kilda,55.37,39.56,95.4,90.07,97.02,91.29,-1.63,-1.24,100.0,20.0,113.6,90.07,97.02,91.29,47.4,-22.8,Home
2015,Port Adelaide,GWS,61.62,14.29,93.82,72.65,92.99,113.74,0.84,-41.08,60.0,60.0,96.8,72.65,92.99,113.74,2.4,6.8,Home
2015,Brisbane Lions,Carlton,59.78,37.78,94.25,93.54,93.63,100.3,0.63,-6.83,0.0,0.0,56.0,93.54,93.63,100.3,-37.4,-58.4,Home
2015,Geelong,Hawthorn,77.6,49.73,100.11,98.36,84.29,88.99,15.95,9.39,80.0,80.0,85.6,98.36,84.29,88.99,16.4,59.0,Away
2015,Richmond,Gold Coast,43.18,16.98,88.54,77.77,98.18,105.05,-9.78,-27.53,60.0,20.0,72.2,77.77,98.18,105.05,4.8,-13.6,Home
2015,Footscray,Melbourne,50.0,29.21,96.31,86.58,100.71,101.89,-4.45,-15.44,80.0,40.0,103.6,86.58,100.71,101.89,36.6,-4.0,Home
2015,Fremantle,West Coast,63.13,37.91,89.34,93.95,91.61,92.41,-2.29,1.56,80.0,60.0,80.0,93.95,91.61,92.41,6.4,25.0,Away
2015,Hawthorn,Port Adelaide,67.2,40.76,98.42,93.87,88.98,92.98,9.46,0.89,80.0,60.0,116.2,93.87,88.98,92.98,51.8,6.0,Away
2015,Collingwood,Richmond,61.38,40.11,96.47,88.68,88.27,98.06,8.25,-9.51,20.0,60.0,75.4,88.68,88.27,98.06,-15.8,15.4,Away
2015,GWS,Sydney,30.95,51.31,72.86,93.26,113.71,81.68,-40.85,11.73,40.0,40.0,76.4,93.26,113.71,81.68,-4.4,-22.0,Away
2015,Gold Coast,Essendon,33.96,41.76,77.56,97.01,105.36,96.78,-28.06,0.24,20.0,0.0,82.2,97.01,105.36,96.78,-25.8,-53.8,Home
2015,St Kilda,Geelong,54.1,52.2,90.05,100.07,91.37,84.38,-1.34,15.81,20.0,80.0,69.4,100.07,91.37,84.38,-23.2,17.4,Draw
2015,Adelaide,Brisbane Lions,63.93,37.57,94.54,94.35,86.19,93.56,8.36,0.8,80.0,20.0,113.0,94.35,86.19,93.56,28.8,-20.4,Home
2015,North Melbourne,Fremantle,55.62,37.36,95.47,89.31,96.98,91.65,-1.52,-2.35,100.0,80.0,113.6,89.31,96.98,91.65,46.6,16.0,Home
2015,Carlton,Melbourne,41.34,29.05,93.47,86.49,100.38,102.04,-6.99,-15.68,0.0,40.0,59.2,86.49,100.38,102.04,-65.2,-21.8,Home
2015,West Coast,Footscray,63.39,39.56,93.98,96.47,92.38,100.58,1.62,-4.16,60.0,80.0,90.2,96.47,92.38,100.58,18.6,51.8,Home
2015,Geelong,Collingwood,77.2,52.69,100.06,96.37,84.42,88.42,15.81,7.99,60.0,20.0,91.8,96.37,84.42,88.42,15.8,-27.8,Away
2015,GWS,Carlton,30.23,37.57,72.52,93.42,113.93,100.26,-41.41,-6.91,20.0,20.0,66.4,93.42,113.93,100.26,-25.2,-52.2,Home
2015,Hawthorn,Brisbane Lions,66.84,37.36,98.38,94.22,89.03,93.66,9.38,0.56,60.0,20.0,104.2,94.22,89.03,93.66,29.6,-33.0,Home
2015,North Melbourne,Footscray,55.87,39.34,95.46,96.43,96.94,100.75,-1.49,-4.36,100.0,80.0,113.8,96.43,96.94,100.75,43.8,38.0,Away
2015,Essendon,Richmond,58.24,40.45,97.01,88.85,96.78,97.94,0.23,-9.23,0.0,60.0,74.2,88.85,96.78,97.94,-49.2,30.4,Away
2015,Gold Coast,Port Adelaide,35.19,41.08,77.74,93.91,105.26,92.96,-27.78,0.95,40.0,80.0,85.8,93.91,105.26,92.96,-22.4,11.0,Away
2015,Adelaide,West Coast,64.13,38.25,94.64,94.17,86.07,92.36,8.57,1.83,80.0,60.0,116.0,94.17,86.07,92.36,45.6,27.8,Home
2015,St Kilda,Sydney,53.8,51.56,90.07,93.36,91.39,81.58,-1.34,11.94,20.0,60.0,74.2,93.36,91.39,81.58,-20.0,13.6,Away
2015,Fremantle,Melbourne,62.78,28.89,89.29,86.4,91.66,101.97,-2.37,-15.7,60.0,20.0,85.0,86.4,91.66,101.97,5.4,-31.2,Home
2015,Richmond,North Melbourne,43.5,46.2,88.8,95.4,97.8,96.94,-9.12,-1.55,80.0,80.0,96.4,95.4,97.8,96.94,36.6,24.8,Home
2015,Geelong,Adelaide,76.8,45.36,99.96,94.73,84.49,86.02,15.64,8.7,40.0,80.0,90.4,94.73,84.49,86.02,0.8,48.0,Home
2015,Brisbane Lions,Footscray,60.0,39.67,94.13,96.43,93.77,100.67,0.36,-4.29,20.0,80.0,78.8,96.43,93.77,100.67,-33.0,39.0,Home
2015,Port Adelaide,Fremantle,61.83,37.16,93.89,89.34,92.85,91.55,1.05,-2.21,80.0,60.0,96.6,89.34,92.85,91.55,15.8,15.4,Home
2015,Hawthorn,Carlton,67.02,37.36,98.48,93.31,88.96,100.35,9.55,-7.12,60.0,20.0,96.4,93.31,88.96,100.35,16.4,-40.8,Home
2015,Sydney,Gold Coast,66.13,16.67,93.47,77.5,81.47,105.1,12.16,-27.86,80.0,40.0,107.0,77.5,81.47,105.1,43.4,-20.8,Home
2015,West Coast,St Kilda,63.59,39.34,94.1,89.93,92.45,91.51,1.66,-1.6,40.0,0.0,98.4,89.93,92.45,91.51,6.0,-46.8,Home
2015,Melbourne,GWS,42.46,13.95,86.31,73.21,101.99,113.21,-15.8,-40.0,20.0,40.0,69.4,73.21,101.99,113.21,-34.6,-3.6,Home
2015,Collingwood,Essendon,61.05,41.53,96.4,96.87,88.35,96.72,8.09,0.16,40.0,0.0,80.2,96.87,88.35,96.72,-14.6,-52.0,Away
2015,West Coast,Hawthorn,63.78,50.0,94.18,98.52,92.28,88.87,1.92,9.67,60.0,80.0,106.8,98.52,92.28,88.87,25.0,31.4,Home
2015,Fremantle,Sydney,62.98,51.81,89.24,93.56,91.64,81.42,-2.4,12.3,40.0,80.0,84.0,93.56,91.64,81.42,-2.6,45.6,Home
2015,Footscray,Adelaide,50.28,45.11,96.5,94.69,100.75,86.11,-4.3,8.57,60.0,80.0,116.8,94.69,100.75,86.11,20.0,50.6,Away
2015,Richmond,North Melbourne,43.82,45.95,88.86,95.32,97.71,96.97,-8.98,-1.66,80.0,60.0,103.8,95.32,97.71,96.97,41.2,3.8,Away
2015,Hawthorn,Adelaide,67.2,45.41,98.43,94.72,88.89,86.16,9.56,8.57,60.0,80.0,103.6,94.72,88.89,86.16,22.2,44.8,Home
2015,Sydney,North Melbourne,66.31,46.24,93.47,95.35,81.39,96.94,12.24,-1.61,80.0,60.0,108.4,95.35,81.39,96.94,50.2,0.2,Away
2015,Fremantle,Hawthorn,63.19,49.73,89.19,98.52,91.55,88.81,-2.37,9.73,40.0,60.0,78.6,98.52,91.55,88.81,-8.2,29.8,Away
2015,West Coast,North Melbourne,63.98,46.52,94.19,95.3,92.21,96.82,2.0,-1.53,80.0,60.0,111.2,95.3,92.21,96.82,34.2,-2.0,Home
2015,West Coast,Hawthorn,64.17,50.0,94.15,98.51,92.11,88.76,2.07,9.78,80.0,80.0,106.4,98.51,92.11,88.76,34.4,39.6,Away
2016,Richmond,Carlton,43.58,37.16,88.85,93.2,97.73,100.38,-9.0,-7.26,80.0,20.0,111.0,93.2,97.73,100.38,45.0,-39.4,Home
2016,Melbourne,GWS,42.78,13.64,86.36,73.25,101.92,113.09,-15.69,-39.84,20.0,40.0,71.8,73.25,101.92,113.09,-36.8,-4.6,Home
2016,Gold Coast,Essendon,34.55,41.85,77.37,96.86,105.3,96.7,-28.18,0.16,40.0,20.0,76.2,96.86,105.3,96.7,-33.4,-34.0,Home
2016,North Melbourne,Adelaide,55.56,45.16,95.19,94.63,96.77,86.29,-1.59,8.35,40.0,60.0,75.4,94.63,96.77,86.29,-9.2,7.6,Home
2016,Sydney,Collingwood,65.96,52.94,93.36,96.39,81.38,88.37,12.14,8.06,60.0,40.0,101.2,96.39,81.38,88.37,42.8,-7.8,Home
2016,Footscray,Fremantle,50.0,36.96,96.52,89.13,100.78,91.56,-4.3,-2.43,40.0,40.0,111.6,89.13,100.78,91.56,5.8,-8.8,Home
2016,Port Adelaide,St Kilda,62.03,39.13,93.97,89.77,92.75,91.6,1.23,-1.86,80.0,0.0,98.6,89.77,92.75,91.6,17.0,-53.2,Home
2016,West Coast,Brisbane Lions,63.83,37.16,94.06,94.22,92.15,93.85,1.93,0.38,60.0,40.0,86.2,94.22,92.15,93.85,9.8,-20.2,Home
2016,Geelong,Hawthorn,76.92,50.26,100.01,98.53,84.47,88.68,15.71,9.88,40.0,80.0,91.6,98.53,84.47,88.68,-2.6,34.4,Home
2016,Collingwood,Richmond,60.73,40.78,96.28,88.86,88.49,97.69,7.83,-8.95,20.0,80.0,77.4,88.86,88.49,97.69,-27.4,30.2,Home
2016,Adelaide,Port Adelaide,64.32,41.4,94.64,94.07,86.34,92.76,8.3,1.32,40.0,100.0,94.6,94.07,86.34,92.76,-11.8,36.4,Home
2016,Essendon,Melbourne,57.92,28.73,96.76,86.34,96.77,101.85,-0.01,-15.64,20.0,40.0,71.2,86.34,96.77,101.85,-39.8,-29.4,Home
2016,Brisbane Lions,North Melbourne,60.22,46.28,94.25,95.22,94.04,96.77,0.2,-1.56,40.0,60.0,93.8,95.22,94.04,96.77,-30.2,-2.6,Away
2016,St Kilda,Footscray,53.51,39.46,89.8,96.54,91.71,100.6,-1.95,-4.11,0.0,40.0,69.6,96.54,91.71,100.6,-52.4,-0.8,Away
2016,Fremantle,Gold Coast,62.84,16.36,88.99,77.77,91.59,104.89,-2.6,-27.37,40.0,40.0,67.0,77.77,91.59,104.89,-19.6,-24.0,Away
2016,GWS,Geelong,31.82,51.91,73.3,100.06,112.72,84.48,-39.42,15.74,20.0,40.0,84.2,100.06,112.72,84.48,-11.4,-3.0,Home
2016,Hawthorn,West Coast,67.37,38.04,98.5,94.25,88.76,92.17,9.77,2.1,60.0,80.0,97.2,94.25,88.76,92.17,17.0,34.0,Home
2016,Carlton,Sydney,41.67,51.55,93.18,93.46,100.36,81.31,-7.26,12.32,20.0,60.0,67.0,93.46,100.36,81.31,-37.6,41.0,Away
2016,Port Adelaide,Essendon,62.23,41.62,94.05,96.72,92.9,96.69,1.16,0.03,80.0,40.0,107.4,96.72,92.9,96.69,20.6,-14.8,Home
2016,St Kilda,Collingwood,53.23,52.66,89.65,96.25,91.71,88.48,-2.1,7.81,0.0,40.0,60.2,96.25,91.71,88.48,-56.4,-25.0,Home
2016,Richmond,Adelaide,43.89,44.92,88.86,94.77,97.66,86.34,-8.93,8.43,60.0,40.0,89.6,94.77,97.66,86.34,11.8,-11.6,Away
2016,Sydney,GWS,66.14,13.33,93.56,73.48,81.28,112.31,12.45,-38.83,60.0,40.0,100.4,73.48,81.28,112.31,33.6,-4.6,Home
2016,Gold Coast,Carlton,35.71,36.96,78.2,93.12,104.85,100.44,-26.89,-7.41,60.0,20.0,91.8,93.12,104.85,100.44,-2.2,-36.8,Home
2016,West Coast,Fremantle,64.02,36.76,94.14,89.02,92.19,91.68,1.97,-2.67,60.0,20.0,91.2,89.02,92.19,91.68,5.8,-35.6,Home
2016,North Melbourne,Melbourne,55.8,28.57,95.28,86.29,96.74,101.79,-1.47,-15.63,80.0,40.0,92.2,86.29,96.74,101.79,12.4,-12.4,Home
2016,Footscray,Hawthorn,50.28,50.0,96.53,98.5,100.43,88.66,-3.94,9.87,60.0,80.0,103.2,98.5,100.43,88.66,26.0,32.6,Away
2016,Geelong,Brisbane Lions,77.04,36.96,99.99,94.22,84.49,94.11,15.67,0.11,40.0,20.0,94.0,94.22,84.49,94.11,1.6,-49.8,Home
2016,West Coast,Richmond,64.21,40.56,94.14,88.86,92.1,97.75,2.06,-9.01,60.0,40.0,90.4,88.86,92.1,97.75,6.0,-0.8,Home
2016,Essendon,Geelong,58.15,51.63,96.59,100.06,96.73,84.41,-0.14,15.81,40.0,60.0,66.6,100.06,96.73,84.41,-26.6,15.4,Away
2016,Hawthorn,St Kilda,67.54,38.92,98.49,89.73,88.66,91.71,9.85,-2.01,80.0,20.0,95.8,89.73,88.66,91.71,18.4,-50.6,Home
2016,Brisbane Lions,Gold Coast,59.89,17.86,94.11,78.35,94.19,104.28,-0.08,-26.17,20.0,60.0,86.6,78.35,94.19,104.28,-46.2,8.2,Home
2016,Carlton,Footscray,41.44,39.78,92.97,96.51,100.43,100.41,-7.54,-3.94,0.0,40.0,60.4,96.51,100.43,100.41,-52.2,20.8,Away
2016,Adelaide,Sydney,64.52,51.79,94.86,93.56,86.36,81.24,8.5,12.48,60.0,60.0,107.8,93.56,86.36,81.24,3.4,26.0,Home
2016,GWS,Port Adelaide,33.33,41.18,73.42,94.1,112.1,92.79,-38.68,1.32,40.0,80.0,88.8,94.1,112.1,92.79,8.2,28.4,Home
2016,Collingwood,Melbourne,60.94,28.42,96.24,86.41,88.56,101.88,7.72,-15.6,40.0,40.0,86.4,86.41,88.56,101.88,-12.6,-8.8,Away
2016,North Melbourne,Fremantle,56.04,36.56,95.39,88.94,96.83,91.68,-1.45,-2.75,80.0,20.0,98.4,88.94,96.83,91.68,10.0,-28.4,Home
2016,Hawthorn,Adelaide,67.71,45.21,98.46,94.91,88.65,86.4,9.83,8.51,80.0,60.0,94.4,94.91,88.65,86.4,13.6,4.0,Home
2016,Sydney,West Coast,66.32,37.84,93.59,94.22,81.33,92.01,12.42,2.23,60.0,60.0,102.2,94.22,81.33,92.01,25.8,14.6,Home
2016,Gold Coast,North Melbourne,36.84,46.56,78.48,95.49,104.31,96.84,-26.05,-1.36,60.0,80.0,100.0,95.49,104.31,96.84,13.0,11.0,Away
2016,Footscray,Brisbane Lions,50.0,36.76,96.48,94.15,100.27,94.19,-3.83,-0.04,60.0,40.0,94.6,94.15,100.27,94.19,29.6,-29.2,Home
2016,Port Adelaide,Geelong,62.43,51.89,94.02,99.98,92.94,84.3,1.09,15.85,60.0,80.0,103.6,99.98,92.94,84.3,3.8,31.0,Away
2016,St Kilda,GWS,53.48,13.04,89.72,74.26,91.69,111.59,-2.02,-37.33,20.0,40.0,73.8,74.26,91.69,111.59,-31.8,9.2,Away
2016,Fremantle,Carlton,62.5,36.76,88.97,92.85,91.79,100.38,-2.83,-7.61,0.0,0.0,73.0,92.85,91.79,100.38,-36.4,-43.2,Away
2016,Melbourne,Richmond,43.09,40.33,86.45,88.78,101.79,97.82,-15.46,-9.17,60.0,20.0,96.6,88.78,101.79,97.82,9.0,-22.6,Home
2016,Collingwood,Essendon,60.62,41.4,96.16,96.45,88.6,96.66,7.6,-0.22,20.0,40.0,77.8,96.45,88.6,96.66,-29.2,-27.2,Home
2016,North Melbourne,Footscray,56.28,40.11,95.55,96.54,96.8,100.18,-1.25,-3.68,100.0,80.0,122.2,96.54,96.8,100.18,23.6,41.6,Home
2016,Melbourne,St Kilda,43.41,38.71,86.57,89.69,101.77,91.79,-15.33,-2.14,60.0,20.0,101.8,89.69,101.77,91.79,10.4,-22.2,Away
2016,Adelaide,Fremantle,64.71,36.36,94.95,88.91,86.47,91.74,8.48,-2.83,60.0,0.0,118.2,88.91,86.47,91.74,18.2,-31.8,Home
2016,GWS,Hawthorn,34.78,50.26,74.82,98.49,111.24,88.71,-36.42,9.81,60.0,80.0,102.4,98.49,111.24,88.71,23.8,5.0,Home
2016,Geelong,Gold Coast,77.16,17.54,100.0,78.5,84.24,104.43,15.93,-26.16,80.0,60.0,99.2,78.5,84.24,104.43,32.8,18.0,Home
2016,Richmond,Port Adelaide,43.65,40.96,88.8,93.93,97.91,92.98,-9.24,0.95,20.0,40.0,84.6,93.93,97.91,92.98,-25.8,-19.6,Away
2016,Brisbane Lions,Sydney,60.11,51.53,94.07,93.57,94.26,81.24,-0.18,12.49,20.0,80.0,83.0,93.57,94.26,81.24,-41.4,38.8,Away
2016,Carlton,Essendon,41.21,41.18,92.8,96.38,100.3,96.78,-7.58,-0.41,20.0,20.0,63.2,96.38,100.3,96.78,-31.0,-41.6,Home
2016,West Coast,Collingwood,64.4,52.38,94.1,96.28,92.0,88.56,2.12,7.76,60.0,40.0,97.0,96.28,92.0,88.56,16.0,-14.8,Home
2016,Richmond,Hawthorn,43.41,50.0,88.71,98.45,97.9,88.89,-9.31,9.59,0.0,80.0,78.0,98.45,97.9,88.89,-34.6,-4.0,Away
2016,Collingwood,Carlton,60.82,37.1,96.19,92.74,88.65,100.18,7.58,-7.52,40.0,40.0,89.6,92.74,88.65,100.18,-11.2,-26.2,Away
2016,Geelong,West Coast,77.27,37.63,100.18,94.18,84.14,91.92,16.21,2.28,80.0,60.0,109.6,94.18,84.14,91.92,50.8,15.6,Home
2016,Sydney,Essendon,66.49,40.96,93.58,96.28,81.28,96.72,12.46,-0.45,80.0,20.0,102.4,96.28,81.28,96.72,23.4,-32.4,Home
2016,Gold Coast,Melbourne,36.21,28.8,78.24,86.6,104.98,101.86,-26.97,-15.39,40.0,40.0,88.8,86.6,104.98,101.86,-18.2,2.2,Away
2016,Footscray,Adelaide,50.27,44.97,96.4,94.95,100.07,86.41,-3.71,8.54,60.0,80.0,86.6,94.95,100.07,86.41,25.4,26.8,Home
2016,Fremantle,GWS,62.16,14.89,88.85,75.7,91.75,110.94,-2.91,-35.23,0.0,80.0,78.4,75.7,91.75,110.94,-25.4,39.2,Away
2016,St Kilda,North Melbourne,53.19,46.84,89.81,95.46,91.8,96.66,-2.03,-1.21,40.0,100.0,90.6,95.46,91.8,96.66,-7.8,24.8,Away
2016,Port Adelaide,Brisbane Lions,62.11,36.56,93.93,94.07,92.89,94.26,1.05,-0.19,40.0,20.0,83.2,94.07,92.89,94.26,-19.2,-29.2,Home
2016,Adelaide,Geelong,64.89,52.15,94.99,100.24,86.51,84.13,8.48,16.28,60.0,100.0,111.0,100.24,86.51,84.13,12.2,62.2,Away
2016,Essendon,North Melbourne,57.84,47.12,96.17,95.42,96.82,96.6,-0.66,-1.19,0.0,100.0,55.4,95.42,96.82,96.6,-51.2,19.4,Away
2016,Hawthorn,Fremantle,67.88,36.17,98.55,88.82,88.89,91.76,9.69,-2.95,80.0,0.0,102.2,88.82,88.89,91.76,-4.0,-23.8,Home
2016,GWS,Gold Coast,36.17,17.24,75.91,78.32,110.58,105.45,-34.67,-27.37,80.0,20.0,119.6,78.32,110.58,105.45,40.2,-38.0,Home
2016,Brisbane Lions,Collingwood,59.79,52.11,93.98,96.16,94.38,88.68,-0.4,7.52,20.0,20.0,76.6,96.16,94.38,88.68,-37.8,-14.4,Away
2016,Richmond,Sydney,43.17,51.78,88.72,93.69,98.0,81.21,-9.41,12.64,0.0,80.0,78.8,93.69,98.0,81.21,-43.6,27.6,Home
2016,Carlton,Port Adelaide,41.53,41.27,92.76,94.04,100.14,92.8,-7.46,1.25,60.0,60.0,66.6,94.04,100.14,92.8,-11.2,7.8,Home
2016,Melbourne,Footscray,43.17,39.89,86.8,96.47,101.82,100.09,-15.15,-3.66,60.0,60.0,123.6,96.47,101.82,100.09,19.4,17.0,Away
2016,West Coast,St Kilda,64.58,39.04,94.14,89.77,92.0,91.77,2.16,-2.04,60.0,40.0,93.8,89.77,92.0,91.77,16.0,2.2,Home
2016,Hawthorn,Sydney,68.04,51.52,98.59,93.7,88.85,81.26,9.77,12.61,80.0,60.0,106.8,93.7,88.85,81.26,3.6,22.4,Away
2016,Collingwood,Geelong,60.51,52.41,96.28,100.23,88.61,84.1,7.71,16.3,40.0,100.0,99.6,100.23,88.61,84.1,7.0,53.6,Home
2016,Gold Coast,Adelaide,35.59,44.74,78.14,94.93,105.82,86.54,-27.91,8.39,0.0,40.0,73.6,94.93,105.82,86.54,-67.0,-0.2,Away
2016,Port Adelaide,West Coast,62.3,37.43,94.03,94.24,92.8,91.83,1.24,2.43,40.0,60.0,89.0,94.24,92.8,91.83,-4.8,30.0,Away
2016,North Melbourne,Carlton,56.52,37.43,95.37,92.76,96.5,100.11,-1.14,-7.43,100.0,80.0,93.6,92.76,96.5,100.11,21.2,0.0,Home
2016,Fremantle,Richmond,61.83,40.11,88.78,88.75,91.82,98.01,-3.05,-9.38,0.0,20.0,77.0,88.75,91.82,98.01,-25.4,-36.2,Away
2016,Melbourne,Brisbane Lions,42.93,36.36,86.78,93.9,101.86,94.5,-15.2,-0.61,60.0,20.0,113.8,93.9,101.86,94.5,14.0,-39.6,Home
2016,GWS,Footscray,37.5,40.21,76.67,96.52,110.03,100.05,-33.36,-3.56,100.0,80.0,135.8,96.52,110.03,100.05,63.4,24.0,Home
2016,St Kilda,Essendon,52.91,40.74,89.61,96.07,91.88,96.76,-2.31,-0.7,20.0,0.0,80.4,96.07,91.88,96.76,-24.2,-41.8,Home
2016,Sydney,North Melbourne,66.67,47.4,93.64,95.41,81.19,96.37,12.61,-0.96,80.0,100.0,97.8,95.41,81.19,96.37,27.2,28.4,Home
2016,Brisbane Lions,Hawthorn,59.47,50.26,93.84,98.48,94.6,88.8,-0.77,9.71,0.0,60.0,70.6,98.48,94.6,88.8,-54.8,0.2,Away
2016,Melbourne,Port Adelaide,43.24,41.05,86.9,94.01,101.76,92.81,-14.98,1.21,60.0,40.0,119.6,94.01,101.76,92.81,19.6,10.8,Away
2016,St Kilda,Fremantle,53.16,35.98,89.66,88.66,91.8,91.8,-2.18,-3.15,40.0,0.0,85.4,88.66,91.8,91.8,-14.4,-26.8,Home
2016,Essendon,Richmond,57.53,40.44,95.98,88.74,96.79,97.86,-0.82,-9.25,0.0,40.0,61.4,88.74,96.79,97.86,-45.0,-15.0,Away
2016,Adelaide,GWS,64.55,16.67,95.07,76.89,86.51,109.65,8.56,-32.76,40.0,100.0,107.0,76.89,86.51,109.65,12.8,51.2,Home
2016,Carlton,Geelong,41.85,52.13,92.63,100.18,100.15,84.15,-7.6,16.2,80.0,80.0,76.4,100.18,100.15,84.15,-6.2,42.8,Home
2016,Collingwood,Footscray,60.71,40.0,96.3,96.46,88.59,100.04,7.75,-3.62,60.0,60.0,107.0,96.46,88.59,100.04,18.8,11.8,Away
2016,West Coast,Gold Coast,64.77,16.95,94.24,78.11,91.82,106.18,2.44,-28.31,60.0,0.0,95.6,78.11,91.82,106.18,18.0,-79.4,Home
2016,North Melbourne,Richmond,56.76,40.76,95.33,88.78,96.35,97.78,-1.03,-9.12,80.0,60.0,79.0,88.78,96.35,97.78,15.6,-0.8,Home
2016,Hawthorn,Melbourne,67.69,29.19,98.58,86.87,88.8,101.82,9.8,-15.07,60.0,40.0,105.0,86.87,88.8,101.82,9.2,4.0,Home
2016,Carlton,Brisbane Lions,42.16,36.17,92.66,93.82,100.1,94.71,-7.52,-0.9,80.0,0.0,82.8,93.82,100.1,94.71,-3.2,-53.8,Home
2016,Geelong,GWS,77.39,16.33,100.14,76.97,84.2,109.62,16.11,-32.65,60.0,80.0,110.8,76.97,84.2,109.62,29.4,37.4,Home
2016,Gold Coast,Sydney,35.0,51.76,77.92,93.63,106.4,81.15,-28.72,12.65,0.0,80.0,64.4,93.63,106.4,81.15,-87.2,24.6,Away
2016,Fremantle,Essendon,61.5,40.53,88.6,95.9,91.82,96.81,-3.23,-0.92,0.0,0.0,65.6,95.9,91.82,96.81,-32.8,-38.8,Home
2016,Collingwood,Port Adelaide,60.41,41.36,96.19,94.08,88.55,92.76,7.67,1.33,40.0,60.0,89.2,94.08,88.55,92.76,0.8,29.4,Away
2016,Footscray,West Coast,50.54,37.77,96.4,94.34,99.91,91.72,-3.56,2.64,60.0,80.0,85.8,94.34,99.91,91.72,5.4,41.2,Home
2016,Adelaide,St Kilda,64.74,38.83,95.1,89.69,86.5,91.74,8.6,-2.09,60.0,60.0,106.6,89.69,86.5,91.74,17.8,1.8,Home
2016,Essendon,Hawthorn,57.22,50.52,95.78,98.53,96.89,88.73,-1.13,9.83,0.0,80.0,58.2,98.53,96.89,88.73,-51.6,27.8,Away
2016,Port Adelaide,Footscray,61.98,40.31,94.16,96.36,92.67,99.85,1.5,-3.52,60.0,80.0,111.8,96.36,92.67,99.85,35.8,10.2,Away
2016,Brisbane Lions,Fremantle,59.16,35.79,93.74,88.7,94.73,91.71,-1.0,-3.01,0.0,20.0,68.6,88.7,94.73,91.71,-60.8,-10.4,Away
2016,Geelong,North Melbourne,77.5,47.15,100.14,95.41,84.21,96.24,16.09,-0.84,60.0,80.0,96.8,95.41,84.21,96.24,7.4,26.4,Home
2016,West Coast,Adelaide,64.95,45.03,94.28,95.2,91.7,86.39,2.61,8.81,60.0,60.0,102.4,95.2,91.7,86.39,27.2,28.8,Away
2016,St Kilda,Carlton,53.4,37.23,89.57,92.69,91.84,100.01,-2.32,-7.4,40.0,80.0,71.8,92.69,91.84,100.01,-23.6,1.4,Home
2016,Richmond,Gold Coast,43.48,16.67,88.69,77.61,97.85,106.17,-9.29,-28.8,60.0,0.0,86.6,77.61,97.85,106.17,-7.8,-70.8,Home
2016,GWS,Sydney,38.78,52.0,77.08,93.6,109.51,81.05,-32.42,12.71,60.0,80.0,103.0,93.6,109.51,81.05,20.4,31.6,Home
2016,Melbourne,Collingwood,43.01,52.36,86.81,96.09,101.76,88.65,-15.07,7.48,40.0,40.0,102.6,96.09,101.76,88.65,8.2,-0.2,Home
2016,North Melbourne,Hawthorn,56.99,50.77,95.35,98.67,96.27,88.62,-0.92,10.08,60.0,80.0,90.0,98.67,96.27,88.62,18.8,40.2,Away
2016,Brisbane Lions,West Coast,58.85,37.57,93.66,94.24,94.86,91.73,-1.21,2.53,0.0,60.0,69.6,94.24,94.86,91.73,-62.0,30.2,Away
2016,Fremantle,Port Adelaide,61.7,41.67,88.86,94.17,91.63,92.69,-2.78,1.49,40.0,40.0,92.0,94.17,91.63,92.69,9.8,19.8,Home
2016,Footscray,Geelong,50.81,51.85,96.37,100.15,99.84,84.18,-3.51,16.13,80.0,60.0,88.8,100.15,99.84,84.18,7.8,4.8,Away
2016,Sydney,Melbourne,66.84,29.03,93.52,86.86,81.11,101.65,12.57,-14.91,60.0,40.0,80.4,86.86,81.11,101.65,7.0,2.8,Home
2016,Essendon,GWS,56.91,16.0,95.64,77.36,97.03,109.04,-1.42,-31.68,0.0,60.0,56.0,77.36,97.03,109.04,-57.0,25.2,Away
2016,Adelaide,North Melbourne,64.92,46.91,95.22,95.32,86.37,96.26,8.86,-0.94,80.0,40.0,113.2,95.32,86.37,96.26,37.6,14.2,Home
2016,Collingwood,Fremantle,60.1,36.13,95.99,88.85,88.69,91.57,7.34,-2.73,40.0,60.0,83.2,88.85,88.69,91.57,-6.4,21.4,Home
2016,Richmond,Brisbane Lions,43.78,35.98,88.75,93.63,97.85,94.96,-9.22,-1.34,80.0,0.0,91.4,93.63,97.85,94.96,4.8,-56.2,Home
2016,GWS,Carlton,40.0,37.04,77.75,92.65,108.85,100.03,-31.1,-7.47,60.0,60.0,98.6,92.65,108.85,100.03,12.4,-8.0,Home
2016,St Kilda,Geelong,53.65,52.11,89.62,100.15,91.81,84.08,-2.22,16.24,60.0,60.0,78.8,100.15,91.81,84.08,-15.8,11.0,Home
2016,Hawthorn,Gold Coast,67.86,16.39,98.65,77.77,88.6,106.24,10.07,-28.7,80.0,0.0,103.2,77.77,88.6,106.24,33.8,-59.6,Home
2016,West Coast,Essendon,64.62,40.31,94.33,95.62,91.71,97.09,2.65,-1.49,60.0,0.0,101.6,95.62,91.71,97.09,19.4,-59.6,Home
2016,Port Adelaide,Richmond,61.66,40.54,94.1,88.83,92.67,97.78,1.44,-9.08,40.0,80.0,99.6,88.83,92.67,97.78,16.8,13.0,Home
2016,Gold Coast,St Kilda,34.43,38.62,77.63,89.63,106.07,91.8,-28.68,-2.21,0.0,80.0,65.4,89.63,106.07,91.8,-46.6,5.4,Home
2016,Sydney,Footscray,67.01,40.62,93.5,96.23,80.98,99.84,12.68,-3.65,80.0,60.0,77.6,96.23,80.98,99.84,18.2,-10.0,Away
2016,Carlton,Collingwood,42.47,52.08,92.57,95.96,100.11,88.55,-7.61,7.45,40.0,40.0,79.0,95.96,100.11,88.55,-20.8,-12.4,Away
2016,Melbourne,Adelaide,43.32,45.31,86.71,95.24,101.6,86.32,-15.02,8.92,40.0,100.0,81.2,95.24,101.6,86.32,-1.8,49.4,Away
2016,Port Adelaide,Hawthorn,61.86,51.02,94.1,98.62,92.58,88.53,1.54,10.11,60.0,100.0,101.2,98.62,92.58,88.53,26.0,41.8,Away
2016,Geelong,Sydney,77.61,51.74,100.12,93.46,84.1,80.98,16.19,12.64,60.0,60.0,95.6,93.46,84.1,80.98,15.2,14.6,Away
2016,GWS,Collingwood,41.18,52.33,78.24,95.86,108.42,88.44,-30.19,7.46,60.0,40.0,104.4,95.86,108.42,88.44,19.8,-14.8,Away
2016,Gold Coast,Brisbane Lions,35.48,35.79,77.87,93.58,105.77,95.02,-28.12,-1.45,20.0,0.0,72.2,93.58,105.77,95.02,-23.6,-52.0,Home
2016,Footscray,Richmond,50.54,40.32,96.2,88.74,99.79,97.77,-3.63,-9.16,80.0,60.0,76.6,88.74,99.79,97.77,-4.2,-2.2,Home
2016,Melbourne,Fremantle,43.09,35.94,86.74,88.71,101.65,91.56,-15.03,-2.85,20.0,60.0,74.6,88.71,101.65,91.56,-18.8,19.4,Home
2016,Carlton,Adelaide,42.25,45.6,92.45,95.3,99.99,86.35,-7.62,8.96,40.0,100.0,78.8,95.3,99.99,86.35,-9.8,38.8,Away
2016,West Coast,North Melbourne,64.8,46.67,94.42,95.25,91.61,96.27,2.85,-1.03,60.0,20.0,108.8,95.25,91.61,96.27,33.4,-5.8,Home
2016,Essendon,St Kilda,56.61,38.42,95.51,89.58,97.17,91.85,-1.69,-2.31,0.0,60.0,59.8,89.58,97.17,91.85,-66.0,-11.8,Away
2016,Sydney,Hawthorn,66.67,51.27,93.47,98.63,80.93,88.51,12.7,10.15,60.0,100.0,81.0,98.63,80.93,88.51,17.0,36.6,Away
2016,Fremantle,Geelong,61.9,51.83,88.63,100.02,91.54,84.14,-2.93,16.05,60.0,60.0,90.2,100.02,91.54,84.14,19.8,11.4,Away
2016,Richmond,Essendon,44.09,40.1,88.71,95.51,97.74,97.2,-9.16,-1.71,40.0,0.0,83.2,95.51,97.74,97.2,-11.8,-60.6,Home
2016,North Melbourne,Port Adelaide,56.68,41.45,95.19,94.06,96.29,92.6,-1.11,1.48,20.0,40.0,84.2,94.06,96.29,92.6,-7.0,12.6,Away
2016,Footscray,Gold Coast,50.8,16.13,96.17,78.36,99.72,105.82,-3.59,-27.69,80.0,40.0,78.8,78.36,99.72,105.82,-6.4,-3.0,Home
2016,Adelaide,Collingwood,65.1,52.58,95.33,95.94,86.24,88.46,9.09,7.52,100.0,60.0,113.0,95.94,86.24,88.46,46.4,-4.2,Home
2016,Carlton,West Coast,42.02,37.89,92.33,94.45,100.01,91.56,-7.76,2.92,20.0,60.0,67.4,94.45,100.01,91.56,-25.6,24.4,Away
2016,St Kilda,Melbourne,53.89,28.88,89.63,86.74,91.86,101.53,-2.28,-14.91,60.0,40.0,85.0,86.74,91.86,101.53,-16.4,-3.4,Home
2016,Brisbane Lions,GWS,58.55,17.65,93.63,78.38,95.13,108.58,-1.51,-30.2,0.0,60.0,79.6,78.38,95.13,108.58,-47.6,17.8,Away
2016,Collingwood,North Melbourne,60.3,46.43,95.87,95.14,88.48,96.31,7.43,-1.18,60.0,0.0,78.8,95.14,88.48,96.31,3.6,-26.6,Away
2016,Sydney,Carlton,66.33,36.84,93.41,92.28,80.92,99.96,12.66,-7.76,40.0,0.0,79.2,92.28,80.92,99.96,8.4,-34.6,Home
2016,Gold Coast,Fremantle,36.51,35.75,78.21,88.55,105.83,91.51,-27.85,-2.96,40.0,40.0,92.6,88.55,105.83,91.51,-5.0,0.6,Home
2016,West Coast,Melbourne,64.97,28.72,94.42,86.71,91.51,101.55,2.93,-14.97,80.0,40.0,104.6,86.71,91.51,101.55,27.4,-7.0,Home
2016,Geelong,Adelaide,77.23,45.88,99.96,95.34,84.08,86.2,16.05,9.14,60.0,100.0,86.6,95.34,84.08,86.2,12.8,34.4,Home
2016,Footscray,St Kilda,51.06,38.74,96.19,89.68,99.61,91.82,-3.46,-2.17,80.0,80.0,83.6,89.68,99.61,91.82,1.6,8.4,Away
2016,Essendon,Brisbane Lions,56.32,35.6,95.48,93.56,97.22,95.26,-1.76,-1.72,0.0,0.0,73.2,93.56,97.22,95.26,-48.6,-55.8,Away
2016,Hawthorn,Richmond,68.02,40.11,98.57,88.74,88.46,97.7,10.13,-9.08,100.0,60.0,101.2,88.74,88.46,97.7,34.0,6.0,Home
2016,Port Adelaide,GWS,61.54,19.23,94.09,79.03,92.56,108.18,1.54,-29.15,40.0,80.0,88.8,79.03,92.56,108.18,4.8,35.6,Away
2016,Geelong,Footscray,77.34,40.93,99.93,96.1,84.01,99.55,16.08,-3.49,60.0,60.0,82.6,96.1,84.01,99.55,12.6,-2.0,Home
2016,GWS,Richmond,40.38,39.89,79.03,88.62,107.72,97.74,-28.7,-9.25,80.0,40.0,112.4,88.62,107.72,97.74,31.0,-11.4,Home
2016,Hawthorn,Carlton,68.18,36.65,98.61,92.22,88.35,99.89,10.28,-7.76,100.0,0.0,93.8,92.22,88.35,99.89,26.4,-29.4,Home
2016,Collingwood,West Coast,60.0,38.22,95.84,94.34,88.57,91.43,7.31,2.94,60.0,100.0,84.0,94.34,88.57,91.43,4.8,34.4,Home
2016,North Melbourne,St Kilda,56.38,39.06,95.22,89.64,96.28,91.73,-1.07,-2.13,20.0,80.0,84.8,89.64,96.28,91.73,-12.4,5.0,Home
2016,Brisbane Lions,Port Adelaide,58.25,41.75,93.65,94.01,95.25,92.53,-1.62,1.49,20.0,40.0,93.0,94.01,95.25,92.53,-31.8,1.6,Away
2016,Melbourne,Gold Coast,43.39,15.87,86.63,78.42,101.46,105.64,-14.94,-27.44,20.0,60.0,70.0,78.42,101.46,105.64,-17.4,3.2,Home
2016,Fremantle,Sydney,61.58,51.98,88.53,93.37,91.54,80.88,-3.02,12.64,20.0,60.0,64.0,93.37,91.54,80.88,-20.8,18.0,Away
2016,Adelaide,Essendon,65.28,39.9,95.23,95.47,86.2,97.3,9.04,-1.85,80.0,0.0,95.8,95.47,86.2,97.3,22.6,-34.4,Home
2016,Richmond,Collingwood,44.39,52.31,88.45,95.83,97.78,88.53,-9.46,7.34,20.0,60.0,60.0,95.83,97.78,88.53,-37.4,-1.0,Home
2016,Sydney,Port Adelaide,66.5,42.05,93.48,94.21,80.8,92.49,12.84,1.73,60.0,60.0,91.6,94.21,80.8,92.49,25.0,23.8,Home
2016,Melbourne,Hawthorn,43.68,51.52,86.58,98.54,101.36,88.26,-14.9,10.31,40.0,100.0,77.0,98.54,101.36,88.26,-6.0,28.4,Home
2016,Gold Coast,GWS,37.5,20.75,78.3,79.33,105.33,106.92,-27.24,-27.59,60.0,80.0,95.0,79.33,105.33,106.92,8.0,43.2,Away
2016,Footscray,North Melbourne,50.79,46.7,96.05,95.19,99.56,96.19,-3.54,-1.01,60.0,40.0,82.6,95.19,99.56,96.19,4.4,-6.0,Home
2016,Adelaide,Brisbane Lions,65.46,35.94,95.35,93.61,86.13,95.45,9.22,-1.86,80.0,20.0,104.4,93.61,86.13,95.45,32.4,-40.8,Home
2016,Carlton,St Kilda,41.8,38.86,92.12,89.57,99.83,91.72,-7.79,-2.18,0.0,60.0,58.0,89.57,99.83,91.72,-20.8,-0.2,Away
2016,Geelong,Essendon,77.45,39.69,99.93,95.38,83.99,97.42,16.11,-2.06,60.0,0.0,83.2,95.38,83.99,97.42,6.2,-45.4,Home
2016,Fremantle,West Coast,61.26,38.02,88.43,94.29,91.66,91.43,-3.24,2.89,0.0,80.0,56.2,94.29,91.66,91.43,-42.2,20.8,Away
2016,Footscray,Collingwood,51.05,52.04,95.96,95.78,99.42,88.53,-3.5,7.28,60.0,40.0,78.2,95.78,99.42,88.53,6.4,-6.4,Home
2016,Brisbane Lions,Carlton,57.95,36.46,93.47,92.01,95.66,99.88,-2.21,-7.96,20.0,0.0,85.2,92.01,95.66,99.88,-60.0,-32.6,Home
2016,Hawthorn,North Melbourne,68.34,46.46,98.5,95.06,88.32,96.1,10.21,-1.04,80.0,40.0,89.0,95.06,88.32,96.1,17.4,-2.2,Home
2016,GWS,West Coast,41.51,38.34,79.45,94.33,106.71,91.36,-27.26,3.0,80.0,80.0,104.2,94.33,106.71,91.36,32.4,14.4,Away
2016,St Kilda,Sydney,54.12,52.22,89.65,93.49,91.61,80.68,-1.99,12.97,80.0,80.0,95.6,93.49,91.61,80.68,22.0,39.2,Away
2016,Port Adelaide,Melbourne,61.22,28.57,94.05,86.64,92.51,101.31,1.55,-14.78,40.0,60.0,90.0,86.64,92.51,101.31,2.8,4.2,Away
2016,Essendon,Gold Coast,56.02,15.62,95.22,78.35,97.42,105.22,-2.23,-27.09,0.0,40.0,73.4,78.35,97.42,105.22,-43.0,-1.6,Home
2016,Richmond,Geelong,44.68,52.08,88.46,99.93,97.72,83.86,-9.39,16.23,40.0,80.0,67.2,99.93,97.72,83.86,-26.8,20.0,Away
2016,Fremantle,Adelaide,60.94,45.64,88.36,95.56,91.71,86.01,-3.36,9.55,0.0,80.0,61.6,95.56,91.71,86.01,-41.8,55.6,Away
2016,West Coast,Hawthorn,65.15,51.26,94.33,98.49,91.37,88.24,2.99,10.28,80.0,80.0,85.4,98.49,91.37,88.24,8.2,20.8,Home
2016,North Melbourne,Sydney,56.61,52.45,94.97,93.62,96.1,80.67,-1.14,13.12,40.0,80.0,78.0,93.62,96.1,80.67,-3.6,45.6,Away
2016,Richmond,St Kilda,44.44,39.18,88.43,89.62,97.68,91.75,-9.38,-2.17,40.0,60.0,67.8,89.62,97.68,91.75,-25.6,5.8,Away
2016,GWS,Fremantle,40.74,35.57,79.6,88.32,106.62,91.84,-27.02,-3.53,80.0,0.0,104.8,88.32,106.62,91.84,38.6,-49.8,Home
2016,Collingwood,Gold Coast,60.2,15.38,95.77,78.28,88.55,104.99,7.26,-26.92,20.0,20.0,82.6,78.28,88.55,104.99,-13.4,-8.0,Home
2016,Port Adelaide,Adelaide,60.91,45.92,93.95,95.68,92.51,85.97,1.45,9.71,40.0,80.0,85.0,95.68,92.51,85.97,-0.8,58.0,Away
2016,Carlton,Melbourne,41.58,28.95,92.02,86.66,99.88,101.18,-7.94,-14.63,0.0,60.0,68.8,86.66,99.88,101.18,-21.4,5.8,Home
2016,Brisbane Lions,Geelong,58.16,52.33,93.49,99.89,95.66,83.85,-2.19,16.2,40.0,100.0,82.4,99.89,95.66,83.85,-54.0,28.4,Away
2016,Essendon,Footscray,56.25,40.72,95.17,95.96,97.35,99.4,-2.21,-3.48,20.0,60.0,68.8,95.96,97.35,99.4,-39.6,5.0,Away
2016,Adelaide,West Coast,65.64,38.66,95.72,94.33,85.99,91.31,9.73,3.05,80.0,80.0,125.2,94.33,85.99,91.31,55.4,11.8,Away
2016,Geelong,Melbourne,77.56,28.8,99.96,86.59,83.81,101.12,16.31,-14.65,100.0,60.0,99.8,86.59,83.81,101.12,37.0,9.0,Home
2016,Essendon,Carlton,55.96,36.27,95.06,91.98,97.34,99.77,-2.31,-7.87,20.0,20.0,62.8,91.98,97.34,99.77,-43.8,-16.0,Home
2016,Sydney,Richmond,66.67,39.68,93.6,88.32,80.66,97.57,13.11,-9.38,100.0,20.0,108.4,88.32,80.66,97.57,48.4,-31.2,Home
2016,North Melbourne,GWS,56.32,22.22,94.92,80.06,96.07,105.98,-1.16,-25.93,40.0,80.0,77.8,80.06,96.07,105.98,0.2,41.2,Away
2016,Gold Coast,Port Adelaide,36.92,41.84,78.04,93.95,105.09,92.56,-27.26,1.4,20.0,20.0,73.8,93.95,105.09,92.56,-12.6,-9.4,Away
2016,St Kilda,Brisbane Lions,53.85,35.75,89.53,93.43,91.63,95.75,-2.14,-2.34,60.0,40.0,78.0,93.43,91.63,95.75,0.4,-50.2,Home
2016,Hawthorn,Collingwood,68.5,51.78,98.42,95.83,88.25,88.45,10.19,7.42,60.0,40.0,86.4,95.83,88.25,88.45,14.8,6.4,Home
2016,Fremantle,Footscray,60.62,41.03,88.18,95.95,91.94,99.28,-3.76,-3.37,0.0,60.0,59.8,95.95,91.94,99.28,-64.8,3.4,Home
2016,West Coast,Footscray,65.33,40.82,94.34,95.83,91.26,99.2,3.12,-3.41,80.0,60.0,94.2,95.83,91.26,99.2,16.4,2.4,Away
2016,Geelong,Hawthorn,77.67,51.0,100.1,98.45,83.71,88.31,16.55,10.17,100.0,60.0,113.8,98.45,83.71,88.31,53.2,1.0,Home
2016,Sydney,GWS,66.83,23.64,93.77,80.24,80.58,105.59,13.36,-25.35,100.0,80.0,126.4,80.24,80.58,105.59,69.8,44.8,Away
2016,Adelaide,North Melbourne,65.31,46.23,95.65,94.84,86.03,96.08,9.63,-1.25,80.0,20.0,128.4,94.84,86.03,96.08,55.6,-15.2,Home
2016,Hawthorn,Footscray,68.66,41.12,98.41,95.84,88.3,99.08,10.14,-3.28,40.0,80.0,87.8,95.84,88.3,99.08,-3.2,16.8,Away
2016,Sydney,Adelaide,66.5,46.19,93.68,95.77,80.61,86.01,13.23,9.76,80.0,80.0,110.0,95.77,80.61,86.01,44.6,51.6,Home
2016,Geelong,Sydney,77.78,52.68,100.06,93.74,83.71,80.61,16.52,13.29,100.0,80.0,110.2,93.74,83.71,80.61,48.6,38.4,Away
2016,GWS,Footscray,41.82,41.41,80.33,95.87,105.14,99.04,-24.8,-3.21,80.0,80.0,101.6,95.87,105.14,99.04,34.4,18.6,Away
2016,Sydney,Footscray,66.67,41.71,93.75,95.85,80.56,99.0,13.35,-3.19,80.0,80.0,103.8,95.85,80.56,99.0,31.8,19.2,Away
2017,Carlton,Richmond,41.88,39.47,91.95,88.22,99.78,97.74,-7.91,-9.65,20.0,20.0,71.6,88.22,99.78,97.74,-19.6,-39.8,Away
2017,Collingwood,Footscray,60.4,42.0,95.86,95.83,88.5,98.92,7.4,-3.12,40.0,80.0,97.8,95.83,88.5,98.92,14.2,15.6,Away
2017,St Kilda,Melbourne,54.08,28.65,89.71,86.48,91.66,101.26,-1.98,-14.9,60.0,60.0,95.2,86.48,91.66,101.26,9.0,-12.0,Away
2017,Sydney,Port Adelaide,66.34,42.13,93.68,93.94,80.58,92.49,13.26,1.46,60.0,40.0,100.2,93.94,80.58,92.49,25.6,-1.0,Away
2017,Essendon,Hawthorn,56.19,50.75,95.08,98.37,97.29,88.34,-2.24,10.05,40.0,40.0,65.2,98.37,97.29,88.34,-31.6,-2.0,Home
2017,Gold Coast,Brisbane Lions,36.36,35.57,77.95,93.45,104.97,95.91,-27.23,-2.49,0.0,20.0,66.0,93.45,104.97,95.91,-22.0,-69.2,Away
2017,North Melbourne,West Coast,56.02,38.97,94.8,94.24,96.19,91.28,-1.41,2.99,0.0,80.0,64.4,94.24,96.19,91.28,-32.2,10.8,Away
2017,Adelaide,GWS,65.48,25.0,95.73,80.36,86.09,104.99,9.65,-24.63,60.0,60.0,109.0,80.36,86.09,104.99,16.8,31.6,Home
2017,Fremantle,Geelong,60.82,52.58,88.13,99.96,91.83,83.74,-3.7,16.38,20.0,80.0,57.4,99.96,91.83,83.74,-56.0,28.0,Away
2017,Richmond,Collingwood,44.21,51.52,88.33,95.84,97.72,88.53,-9.51,7.34,40.0,20.0,79.8,95.84,97.72,88.53,-13.6,7.6,Home
2017,Footscray,Sydney,51.31,52.91,95.84,93.65,98.89,80.66,-3.08,13.16,100.0,40.0,96.8,93.65,98.89,80.66,22.4,-2.6,Home
2017,Hawthorn,Adelaide,68.32,45.96,98.36,95.86,88.41,86.1,9.97,9.76,20.0,60.0,87.4,95.86,88.41,86.1,-14.8,13.6,Away
2017,GWS,Gold Coast,41.07,15.15,80.45,78.08,105.36,104.92,-24.91,-27.04,60.0,0.0,98.8,78.08,105.36,104.92,20.6,-22.0,Home
2017,Brisbane Lions,Essendon,57.87,39.49,93.46,95.13,95.91,97.27,-2.48,-2.17,40.0,60.0,81.6,95.13,95.91,97.27,-50.0,-10.2,Away
2017,West Coast,St Kilda,65.0,39.49,94.34,89.71,91.28,91.73,3.09,-2.06,80.0,60.0,95.4,89.71,91.28,91.73,10.2,7.6,Home
2017,Geelong,North Melbourne,77.4,46.0,100.0,94.79,83.72,96.3,16.45,-1.52,80.0,0.0,108.8,94.79,83.72,96.3,35.6,-38.0,Home
2017,Melbourne,Carlton,43.98,36.08,86.56,91.94,101.23,99.87,-14.78,-8.01,60.0,20.0,85.2,91.94,101.23,99.87,-6.4,-24.4,Home
2017,Port Adelaide,Fremantle,60.61,35.38,93.98,88.09,92.46,91.88,1.53,-3.8,40.0,20.0,76.0,88.09,92.46,91.88,-14.2,-46.4,Home
2017,Sydney,Collingwood,66.01,51.26,93.64,95.8,80.73,88.56,13.07,7.28,40.0,20.0,90.2,95.8,80.73,88.56,0.0,6.8,Away
2017,North Melbourne,GWS,55.73,24.56,94.83,81.15,96.34,104.95,-1.52,-23.8,0.0,60.0,84.4,81.15,96.34,104.95,-30.4,22.6,Away
2017,Richmond,West Coast,44.5,39.29,88.36,94.4,97.68,91.3,-9.44,3.13,40.0,80.0,81.2,94.4,97.68,91.3,-12.8,13.8,Home
2017,Geelong,Melbourne,77.51,29.02,100.03,86.56,83.78,101.14,16.41,-14.69,80.0,60.0,105.4,86.56,83.78,101.14,23.8,-7.8,Home
2017,Port Adelaide,Adelaide,60.8,46.23,94.11,95.91,92.37,86.11,1.75,9.8,60.0,60.0,98.4,95.91,92.37,86.11,17.0,15.4,Away
2017,Fremantle,Footscray,60.51,42.29,88.01,95.88,92.02,98.86,-4.02,-3.01,20.0,100.0,61.0,95.88,92.02,98.86,-55.0,17.6,Home
2017,St Kilda,Brisbane Lions,53.81,35.9,89.73,93.44,91.8,95.95,-2.1,-2.54,40.0,40.0,95.8,93.44,91.8,95.95,-10.4,-27.8,Home
2017,Carlton,Essendon,41.67,39.8,91.87,95.17,99.83,97.24,-8.04,-2.09,20.0,80.0,81.0,95.17,99.83,97.24,-14.6,8.4,Home
2017,Gold Coast,Hawthorn,35.82,50.5,77.93,98.33,105.33,88.47,-27.6,9.88,0.0,20.0,67.2,98.33,105.33,88.47,-40.8,-14.6,Home
2017,West Coast,Sydney,65.17,52.66,94.32,93.6,91.26,80.73,3.09,13.03,60.0,20.0,93.8,93.6,91.26,80.73,6.6,-7.4,Home
2017,North Melbourne,Footscray,55.44,42.08,94.76,95.82,96.37,98.83,-1.62,-3.04,0.0,80.0,82.6,95.82,96.37,98.83,-37.0,9.8,Away
2017,Melbourne,Fremantle,44.27,35.2,86.59,88.02,101.2,91.97,-14.73,-3.97,40.0,40.0,81.0,88.02,101.2,91.97,-21.6,-37.4,Away
2017,GWS,Port Adelaide,42.11,42.42,81.39,94.08,104.62,92.39,-23.23,1.7,60.0,60.0,106.8,94.08,104.62,92.39,23.6,21.6,Home
2017,Carlton,Gold Coast,41.97,14.93,91.78,78.39,99.68,104.94,-7.98,-26.75,40.0,20.0,73.4,78.39,99.68,104.94,-10.8,-22.4,Away
2017,Adelaide,Essendon,65.66,39.59,95.92,95.04,86.1,97.14,9.82,-2.13,80.0,60.0,116.6,95.04,86.1,97.14,24.6,4.2,Home
2017,Collingwood,St Kilda,60.1,39.29,95.76,89.78,88.54,91.76,7.26,-2.02,40.0,60.0,95.0,89.78,88.54,91.76,7.6,9.8,Away
2017,Brisbane Lions,Richmond,57.58,39.79,93.39,88.33,95.98,97.59,-2.61,-9.38,20.0,60.0,86.0,88.33,95.98,97.59,-34.8,-9.8,Away
2017,Hawthorn,Geelong,67.98,52.82,98.22,100.09,88.6,83.82,9.65,16.44,0.0,80.0,80.0,100.09,88.6,83.82,-32.0,7.4,Away
2017,Port Adelaide,Carlton,60.5,35.9,94.05,91.76,92.44,99.7,1.62,-8.03,60.0,20.0,101.6,91.76,92.44,99.7,18.4,-20.0,Home
2017,Footscray,Brisbane Lions,51.56,35.71,95.8,93.33,98.8,96.04,-3.03,-2.74,80.0,20.0,92.2,93.33,98.8,96.04,9.2,-33.2,Home
2017,Gold Coast,Adelaide,36.76,46.5,78.6,96.06,104.77,86.11,-26.36,9.95,40.0,80.0,93.4,96.06,104.77,86.11,-3.0,25.2,Away
2017,Sydney,GWS,65.69,25.86,93.53,81.66,80.75,104.41,12.94,-22.76,0.0,60.0,76.0,81.66,80.75,104.41,-20.0,22.6,Away
2017,Fremantle,North Melbourne,60.71,45.77,88.06,94.74,92.0,96.35,-3.95,-1.62,60.0,0.0,78.6,94.74,92.0,96.35,-18.6,-30.2,Home
2017,St Kilda,Geelong,54.04,53.06,89.72,100.18,91.66,83.73,-1.97,16.61,60.0,80.0,104.8,100.18,91.66,83.73,10.8,24.2,Away
2017,Hawthorn,West Coast,67.65,39.09,98.1,94.31,88.71,91.19,9.41,3.15,0.0,60.0,73.0,94.31,88.71,91.19,-48.8,6.0,Home
2017,Richmond,Melbourne,44.79,28.87,88.41,86.63,97.51,101.21,-9.22,-14.69,80.0,40.0,95.4,86.63,97.51,101.21,2.4,-18.0,Home
2017,Essendon,Collingwood,56.41,51.5,95.02,95.66,97.28,88.49,-2.29,7.21,60.0,20.0,92.0,95.66,97.28,88.49,-0.8,-9.4,Home
2017,GWS,Footscray,43.1,42.36,81.85,95.87,104.06,98.78,-22.21,-2.94,80.0,80.0,115.4,95.87,104.06,98.78,32.2,11.2,Home
2017,Hawthorn,St Kilda,67.8,39.59,98.16,89.72,88.68,91.75,9.51,-2.07,20.0,40.0,81.2,89.72,88.68,91.75,-34.2,-8.4,Away
2017,Carlton,Sydney,41.75,52.4,91.64,93.46,99.8,80.81,-8.24,12.8,20.0,0.0,67.8,93.46,99.8,80.81,-33.2,-24.0,Home
2017,Brisbane Lions,Port Adelaide,57.29,42.21,93.32,94.15,96.1,92.32,-2.81,1.84,20.0,60.0,83.0,94.15,96.1,92.32,-28.0,31.8,Away
2017,North Melbourne,Gold Coast,55.15,16.18,94.66,78.66,96.28,105.12,-1.63,-26.66,0.0,40.0,83.8,78.66,96.28,105.12,-18.8,-11.8,Home
2017,West Coast,Fremantle,65.35,35.53,94.26,88.01,91.28,91.93,3.02,-3.93,60.0,60.0,96.6,88.01,91.28,91.93,5.4,-21.6,Home
2017,Essendon,Melbourne,56.63,28.72,95.03,86.6,97.24,101.18,-2.24,-14.69,60.0,40.0,91.4,86.6,97.24,101.18,-2.0,1.6,Away
2017,Geelong,Collingwood,77.62,51.24,100.24,95.63,83.74,88.52,16.67,7.15,100.0,20.0,122.6,95.63,83.74,88.52,39.2,-12.8,Away
2017,Adelaide,Richmond,65.83,40.1,96.2,88.41,86.1,97.45,10.1,-9.16,100.0,100.0,133.2,88.41,86.1,97.45,45.8,27.6,Home
2017,St Kilda,GWS,53.77,27.12,89.82,81.8,91.66,103.8,-1.87,-22.0,60.0,100.0,98.2,81.8,91.66,103.8,12.6,43.8,Home
2017,North Melbourne,Adelaide,55.38,46.77,94.69,96.31,96.27,86.05,-1.59,10.26,20.0,100.0,86.6,96.31,96.27,86.05,-7.6,49.8,Home
2017,Collingwood,Carlton,59.8,35.71,95.66,91.65,88.49,99.74,7.2,-8.17,40.0,40.0,80.8,91.65,88.49,99.74,-4.2,-20.8,Away
2017,Port Adelaide,West Coast,60.7,38.89,94.29,94.29,92.26,91.2,2.05,3.11,60.0,60.0,119.2,94.29,92.26,91.2,42.8,5.0,Away
2017,Footscray,Richmond,51.81,39.9,95.81,88.34,98.72,97.56,-2.94,-9.34,60.0,80.0,93.4,88.34,98.72,97.56,8.0,3.8,Home
2017,Gold Coast,Geelong,36.23,53.3,78.77,100.19,105.14,83.8,-26.56,16.55,40.0,80.0,97.0,100.19,105.14,83.8,-14.0,25.0,Home
2017,Sydney,Brisbane Lions,65.37,35.53,93.42,93.25,80.85,96.24,12.73,-3.02,0.0,0.0,74.4,93.25,80.85,96.24,-22.2,-45.0,Home
2017,Melbourne,Hawthorn,44.04,50.25,86.67,98.06,101.11,88.78,-14.55,9.3,40.0,20.0,94.8,98.06,101.11,88.78,3.2,-44.2,Away
2017,Fremantle,Essendon,60.91,39.39,87.94,94.98,91.95,97.28,-4.02,-2.33,60.0,40.0,76.0,94.98,91.95,97.28,-21.4,-14.6,Home
2017,West Coast,Footscray,65.52,42.16,94.29,95.77,91.19,98.66,3.13,-2.92,60.0,60.0,86.2,95.77,91.19,98.66,3.2,4.4,Home
2017,Hawthorn,Brisbane Lions,67.48,35.35,98.05,93.22,88.78,96.34,9.29,-3.15,40.0,0.0,75.0,93.22,88.78,96.34,-38.8,-50.4,Home
2017,St Kilda,Carlton,54.0,36.04,89.87,91.62,91.64,99.63,-1.81,-8.09,80.0,60.0,100.4,91.62,91.64,99.63,21.0,-11.8,Home
2017,GWS,Collingwood,44.07,51.49,81.82,95.56,103.83,88.47,-22.01,7.13,80.0,40.0,97.2,95.56,103.83,88.47,18.8,-5.0,Home
2017,Essendon,Geelong,56.35,53.03,94.94,100.18,97.33,83.89,-2.42,16.45,20.0,60.0,76.6,100.18,97.33,83.89,-27.4,19.8,Home
2017,Adelaide,Melbourne,66.0,29.08,96.29,86.68,86.2,101.09,10.09,-14.52,80.0,20.0,126.4,86.68,86.2,101.09,33.2,-1.8,Away
2017,Gold Coast,Port Adelaide,37.14,42.5,79.09,94.27,105.09,92.27,-26.19,2.02,60.0,40.0,110.2,94.27,105.09,92.27,11.4,23.0,Away
2017,Richmond,Fremantle,45.08,35.35,88.31,88.01,97.52,91.92,-9.33,-3.92,60.0,80.0,84.4,88.01,97.52,91.92,-1.0,3.8,Away
2017,North Melbourne,Sydney,55.61,52.15,94.81,93.52,96.24,80.85,-1.44,12.83,40.0,20.0,93.4,93.52,96.24,80.85,4.4,-6.8,Away
2017,Geelong,Footscray,77.25,41.95,100.17,95.68,83.96,98.58,16.37,-2.93,40.0,60.0,106.0,95.68,83.96,98.58,10.6,6.0,Home
2017,St Kilda,Sydney,54.23,52.38,89.85,93.58,91.58,80.84,-1.75,12.9,80.0,40.0,96.0,93.58,91.58,80.84,18.6,1.8,Away
2017,GWS,Richmond,45.0,39.69,81.99,88.26,103.79,97.45,-21.8,-9.31,80.0,40.0,95.8,88.26,103.79,97.45,11.0,-3.6,Home
2017,Brisbane Lions,Adelaide,57.0,46.53,93.18,96.21,96.38,86.25,-3.24,9.96,0.0,60.0,76.0,96.21,96.38,86.25,-51.8,21.6,Away
2017,Collingwood,Hawthorn,59.51,50.49,95.57,98.09,88.5,88.75,7.1,9.36,20.0,60.0,79.8,98.09,88.5,88.75,-5.8,-14.0,Home
2017,Essendon,West Coast,56.57,39.2,94.98,94.23,97.31,91.12,-2.37,3.14,40.0,80.0,90.2,94.23,97.31,91.12,-21.0,7.0,Home
2017,Melbourne,North Melbourne,43.81,45.54,86.73,94.77,101.0,96.3,-14.38,-1.54,40.0,40.0,97.8,94.77,101.0,96.3,12.2,4.4,Away
2017,Fremantle,Carlton,61.11,35.86,87.97,91.56,91.87,99.59,-3.9,-8.12,80.0,40.0,84.6,91.56,91.87,99.59,1.0,-18.6,Home
2017,Geelong,Port Adelaide,77.36,42.79,100.18,94.31,83.95,92.14,16.38,2.19,40.0,60.0,100.0,94.31,83.95,92.14,-2.0,40.8,Home
2017,Sydney,Hawthorn,65.53,50.24,93.64,98.02,80.81,88.75,12.99,9.29,60.0,60.0,102.8,98.02,80.81,88.75,17.0,-0.4,Away
2017,Footscray,St Kilda,52.06,39.9,95.65,89.8,98.6,91.64,-2.98,-1.88,40.0,60.0,83.4,89.8,98.6,91.64,0.8,5.8,Home
2017,Melbourne,Gold Coast,43.59,15.94,86.74,78.8,101.01,105.13,-14.38,-26.52,40.0,40.0,95.0,78.8,101.01,105.13,9.8,-20.2,Home
2017,Richmond,Essendon,44.85,39.2,88.23,95.05,97.4,97.23,-9.29,-2.21,20.0,60.0,74.4,95.05,97.4,97.23,-14.6,4.2,Home
2017,Adelaide,Fremantle,65.67,35.68,96.32,87.97,86.18,91.76,10.14,-3.81,60.0,80.0,117.0,87.97,86.18,91.76,24.6,7.6,Home
2017,Collingwood,Brisbane Lions,59.71,35.18,95.55,93.09,88.46,96.49,7.13,-3.43,40.0,0.0,86.8,93.09,88.46,96.49,0.6,-57.4,Home
2017,Carlton,North Melbourne,42.05,45.81,91.45,94.8,99.56,96.29,-8.19,-1.5,40.0,60.0,68.0,94.8,99.56,96.29,-20.4,7.8,Away
2017,West Coast,GWS,65.69,26.67,94.16,81.96,91.2,103.55,2.98,-21.6,60.0,80.0,81.6,81.96,91.2,103.55,-10.4,5.4,Away
2017,Port Adelaide,Hawthorn,60.4,50.49,94.27,97.98,92.11,88.72,2.18,9.28,60.0,60.0,112.6,97.98,92.11,88.72,46.6,-9.2,Home
2017,Geelong,Adelaide,77.46,46.8,100.13,96.43,83.94,86.08,16.35,10.36,40.0,60.0,91.0,96.43,83.94,86.08,-9.2,31.2,Home
2017,Gold Coast,West Coast,36.62,39.0,78.86,94.15,105.25,91.22,-26.58,2.96,20.0,60.0,85.8,94.15,105.25,91.22,-32.4,-2.0,Home
2017,GWS,Essendon,45.9,39.0,82.09,94.98,103.44,97.19,-21.35,-2.24,80.0,40.0,87.6,94.98,103.44,97.19,-1.4,-2.4,Home
2017,North Melbourne,Richmond,55.33,39.49,94.84,88.21,96.29,97.32,-1.46,-9.23,80.0,20.0,109.4,88.21,96.29,97.32,12.2,-14.2,Away
2017,Fremantle,Collingwood,61.31,51.23,87.85,95.63,91.89,88.45,-4.05,7.22,60.0,60.0,75.8,95.63,91.89,88.45,-13.4,13.2,Away
2017,Sydney,Footscray,65.22,41.75,93.6,95.63,80.81,98.48,12.94,-2.87,60.0,40.0,105.2,95.63,80.81,98.48,24.2,2.4,Home
2017,Adelaide,St Kilda,65.84,39.7,96.38,89.7,86.1,91.64,10.28,-1.97,40.0,60.0,101.8,89.7,86.1,91.64,11.6,5.4,Home
2017,Hawthorn,Gold Coast,67.63,15.71,97.86,78.87,88.74,105.05,9.14,-26.37,60.0,40.0,81.4,78.87,88.74,105.05,-4.4,-18.4,Away
2017,Brisbane Lions,Fremantle,56.72,35.5,93.07,87.85,96.57,91.92,-3.53,-4.09,0.0,60.0,73.4,87.85,96.57,91.92,-60.0,-9.2,Home
2017,Essendon,Port Adelaide,56.78,42.57,95.0,94.28,97.24,92.0,-2.27,2.3,40.0,60.0,96.2,94.28,97.24,92.0,2.0,38.8,Home
2017,Carlton,GWS,41.84,27.87,91.47,82.37,99.59,103.42,-8.21,-21.05,40.0,80.0,77.8,82.37,99.59,103.42,-5.8,1.4,Home
2017,Melbourne,Collingwood,43.88,51.47,86.83,95.66,100.97,88.44,-14.25,7.25,60.0,60.0,104.4,95.66,100.97,88.44,19.4,11.4,Home
2017,West Coast,Geelong,65.37,52.76,94.1,100.12,91.19,83.92,2.94,16.36,40.0,60.0,79.4,100.12,91.19,83.92,-10.8,1.0,Home
2017,North Melbourne,St Kilda,55.05,39.5,94.77,89.61,96.3,91.69,-1.54,-2.11,60.0,40.0,101.2,89.61,96.3,91.69,2.6,-21.0,Away
2017,Richmond,Sydney,45.13,52.61,88.24,93.58,97.24,80.72,-9.11,13.02,40.0,80.0,80.4,93.58,97.24,80.72,8.0,37.2,Away
2017,Port Adelaide,Brisbane Lions,60.59,35.0,94.2,93.14,92.1,96.49,2.12,-3.38,40.0,20.0,87.0,93.14,92.1,96.49,8.2,-32.0,Home
2017,Gold Coast,Carlton,37.5,35.68,78.98,91.41,104.87,99.52,-26.07,-8.19,60.0,40.0,84.8,91.41,104.87,99.52,-12.6,-9.4,Away
2017,Footscray,Melbourne,52.31,29.44,95.5,86.87,98.45,100.97,-2.98,-14.2,40.0,60.0,70.8,86.87,98.45,100.97,-6.4,12.6,Away
2017,Adelaide,Hawthorn,66.01,50.24,96.42,97.81,86.02,88.76,10.39,9.08,60.0,40.0,106.8,97.81,86.02,88.76,34.8,-8.2,Away
2017,Sydney,Essendon,65.38,38.81,93.55,95.08,80.7,97.15,13.01,-2.09,80.0,60.0,96.2,95.08,80.7,97.15,28.2,23.4,Home
2017,Collingwood,Port Adelaide,59.9,42.36,95.67,94.27,88.48,92.07,7.22,2.22,60.0,60.0,104.6,94.27,88.48,92.07,15.2,18.2,Away
2017,Brisbane Lions,GWS,56.93,27.42,93.11,82.27,96.55,103.16,-3.47,-20.89,20.0,80.0,84.2,82.27,96.55,103.16,-29.2,5.8,Away
2017,Footscray,North Melbourne,52.04,46.08,95.4,94.71,98.49,96.28,-3.12,-1.58,20.0,40.0,66.0,94.71,98.49,96.28,-18.8,-12.6,Home
2017,West Coast,Melbourne,65.53,29.8,94.08,86.94,91.14,100.86,2.97,-14.02,40.0,80.0,76.6,86.94,91.14,100.86,-10.2,24.6,Away
2017,Geelong,Fremantle,77.57,35.32,100.05,87.79,83.91,92.0,16.29,-4.22,60.0,40.0,88.8,87.79,83.91,92.0,3.4,-28.0,Home
2017,Richmond,Carlton,44.9,36.0,88.2,91.39,97.2,99.45,-9.11,-8.14,40.0,40.0,79.6,91.39,97.2,99.45,7.2,-12.0,Home
2017,St Kilda,Gold Coast,53.96,16.9,89.61,78.94,91.64,104.72,-2.06,-25.96,40.0,40.0,69.2,78.94,91.64,104.72,-22.2,-19.6,Home
2017,Melbourne,Sydney,44.16,52.83,86.97,93.53,100.84,80.71,-13.98,12.98,80.0,80.0,105.6,93.53,100.84,80.71,17.0,20.0,Away
2017,Footscray,West Coast,52.28,38.81,95.43,94.08,98.5,91.16,-3.1,2.95,40.0,20.0,75.2,94.08,98.5,91.16,-17.0,-12.4,Away
2017,Carlton,Adelaide,42.13,46.57,91.31,96.38,99.41,86.05,-8.19,10.33,40.0,60.0,71.8,96.38,99.41,86.05,-13.4,40.2,Away
2017,Gold Coast,North Melbourne,36.99,45.85,78.89,94.74,104.7,96.31,-25.99,-1.58,40.0,40.0,81.4,94.74,104.7,96.31,-11.4,-4.4,Home
2017,GWS,Geelong,46.77,52.5,82.78,99.98,103.02,83.88,-20.24,16.26,80.0,80.0,101.8,99.98,103.02,83.88,17.2,7.2,Draw
2017,Port Adelaide,Richmond,60.78,39.8,94.26,88.19,92.0,97.1,2.29,-9.02,60.0,60.0,90.4,88.19,92.0,97.1,10.0,12.8,Away
2017,Essendon,Brisbane Lions,57.0,34.83,95.06,93.09,97.12,96.67,-2.09,-3.62,40.0,20.0,101.6,93.09,97.12,96.67,19.8,-33.6,Away
2017,Hawthorn,Collingwood,67.31,51.22,97.81,95.59,88.74,88.49,9.09,7.13,40.0,60.0,75.0,95.59,88.74,88.49,-13.0,9.6,Home
2017,Fremantle,St Kilda,61.0,39.8,87.75,89.64,91.95,91.59,-4.21,-1.98,20.0,40.0,70.0,89.64,91.95,91.59,-28.8,-19.8,Away
2017,Adelaide,Footscray,65.69,41.55,96.36,95.39,86.02,98.48,10.34,-3.11,60.0,40.0,99.8,95.39,86.02,98.48,26.6,-13.8,Home
2017,Hawthorn,GWS,67.46,28.57,97.86,82.67,88.75,102.75,9.12,-20.24,60.0,60.0,84.2,82.67,88.75,102.75,-4.6,16.6,Draw
2017,Collingwood,Essendon,59.62,38.61,95.58,95.03,88.56,97.1,7.06,-2.1,40.0,20.0,98.0,95.03,88.56,97.1,1.2,6.0,Away
2017,Sydney,Gold Coast,65.55,16.67,93.51,79.16,80.63,104.66,13.04,-25.68,80.0,60.0,82.8,79.16,80.63,104.66,17.0,-0.6,Home
2017,Brisbane Lions,Geelong,56.65,52.24,93.08,99.91,96.63,83.85,-3.59,16.26,40.0,60.0,92.4,99.91,96.63,83.85,-16.0,2.6,Away
2017,St Kilda,Richmond,54.19,40.1,89.64,88.16,91.56,97.01,-1.95,-8.97,60.0,80.0,77.0,88.16,91.56,97.01,-8.0,16.0,Home
2017,North Melbourne,Fremantle,54.77,35.15,94.75,87.73,96.36,91.95,-1.62,-4.23,20.0,0.0,91.2,87.73,96.36,91.95,-11.0,-37.6,Away
2017,Carlton,Melbourne,41.92,30.15,91.27,86.88,99.39,100.8,-8.19,-14.03,40.0,80.0,77.0,86.88,99.39,100.8,-8.8,12.8,Away
2017,West Coast,Port Adelaide,65.22,42.65,94.06,94.19,91.13,91.96,2.96,2.25,40.0,60.0,86.6,94.19,91.13,91.96,1.2,7.8,Away
2017,St Kilda,Essendon,54.41,38.92,89.76,95.08,91.51,97.06,-1.78,-2.01,80.0,40.0,94.6,95.08,91.51,97.06,13.4,16.4,Away
2017,Geelong,Hawthorn,77.67,50.48,100.06,97.85,83.83,88.77,16.42,9.12,60.0,40.0,94.2,97.85,83.83,88.77,19.2,-5.8,Home
2017,Port Adelaide,North Melbourne,60.49,45.63,94.25,94.72,91.95,96.33,2.32,-1.63,60.0,0.0,91.6,94.72,91.95,96.33,4.0,-15.2,Home
2017,Gold Coast,Collingwood,37.84,50.97,78.97,95.54,104.76,88.63,-25.97,6.95,40.0,20.0,81.8,95.54,104.76,88.63,-14.6,-15.2,Away
2017,GWS,Sydney,46.03,53.05,82.78,93.57,102.7,80.56,-20.24,13.17,40.0,100.0,99.6,93.57,102.7,80.56,15.0,31.6,Away
2017,Melbourne,Adelaide,43.94,46.83,86.88,96.38,100.76,85.92,-13.98,10.46,80.0,60.0,91.2,96.38,100.76,85.92,7.4,18.4,Away
2017,Richmond,Brisbane Lions,45.18,35.15,88.11,93.05,97.11,96.8,-9.12,-3.79,60.0,40.0,80.6,93.05,97.11,96.8,-0.4,-24.0,Home
2017,Carlton,Footscray,41.71,41.35,91.25,95.27,99.36,98.49,-8.19,-3.25,40.0,20.0,74.2,95.27,99.36,98.49,-7.0,-33.6,Away
2017,Fremantle,West Coast,60.7,39.11,87.73,94.05,91.92,91.2,-4.21,2.87,20.0,40.0,77.4,94.05,91.92,91.2,-16.8,-3.6,Away
2017,Adelaide,Geelong,65.85,52.48,96.43,100.03,85.89,83.83,10.54,16.39,80.0,60.0,100.4,100.03,85.89,83.83,32.0,15.4,Home
2017,Essendon,North Melbourne,56.72,45.41,95.14,94.63,96.96,96.41,-1.85,-1.8,60.0,0.0,106.6,94.63,96.96,96.41,31.8,-22.2,Home
2017,Melbourne,Port Adelaide,43.72,42.93,86.84,94.33,100.79,91.86,-14.06,2.49,60.0,80.0,84.4,94.33,100.79,91.86,-2.6,32.0,Home
2017,Footscray,Gold Coast,52.02,16.44,95.24,79.03,98.4,104.74,-3.2,-25.89,40.0,20.0,74.0,79.03,98.4,104.74,-20.4,-20.8,Home
2017,Sydney,St Kilda,65.71,40.1,93.58,89.68,80.57,91.57,13.16,-1.93,100.0,80.0,93.0,89.68,80.57,91.57,25.0,12.6,Home
2017,Fremantle,Hawthorn,60.4,50.24,87.62,97.82,91.88,88.77,-4.27,9.1,20.0,40.0,69.2,97.82,91.88,88.77,-18.8,3.8,Away
2017,Richmond,GWS,45.45,28.12,88.17,82.78,97.07,102.65,-9.01,-20.18,60.0,20.0,82.8,82.78,97.07,102.65,-1.2,9.2,Home
2017,Collingwood,West Coast,59.33,39.41,95.56,94.0,88.63,91.09,6.97,2.94,20.0,60.0,87.8,94.0,88.63,91.09,-16.2,3.0,Home
2017,Brisbane Lions,Carlton,56.37,35.82,93.02,91.18,96.84,99.32,-3.86,-8.22,20.0,20.0,83.2,91.18,96.84,99.32,-41.6,-11.2,Home
2017,Hawthorn,Sydney,67.14,53.27,97.83,93.6,88.67,80.52,9.2,13.23,60.0,100.0,99.2,93.6,88.67,80.52,17.4,31.6,Home
2017,North Melbourne,Melbourne,54.5,30.5,94.65,86.84,96.5,100.7,-1.86,-13.96,0.0,60.0,89.8,86.84,96.5,100.7,-24.2,-9.4,Home
2017,GWS,Fremantle,45.31,35.47,82.49,87.52,102.35,91.9,-20.17,-4.39,20.0,20.0,87.8,87.52,102.35,91.9,5.6,-17.8,Home
2017,Port Adelaide,St Kilda,60.68,39.9,94.26,89.61,91.85,91.6,2.43,-2.03,60.0,60.0,93.6,89.61,91.85,91.6,19.4,0.8,Home
2017,Carlton,Geelong,41.5,52.22,91.15,99.96,99.35,83.85,-8.28,16.3,0.0,60.0,72.2,99.96,99.35,83.85,-19.2,13.8,Away
2017,Gold Coast,Richmond,37.33,39.9,78.87,88.11,104.78,96.94,-26.08,-8.94,20.0,80.0,77.0,88.11,104.78,96.94,-29.6,4.4,Away
2017,Footscray,Essendon,52.26,39.22,95.27,95.23,98.3,96.98,-3.05,-1.78,60.0,60.0,84.8,95.23,98.3,96.98,1.8,23.2,Home
2017,Collingwood,Adelaide,59.52,47.09,95.56,96.42,88.62,85.85,6.97,10.57,40.0,80.0,86.4,96.42,88.62,85.85,-13.8,24.8,Draw
2017,West Coast,Brisbane Lions,64.9,34.98,93.98,93.06,91.09,96.8,2.91,-3.77,40.0,40.0,86.0,93.06,91.09,96.8,-1.2,-27.6,Home
2017,Geelong,Sydney,77.78,53.02,100.01,93.53,83.79,80.5,16.42,13.19,60.0,80.0,102.4,93.53,83.79,80.5,26.4,30.2,Away
2017,GWS,Melbourne,46.15,30.35,82.61,86.81,102.22,100.64,-19.92,-13.94,20.0,40.0,78.2,86.81,102.22,100.64,-4.0,-10.8,Home
2017,Essendon,Carlton,56.93,35.64,95.23,91.07,97.06,99.41,-1.85,-8.42,60.0,0.0,109.2,91.07,97.06,99.41,17.4,-27.0,Home
2017,Brisbane Lions,Footscray,56.59,41.63,92.95,95.35,96.84,98.29,-3.93,-2.97,40.0,60.0,81.2,95.35,96.84,98.29,-29.2,7.6,Away
2017,North Melbourne,Collingwood,54.73,51.21,94.61,95.57,96.44,88.65,-1.84,6.97,20.0,40.0,83.8,95.57,96.44,88.65,-23.2,-7.6,Away
2017,Fremantle,Gold Coast,60.1,16.22,87.52,78.78,91.91,104.73,-4.41,-26.13,20.0,20.0,68.8,78.78,91.91,104.73,-19.8,-30.0,Home
2017,St Kilda,West Coast,54.15,39.22,89.54,94.02,91.53,90.98,-2.03,3.07,40.0,60.0,80.8,94.02,91.53,90.98,-5.8,13.0,Home
2017,Richmond,Hawthorn,45.73,50.48,88.14,97.77,96.86,88.62,-8.83,9.19,80.0,60.0,84.2,97.77,96.86,88.62,5.8,15.8,Home
2017,Adelaide,Port Adelaide,66.02,42.72,96.43,94.18,85.89,91.78,10.57,2.42,80.0,60.0,100.6,94.18,85.89,91.78,27.6,13.6,Home
2017,Footscray,GWS,52.5,27.69,95.37,82.72,98.27,101.92,-2.93,-19.5,80.0,40.0,93.4,82.72,98.27,101.92,11.8,3.0,Away
2017,Sydney,Fremantle,65.88,35.29,93.56,87.52,80.45,91.85,13.27,-4.34,80.0,40.0,97.6,87.52,80.45,91.85,32.4,-13.4,Home
2017,Geelong,Richmond,77.42,40.2,99.92,88.15,83.85,96.78,16.27,-8.74,60.0,80.0,101.0,88.15,83.85,96.78,17.2,9.0,Home
2017,Brisbane Lions,Gold Coast,56.31,16.0,92.94,78.7,96.85,104.64,-3.96,-26.11,20.0,0.0,81.0,78.7,96.85,104.64,-33.6,-38.4,Home
2017,Essendon,Adelaide,57.14,46.86,95.21,96.51,97.0,85.79,-1.82,10.75,80.0,80.0,109.6,96.51,97.0,85.79,20.6,42.0,Away
2017,West Coast,Carlton,65.07,35.47,94.03,91.03,91.01,99.37,3.05,-8.42,40.0,0.0,91.0,91.03,91.01,99.37,10.0,-26.2,Home
2017,Melbourne,St Kilda,44.0,39.71,86.75,89.57,100.63,91.54,-13.99,-2.0,40.0,40.0,76.4,89.57,100.63,91.54,-10.8,-6.0,Home
2017,Hawthorn,North Melbourne,67.3,45.19,97.69,94.51,88.63,96.47,9.1,-1.97,40.0,20.0,83.6,94.51,88.63,96.47,5.2,-30.2,Home
2017,Port Adelaide,Collingwood,60.87,51.44,94.07,95.61,91.87,88.58,2.21,7.08,60.0,60.0,84.2,95.61,91.87,88.58,-0.6,8.0,Home
2017,Adelaide,Sydney,66.18,53.24,96.58,93.68,85.78,80.36,10.82,13.48,80.0,80.0,112.6,93.68,85.78,80.36,38.8,39.8,Away
2017,Footscray,Port Adelaide,52.24,42.51,95.27,94.08,98.29,91.82,-3.04,2.27,80.0,60.0,95.8,94.08,98.29,91.82,14.0,-1.6,Away
2017,Collingwood,Geelong,59.24,52.45,95.55,99.87,88.6,83.8,7.0,16.26,60.0,60.0,96.2,99.87,88.6,83.8,10.0,3.0,Away
2017,GWS,West Coast,46.97,39.02,82.89,94.04,101.58,90.99,-18.98,3.08,60.0,60.0,85.6,94.04,101.58,90.99,12.6,19.8,Home
2017,Carlton,Hawthorn,41.29,50.24,91.01,97.73,99.37,88.63,-8.44,9.14,0.0,60.0,72.2,97.73,99.37,88.63,-28.0,10.6,Home
2017,Gold Coast,Essendon,36.84,39.02,78.74,95.17,104.88,97.07,-26.32,-1.92,0.0,60.0,72.0,95.17,104.88,97.07,-36.6,4.6,Away
2017,Melbourne,Brisbane Lions,44.28,34.8,86.77,93.06,100.56,96.82,-13.9,-3.8,40.0,40.0,77.6,93.06,100.56,96.82,-7.6,-5.0,Home
2017,St Kilda,North Melbourne,54.37,44.98,89.53,94.5,91.55,96.52,-2.06,-2.03,20.0,20.0,70.4,94.5,91.55,96.52,-24.2,-34.8,Home
2017,Fremantle,Richmond,60.29,40.0,87.4,88.1,91.98,96.74,-4.58,-8.75,20.0,80.0,61.4,88.1,91.98,96.74,-35.0,19.6,Away
2017,Hawthorn,Footscray,67.45,41.9,97.67,95.24,88.6,98.28,9.1,-3.08,60.0,60.0,84.4,95.24,88.6,98.28,9.8,6.6,Home
2017,Collingwood,Melbourne,58.96,30.2,95.47,86.81,88.56,100.54,6.96,-13.83,40.0,60.0,87.4,86.81,88.56,100.54,4.8,4.2,Home
2017,Brisbane Lions,North Melbourne,56.52,44.76,93.05,94.46,96.84,96.59,-3.83,-2.15,40.0,20.0,95.8,94.46,96.84,96.59,-1.4,-30.6,Away
2017,Sydney,Carlton,66.04,35.29,93.65,90.98,80.35,99.3,13.46,-8.4,80.0,20.0,100.0,90.98,80.35,99.3,37.8,-22.6,Home
2017,Geelong,GWS,77.52,28.79,99.8,82.87,83.74,101.26,16.25,-18.67,60.0,80.0,80.8,82.87,83.74,101.26,4.6,19.4,Home
2017,Port Adelaide,Gold Coast,61.06,15.79,94.08,78.59,91.79,104.78,2.31,-26.36,60.0,0.0,73.6,78.59,91.79,104.78,-12.2,-40.2,Home
2017,Essendon,Fremantle,56.86,35.12,95.16,87.31,96.97,92.13,-1.84,-4.83,60.0,20.0,96.6,87.31,96.97,92.13,-1.0,-49.8,Home
2017,Richmond,St Kilda,46.0,39.51,88.26,89.62,96.62,91.51,-8.47,-1.93,80.0,40.0,95.2,89.62,96.62,91.51,34.2,-2.2,Home
2017,West Coast,Adelaide,65.24,47.12,93.96,96.54,90.97,85.77,3.02,10.79,40.0,60.0,90.6,96.54,90.97,85.77,9.6,29.0,Home
2017,Adelaide,GWS,65.87,28.36,96.47,82.69,85.81,101.28,10.69,-18.86,40.0,80.0,101.4,82.69,85.81,101.28,19.0,14.4,Home
2017,Geelong,Richmond,77.63,40.3,99.81,88.35,83.69,96.58,16.32,-8.34,80.0,80.0,87.4,88.35,83.69,96.58,17.6,38.6,Away
2017,Sydney,Essendon,66.2,39.32,93.76,95.18,80.3,96.96,13.61,-1.8,80.0,60.0,107.4,95.18,80.3,96.96,45.6,-3.4,Home
2017,Port Adelaide,West Coast,61.24,38.83,94.18,93.97,91.62,90.92,2.58,3.08,80.0,60.0,87.6,93.97,91.62,90.92,15.4,17.0,Away
2017,Geelong,Sydney,77.27,53.46,99.67,93.82,83.7,80.24,16.15,13.73,60.0,100.0,70.8,93.82,83.7,80.24,-5.6,59.8,Home
2017,GWS,West Coast,47.76,39.13,82.44,93.94,101.15,90.88,-18.99,3.08,60.0,60.0,78.0,93.94,101.15,90.88,4.8,3.8,Home
2017,Adelaide,Geelong,66.03,52.68,96.44,99.66,85.72,83.6,10.76,16.26,60.0,80.0,97.6,99.66,85.72,83.6,26.2,15.4,Home
2017,Richmond,GWS,46.27,27.94,88.35,82.75,96.44,100.83,-8.19,-18.35,80.0,60.0,105.4,82.75,96.44,100.83,42.2,11.2,Home
2017,Adelaide,Richmond,66.19,40.59,96.54,88.39,85.69,96.37,10.88,-8.08,60.0,80.0,98.8,88.39,85.69,96.37,21.6,43.6,Away
2018,Richmond,Carlton,46.53,35.12,88.44,90.9,96.28,99.4,-7.94,-8.58,100.0,20.0,115.8,90.9,96.28,99.4,56.0,-32.8,Home
2018,Essendon,Adelaide,57.07,46.89,95.09,96.45,97.02,85.74,-1.95,10.74,60.0,40.0,83.4,96.45,97.02,85.74,-10.4,3.4,Home
2018,St Kilda,Brisbane Lions,54.59,34.63,89.6,93.02,91.59,96.92,-2.03,-3.94,40.0,20.0,88.8,93.02,91.59,96.92,-2.0,-17.6,Home
2018,Port Adelaide,Fremantle,60.95,34.95,94.14,87.33,91.58,92.17,2.57,-4.85,60.0,20.0,90.2,87.33,91.58,92.17,14.6,-42.4,Home
2018,Hawthorn,Collingwood,67.61,51.2,97.67,95.47,88.61,88.54,9.1,6.98,60.0,40.0,84.2,95.47,88.61,88.54,1.2,6.4,Home
2018,Gold Coast,North Melbourne,36.36,45.02,78.21,94.55,104.98,96.55,-26.94,-2.02,0.0,40.0,58.6,94.55,104.98,96.55,-52.4,-15.0,Home
2018,GWS,Footscray,48.53,41.71,82.64,95.22,100.85,98.28,-18.48,-3.09,40.0,40.0,76.0,95.22,100.85,98.28,-5.6,-6.0,Home
2018,Melbourne,Geelong,44.55,52.43,86.8,99.61,100.54,83.72,-13.84,16.07,40.0,60.0,83.4,99.61,100.54,83.72,-3.6,0.4,Away
2018,West Coast,Sydney,65.4,53.21,93.85,93.69,90.96,80.28,2.91,13.56,60.0,80.0,79.2,93.69,90.96,80.28,-8.0,38.8,Away
2018,Adelaide,Richmond,65.88,40.89,96.43,88.52,85.77,96.28,10.68,-7.86,40.0,100.0,87.6,88.52,85.77,96.28,1.6,40.4,Home
2018,North Melbourne,St Kilda,54.46,39.32,94.41,89.64,96.45,91.57,-2.05,-1.96,20.0,60.0,78.6,89.64,96.45,91.57,-19.0,3.4,Home
2018,Carlton,Gold Coast,41.58,15.58,90.91,78.06,99.45,104.55,-8.63,-26.66,20.0,20.0,77.6,78.06,99.45,104.55,-25.0,-42.6,Away
2018,Collingwood,GWS,59.15,27.54,95.41,83.0,88.57,100.49,6.88,-17.74,40.0,40.0,81.4,83.0,88.57,100.49,-0.4,6.6,Away
2018,Brisbane Lions,Melbourne,56.25,30.05,92.99,86.82,96.94,100.53,-3.99,-13.81,20.0,40.0,96.6,86.82,96.94,100.53,-9.0,-3.4,Away
2018,Fremantle,Essendon,60.0,39.13,87.26,95.1,92.21,96.99,-4.96,-1.92,20.0,60.0,66.4,95.1,92.21,96.99,-50.0,-9.6,Home
2018,Footscray,West Coast,51.98,38.94,95.12,93.83,98.37,91.02,-3.28,2.84,20.0,40.0,76.0,93.83,98.37,91.02,-28.4,-17.2,Away
2018,Sydney,Port Adelaide,66.36,42.79,93.74,94.17,80.3,91.51,13.6,2.69,80.0,80.0,99.2,94.17,80.3,91.51,23.8,41.4,Away
2018,Geelong,Hawthorn,77.38,50.0,99.6,97.68,83.75,88.56,16.04,9.16,60.0,60.0,82.6,97.68,83.75,88.56,-1.2,6.8,Away
2018,Carlton,Collingwood,41.38,50.95,90.85,95.37,99.45,88.59,-8.69,6.83,20.0,20.0,75.8,95.37,99.45,88.59,-30.2,-14.4,Away
2018,Port Adelaide,Brisbane Lions,61.14,34.47,94.17,92.94,91.46,96.95,2.73,-4.05,80.0,20.0,102.2,92.94,91.46,96.95,40.6,-11.4,Home
2018,Melbourne,North Melbourne,44.33,44.81,86.85,94.41,100.46,96.32,-13.71,-1.92,60.0,40.0,95.4,94.41,100.46,96.32,8.8,2.2,Home
2018,Gold Coast,Fremantle,37.18,34.78,78.21,87.31,104.31,92.2,-26.27,-4.91,40.0,20.0,63.4,87.31,104.31,92.2,-31.2,-51.4,Away
2018,St Kilda,Adelaide,54.81,46.67,89.53,96.48,91.57,85.77,-2.08,10.74,40.0,60.0,86.0,96.48,91.57,85.77,-8.6,14.6,Away
2018,Sydney,GWS,66.05,28.57,93.69,83.09,80.33,100.33,13.52,-17.5,60.0,60.0,96.8,83.09,80.33,100.33,18.6,18.6,Home
2018,Richmond,Hawthorn,46.8,50.23,88.5,97.72,96.33,88.62,-7.93,9.14,80.0,80.0,101.0,97.72,96.33,88.62,25.0,12.8,Home
2018,Footscray,Essendon,51.72,38.94,95.06,95.09,98.42,97.01,-3.4,-1.95,0.0,60.0,69.4,95.09,98.42,97.01,-41.4,-4.2,Home
2018,West Coast,Geelong,65.09,52.66,93.9,99.64,90.97,83.83,2.95,16.0,60.0,40.0,88.6,99.64,90.97,83.83,-2.8,-10.2,Home
2018,Adelaide,Collingwood,66.04,51.18,96.5,95.38,85.69,88.56,10.83,6.87,60.0,40.0,101.0,95.38,85.69,88.56,17.2,-4.2,Away
2018,GWS,Fremantle,49.28,35.1,83.11,87.33,100.35,92.14,-17.49,-4.83,60.0,40.0,101.4,87.33,100.35,92.14,22.6,-25.0,Home
2018,Richmond,Brisbane Lions,47.06,34.3,88.53,92.94,96.31,96.95,-7.88,-4.05,80.0,0.0,103.2,92.94,96.31,96.95,17.4,-24.0,Home
2018,Footscray,Sydney,51.96,53.42,95.08,93.71,98.38,80.34,-3.34,13.52,20.0,60.0,78.8,93.71,98.38,80.34,-27.6,5.6,Away
2018,North Melbourne,Carlton,54.68,34.95,94.39,90.81,96.39,99.45,-2.01,-8.73,40.0,20.0,85.6,90.81,96.39,99.45,0.2,-31.6,Home
2018,West Coast,Gold Coast,65.26,16.67,93.9,78.15,90.95,104.26,2.98,-26.28,60.0,40.0,87.6,78.15,90.95,104.26,-5.6,-25.2,Home
2018,Essendon,Port Adelaide,57.28,43.06,95.06,94.18,97.03,91.46,-2.0,2.74,40.0,80.0,87.0,94.18,97.03,91.46,-15.0,38.2,Home
2018,Hawthorn,Melbourne,67.76,30.39,97.7,86.94,88.65,100.43,9.09,-13.59,60.0,60.0,95.4,86.94,88.65,100.43,4.8,11.4,Home
2018,Geelong,St Kilda,77.03,39.13,99.6,89.44,83.85,91.6,15.93,-2.2,40.0,40.0,93.4,89.44,83.85,91.6,-3.0,-13.6,Home
2018,Sydney,Adelaide,66.2,46.92,93.69,96.41,80.34,85.74,13.51,10.69,60.0,40.0,82.8,96.41,80.34,85.74,-6.0,-4.6,Away
2018,St Kilda,GWS,54.55,28.17,89.36,83.11,91.63,100.0,-2.31,-17.14,20.0,60.0,68.4,83.11,91.63,100.0,-32.8,15.4,Draw
2018,Carlton,West Coast,41.18,39.23,90.66,94.0,99.49,90.87,-8.92,3.16,0.0,60.0,65.0,94.0,99.49,90.87,-50.2,10.0,Away
2018,Port Adelaide,Geelong,61.32,52.4,94.16,99.6,91.5,83.79,2.68,16.0,60.0,40.0,92.2,99.6,91.5,83.79,10.8,-5.4,Away
2018,Fremantle,Footscray,60.19,41.51,87.24,95.04,92.12,98.35,-4.89,-3.35,40.0,20.0,81.0,95.04,92.12,98.35,-10.4,-25.6,Home
2018,North Melbourne,Hawthorn,54.9,50.0,94.45,97.74,96.23,88.56,-1.79,9.23,60.0,80.0,93.2,97.74,96.23,88.56,27.2,19.6,Home
2018,Brisbane Lions,Gold Coast,55.98,16.46,92.76,78.03,96.98,104.48,-4.26,-26.62,0.0,40.0,68.8,78.03,96.98,104.48,-40.0,-34.6,Away
2018,Melbourne,Richmond,44.61,40.69,86.85,88.59,100.46,96.12,-13.72,-7.63,40.0,80.0,89.6,88.59,100.46,96.12,-4.6,28.8,Away
2018,Collingwood,Essendon,58.88,38.76,95.4,95.08,88.49,97.0,6.97,-1.94,60.0,40.0,90.2,95.08,88.49,97.0,7.6,-13.6,Home
2018,Footscray,Carlton,51.71,34.78,94.94,90.61,98.38,99.44,-3.47,-8.92,20.0,0.0,71.6,90.61,98.38,99.44,-34.6,-36.0,Home
2018,Geelong,Sydney,77.13,53.64,99.57,93.65,83.71,80.35,16.04,13.45,60.0,60.0,96.2,93.65,83.71,80.35,13.6,3.8,Away
2018,North Melbourne,Port Adelaide,55.12,42.86,94.45,94.05,96.17,91.48,-1.72,2.59,60.0,60.0,86.8,94.05,96.17,91.48,22.6,4.4,Away
2018,GWS,Brisbane Lions,50.0,34.13,83.04,92.71,99.81,96.93,-17.14,-4.27,60.0,0.0,94.0,92.71,99.81,96.93,22.6,-30.8,Home
2018,Hawthorn,St Kilda,67.91,38.94,97.68,89.32,88.58,91.59,9.14,-2.31,60.0,20.0,98.6,89.32,88.58,91.59,12.2,-24.6,Home
2018,Adelaide,Gold Coast,65.73,17.5,96.38,78.01,85.72,104.27,10.69,-26.42,60.0,60.0,90.4,78.01,85.72,104.27,7.0,-10.6,Home
2018,Essendon,Melbourne,57.49,30.24,94.98,86.77,97.01,100.47,-2.05,-13.8,40.0,40.0,86.0,86.77,97.01,100.47,-10.4,-10.6,Away
2018,Collingwood,Richmond,59.07,40.98,95.42,88.62,88.4,96.02,7.07,-7.49,60.0,80.0,90.6,88.62,88.4,96.02,14.2,28.4,Away
2018,Fremantle,West Coast,60.39,39.52,87.29,93.97,92.03,90.82,-4.75,3.18,60.0,80.0,84.2,93.97,92.03,90.82,3.4,25.4,Away
2018,Geelong,GWS,76.79,27.78,99.5,82.99,83.71,99.41,15.97,-16.77,40.0,60.0,90.6,82.99,83.71,99.41,9.6,13.0,Home
2018,Footscray,Gold Coast,51.94,17.28,94.9,77.91,98.28,104.31,-3.41,-26.56,40.0,40.0,77.4,77.91,98.28,104.31,-14.0,-23.4,Home
2018,Essendon,Hawthorn,57.21,49.77,94.93,97.66,97.04,88.5,-2.14,9.2,20.0,60.0,80.6,97.66,97.04,88.5,-20.0,12.4,Away
2018,West Coast,Port Adelaide,65.42,43.13,93.96,94.07,90.8,91.42,3.19,2.67,100.0,60.0,104.6,94.07,90.8,91.42,32.8,1.0,Home
2018,Sydney,North Melbourne,65.9,44.6,93.63,94.39,80.33,96.18,13.46,-1.8,60.0,60.0,84.2,94.39,80.33,96.18,1.4,19.2,Away
2018,Adelaide,Carlton,65.89,34.62,96.41,90.54,85.66,99.4,10.78,-8.95,80.0,0.0,95.0,90.54,85.66,99.4,19.0,-35.0,Home
2018,Richmond,Fremantle,47.32,34.93,88.68,87.27,95.96,92.02,-7.37,-4.76,80.0,60.0,101.8,87.27,95.96,92.02,31.8,11.8,Home
2018,St Kilda,Melbourne,54.29,30.58,89.24,86.82,91.58,100.4,-2.39,-13.67,0.0,60.0,56.2,86.82,91.58,100.4,-36.6,-2.8,Away
2018,Brisbane Lions,Collingwood,55.71,51.42,92.59,95.36,96.89,88.46,-4.34,6.95,0.0,60.0,59.4,95.36,96.89,88.46,-32.6,12.4,Away
2018,Hawthorn,Sydney,68.06,53.85,97.64,93.57,88.45,80.3,9.23,13.42,60.0,60.0,90.6,93.57,88.45,80.3,16.8,5.6,Away
2018,GWS,West Coast,50.7,39.81,82.64,93.98,99.37,90.72,-17.09,3.28,40.0,100.0,70.2,93.98,99.37,90.72,-2.4,31.0,Away
2018,Carlton,Essendon,40.98,38.57,90.49,94.86,99.46,97.02,-9.06,-2.19,0.0,20.0,60.8,94.86,99.46,97.02,-39.2,-21.4,Home
2018,Gold Coast,Melbourne,36.71,30.92,77.88,86.87,104.16,100.32,-26.45,-13.55,20.0,60.0,67.4,86.87,104.16,100.32,-32.0,-0.2,Away
2018,Port Adelaide,Adelaide,61.03,47.17,93.99,96.48,91.45,85.62,2.56,10.88,40.0,80.0,78.6,96.48,91.45,85.62,-12.0,22.8,Home
2018,Footscray,Brisbane Lions,52.17,33.97,94.87,92.64,98.22,96.94,-3.38,-4.34,60.0,0.0,79.6,92.64,98.22,96.94,-2.0,-28.8,Home
2018,Fremantle,St Kilda,60.1,38.76,87.14,89.19,92.06,91.61,-4.93,-2.48,40.0,0.0,73.8,89.19,92.06,91.61,-6.8,-34.0,Home
2018,North Melbourne,Richmond,54.85,41.26,94.33,88.73,96.11,95.81,-1.79,-7.16,60.0,100.0,87.4,88.73,96.11,95.81,9.2,54.4,Away
2018,Collingwood,Geelong,58.8,52.63,95.42,99.48,88.52,83.59,6.95,16.07,80.0,60.0,99.6,99.48,88.52,83.59,17.0,22.0,Away
2018,Adelaide,Footscray,66.05,41.31,96.46,94.9,85.64,98.21,10.85,-3.34,60.0,60.0,93.6,94.9,85.64,98.21,12.0,-3.4,Home
2018,Gold Coast,Port Adelaide,36.25,42.92,77.87,93.99,104.42,91.45,-26.71,2.57,20.0,40.0,69.2,93.99,104.42,91.45,-40.2,-12.0,Away
2018,North Melbourne,GWS,54.59,27.4,94.28,82.49,96.07,99.28,-1.81,-17.14,60.0,40.0,84.6,82.49,96.07,99.28,14.6,-4.2,Home
2018,Essendon,Geelong,56.94,52.86,94.82,99.4,97.0,83.51,-2.21,16.08,20.0,80.0,75.0,99.4,97.0,83.51,-19.8,29.2,Home
2018,St Kilda,Collingwood,54.03,51.64,89.11,95.3,91.61,88.47,-2.54,6.88,0.0,60.0,61.8,95.3,91.61,88.47,-30.2,8.0,Away
2018,Sydney,Fremantle,65.6,34.76,93.54,87.15,80.28,91.99,13.41,-4.85,60.0,40.0,78.4,87.15,80.28,91.99,4.0,-6.4,Home
2018,Carlton,Melbourne,41.26,31.25,90.49,87.01,99.41,100.26,-9.01,-13.34,20.0,60.0,63.8,87.01,99.41,100.26,-31.8,6.2,Away
2018,Brisbane Lions,Hawthorn,55.45,50.0,92.64,97.58,96.97,88.43,-4.37,9.19,0.0,60.0,67.6,97.58,96.97,88.43,-30.6,17.8,Home
2018,West Coast,Richmond,65.58,41.55,93.96,88.71,90.65,95.75,3.34,-7.12,100.0,100.0,99.0,88.71,90.65,95.75,33.0,53.8,Home
2018,Collingwood,Footscray,58.53,41.12,95.31,94.74,88.43,98.13,6.93,-3.42,60.0,60.0,87.4,94.74,88.43,98.13,4.0,-9.4,Home
2018,Richmond,St Kilda,47.57,38.57,88.7,89.07,95.83,91.63,-7.22,-2.6,80.0,0.0,98.0,89.07,95.83,91.63,25.8,-26.4,Home
2018,Brisbane Lions,Sydney,55.66,54.05,92.73,93.58,96.91,80.21,-4.22,13.52,20.0,60.0,90.0,93.58,96.91,80.21,-0.8,14.4,Away
2018,Geelong,Carlton,76.89,34.45,99.29,90.39,83.51,99.55,15.97,-9.25,60.0,20.0,72.4,90.39,83.51,99.55,13.0,-36.4,Home
2018,GWS,Essendon,50.0,38.39,82.4,94.79,99.36,96.89,-17.32,-2.12,20.0,20.0,62.4,94.79,99.36,96.89,-19.0,-17.4,Away
2018,Hawthorn,West Coast,67.74,40.09,97.52,94.04,88.52,90.64,9.04,3.44,40.0,100.0,78.6,94.04,88.52,90.64,-6.8,26.4,Away
2018,Melbourne,Adelaide,44.39,46.95,87.19,96.39,100.14,85.51,-13.05,10.91,80.0,80.0,115.0,96.39,100.14,85.51,41.4,29.0,Home
2018,Fremantle,North Melbourne,60.29,44.86,87.06,94.32,92.03,96.01,-4.98,-1.7,40.0,60.0,72.6,94.32,92.03,96.01,-12.0,6.0,Away
2018,Sydney,Carlton,65.75,34.29,93.52,90.28,80.14,99.49,13.53,-9.3,80.0,20.0,81.8,90.28,80.14,99.49,20.0,-40.0,Home
2018,Footscray,Melbourne,52.4,31.58,94.64,87.33,98.11,100.03,-3.5,-12.79,60.0,100.0,69.8,87.33,98.11,100.03,-5.6,68.8,Away
2018,Hawthorn,Port Adelaide,67.43,43.19,97.44,93.96,88.49,91.33,8.99,2.65,40.0,60.0,76.6,93.96,88.49,91.33,-4.2,0.4,Home
2018,Gold Coast,Geelong,35.8,52.61,77.65,99.23,104.28,83.42,-26.8,16.0,20.0,60.0,65.8,99.23,104.28,83.42,-32.2,11.8,Away
2018,Essendon,Richmond,57.14,41.35,94.79,88.74,96.81,95.79,-2.04,-7.13,40.0,80.0,79.2,88.74,96.81,95.79,-0.6,22.2,Away
2018,West Coast,St Kilda,65.74,38.39,94.0,89.04,90.56,91.66,3.47,-2.67,100.0,0.0,96.4,89.04,90.56,91.66,27.4,-32.0,Home
2018,North Melbourne,Brisbane Lions,54.81,33.81,94.3,92.62,95.92,96.84,-1.63,-4.26,60.0,20.0,81.4,92.62,95.92,96.84,6.0,-3.4,Home
2018,Collingwood,Fremantle,58.72,34.6,95.3,87.0,88.35,92.02,7.0,-5.03,60.0,20.0,85.2,87.0,88.35,92.02,1.2,-28.4,Home
2018,Adelaide,GWS,66.2,27.03,96.29,82.24,85.65,99.33,10.67,-17.44,60.0,20.0,88.6,82.24,85.65,99.33,8.8,-26.0,Away
2018,Port Adelaide,Richmond,61.21,41.63,93.89,88.8,91.27,95.66,2.64,-6.94,60.0,80.0,80.0,88.8,91.27,95.66,6.6,27.8,Home
2018,Geelong,North Melbourne,76.99,45.12,99.28,94.41,83.31,95.9,16.15,-1.5,80.0,80.0,80.6,94.41,83.31,95.9,32.2,23.4,Home
2018,GWS,Gold Coast,49.32,17.07,82.34,77.4,99.21,104.38,-17.21,-27.15,20.0,0.0,63.8,77.4,99.21,104.38,-29.6,-50.2,Home
2018,St Kilda,Sydney,53.77,54.26,89.04,93.51,91.68,80.1,-2.69,13.56,0.0,80.0,72.6,93.51,91.68,80.1,-27.6,22.6,Away
2018,Brisbane Lions,Essendon,55.4,38.68,92.61,94.67,96.94,96.85,-4.37,-2.2,20.0,40.0,94.4,94.67,96.94,96.85,-7.4,-7.6,Away
2018,Fremantle,Adelaide,60.0,46.73,86.97,96.26,92.13,85.67,-5.17,10.61,20.0,40.0,61.8,96.26,92.13,85.67,-39.0,-4.0,Home
2018,Melbourne,Collingwood,44.66,51.87,87.36,95.4,99.91,88.32,-12.64,7.12,100.0,80.0,131.4,95.4,99.91,88.32,71.4,22.0,Away
2018,Port Adelaide,Footscray,61.4,40.93,93.84,94.54,91.19,98.11,2.67,-3.6,60.0,40.0,74.0,94.54,91.19,98.11,2.8,-19.6,Home
2018,Sydney,West Coast,65.91,40.38,93.58,94.01,80.04,90.56,13.69,3.49,100.0,100.0,94.8,94.01,80.04,90.56,37.2,28.4,Home
2018,Carlton,Fremantle,41.06,34.43,90.21,86.93,99.47,92.07,-9.35,-5.15,20.0,40.0,63.4,86.93,99.47,92.07,-41.8,-23.0,Away
2018,Gold Coast,St Kilda,35.37,38.21,77.08,88.96,104.56,91.76,-27.65,-2.85,0.0,0.0,50.6,88.96,104.56,91.76,-62.2,-34.0,Away
2018,Hawthorn,Adelaide,67.58,46.51,97.36,96.19,88.43,85.64,8.97,10.58,40.0,20.0,71.6,96.19,88.43,85.64,-10.6,-15.6,Home
2018,Geelong,Richmond,77.09,41.43,99.27,88.73,83.26,95.6,16.2,-6.96,80.0,60.0,81.2,88.73,83.26,95.6,27.4,9.6,Away
2018,West Coast,Essendon,65.9,38.97,93.93,94.65,90.52,96.76,3.44,-2.14,80.0,60.0,89.8,94.65,90.52,96.76,17.0,1.4,Away
2018,Port Adelaide,Melbourne,61.57,31.9,93.93,87.37,91.15,99.99,2.79,-12.71,80.0,80.0,88.4,87.37,91.15,99.99,22.6,55.2,Home
2018,Hawthorn,Gold Coast,67.73,16.87,97.34,77.09,88.3,104.42,9.08,-27.49,40.0,0.0,71.2,77.09,88.3,104.42,-4.0,-60.8,Home
2018,Brisbane Lions,GWS,55.14,28.0,92.54,82.69,96.91,98.72,-4.42,-16.36,20.0,40.0,84.0,82.69,96.91,98.72,-10.4,4.2,Away
2018,Footscray,North Melbourne,52.15,44.91,94.49,94.33,98.19,95.9,-3.73,-1.58,20.0,60.0,62.8,94.33,98.19,95.9,-32.8,15.6,Away
2018,Collingwood,Carlton,58.9,34.12,95.48,90.11,88.33,99.47,7.2,-9.46,80.0,20.0,101.2,90.11,88.33,99.47,29.0,-42.2,Home
2018,Richmond,Sydney,47.83,54.46,88.71,93.53,95.53,79.99,-6.9,13.7,60.0,100.0,88.6,93.53,95.53,79.99,11.2,38.6,Home
2018,Footscray,Geelong,51.9,52.83,94.45,99.2,98.14,83.25,-3.73,16.12,0.0,60.0,56.4,99.2,98.14,83.25,-36.0,19.6,Home
2018,Carlton,Port Adelaide,40.87,42.99,90.03,93.88,99.43,91.09,-9.49,2.81,0.0,80.0,52.2,93.88,99.43,91.09,-48.8,23.6,Away
2018,Adelaide,West Coast,65.9,40.19,96.04,93.83,85.64,90.49,10.42,3.37,20.0,60.0,59.8,93.83,85.64,90.49,-25.8,6.4,Home
2018,Gold Coast,Collingwood,34.94,52.09,76.89,95.45,104.37,88.26,-27.64,7.23,0.0,100.0,45.0,95.45,104.37,88.26,-57.6,37.2,Away
2018,GWS,Hawthorn,50.0,49.77,82.87,97.34,98.61,88.2,-16.06,9.18,60.0,60.0,93.8,97.34,98.61,88.2,14.6,8.2,Home
2018,Melbourne,St Kilda,44.44,38.5,87.31,88.94,99.93,91.73,-12.71,-2.84,60.0,20.0,112.2,88.94,99.93,91.73,39.4,-27.6,Away
2018,Essendon,North Melbourne,56.87,45.16,94.61,94.29,96.66,95.85,-2.07,-1.57,80.0,80.0,77.2,94.29,96.66,95.85,9.6,18.0,Home
2018,Fremantle,Brisbane Lions,60.19,33.65,86.97,92.51,91.96,96.94,-5.0,-4.47,40.0,20.0,72.2,92.51,91.96,96.94,-17.6,-13.0,Away
2018,Sydney,Geelong,66.06,52.58,93.48,99.2,80.02,83.3,13.61,16.08,80.0,60.0,84.6,99.2,80.02,83.3,21.6,26.0,Away
2018,Richmond,Adelaide,48.08,46.3,88.72,96.02,95.46,85.63,-6.82,10.42,80.0,20.0,90.6,96.02,95.46,85.63,25.8,-31.2,Home
2018,Brisbane Lions,Carlton,54.88,33.96,92.58,89.98,96.86,99.4,-4.33,-9.51,20.0,0.0,79.8,89.98,96.86,99.4,-13.2,-31.2,Home
2018,Port Adelaide,St Kilda,61.75,38.79,93.87,89.01,91.04,91.79,2.85,-2.83,80.0,40.0,86.0,89.01,91.04,91.79,19.8,-21.6,Home
2018,Footscray,Hawthorn,52.13,49.54,94.47,97.31,98.15,88.21,-3.71,9.14,20.0,60.0,71.8,97.31,98.15,88.21,-28.2,17.2,Away
2018,Melbourne,Fremantle,44.23,34.74,87.38,86.92,99.98,92.02,-12.68,-5.12,40.0,40.0,103.8,86.92,99.98,92.02,17.2,-16.8,Home
2018,North Melbourne,Gold Coast,55.02,16.67,94.32,76.79,95.92,104.33,-1.61,-27.71,60.0,0.0,94.2,76.79,95.92,104.33,6.0,-57.4,Home
2018,Essendon,Collingwood,57.08,52.31,94.68,95.45,96.69,88.2,-2.03,7.31,80.0,100.0,85.4,95.45,96.69,88.2,6.2,39.4,Away
2018,West Coast,GWS,65.6,28.95,93.79,82.95,90.48,98.51,3.34,-15.88,40.0,80.0,72.6,82.95,90.48,98.51,-5.0,25.4,Home
2018,Adelaide,Geelong,66.06,52.8,95.93,99.14,85.67,83.24,10.29,16.07,20.0,60.0,65.0,99.14,85.67,83.24,-22.4,22.8,Home
2018,St Kilda,Carlton,53.52,33.8,88.92,89.9,91.78,99.45,-2.91,-9.65,40.0,0.0,78.4,89.9,91.78,99.45,-23.2,-38.6,Home
2018,Hawthorn,Brisbane Lions,67.87,33.96,97.36,92.64,88.15,96.77,9.26,-4.17,80.0,40.0,90.8,92.64,88.15,96.77,32.8,3.4,Away
2018,Melbourne,Footscray,44.5,40.74,87.42,94.39,99.85,98.2,-12.52,-3.85,40.0,20.0,95.0,94.39,99.85,98.2,9.8,-33.8,Home
2018,Gold Coast,Essendon,34.52,39.25,76.67,94.61,104.28,96.64,-27.77,-2.06,0.0,60.0,53.0,94.61,104.28,96.64,-47.8,-4.0,Away
2018,GWS,Richmond,50.67,41.71,82.89,88.76,98.43,95.37,-15.85,-6.69,80.0,80.0,102.0,88.76,98.43,95.37,30.2,29.6,Home
2018,Collingwood,West Coast,59.09,40.0,95.41,93.78,88.14,90.45,7.33,3.36,100.0,40.0,105.4,93.78,88.14,90.45,35.6,-5.8,Away
2018,North Melbourne,Sydney,55.24,54.22,94.32,93.4,95.83,80.0,-1.52,13.55,60.0,60.0,96.0,93.4,95.83,80.0,7.8,15.6,Away
2018,Fremantle,Port Adelaide,59.91,43.26,86.83,93.85,92.05,90.94,-5.23,2.93,40.0,100.0,72.6,93.85,92.05,90.94,-22.0,27.6,Home
2018,St Kilda,Richmond,53.74,41.51,88.98,88.73,91.68,95.33,-2.75,-6.68,60.0,60.0,84.0,88.73,91.68,95.33,-7.8,15.0,Away
2018,Collingwood,North Melbourne,58.82,44.95,95.35,94.33,88.17,95.85,7.23,-1.53,80.0,40.0,91.2,94.33,88.17,95.85,16.4,-4.2,Home
2018,Sydney,Gold Coast,65.77,16.47,93.42,76.52,80.04,104.22,13.53,-27.86,60.0,0.0,85.6,76.52,80.04,104.22,10.8,-35.0,Away
2018,Essendon,Fremantle,56.81,34.58,94.61,86.76,96.54,91.95,-1.95,-5.2,80.0,60.0,89.2,86.76,96.54,91.95,19.0,-8.0,Home
2018,Brisbane Lions,Adelaide,55.09,46.08,92.65,95.97,96.69,85.69,-4.08,10.3,60.0,40.0,96.2,95.97,96.69,85.69,20.8,-16.2,Away
2018,Geelong,Melbourne,76.75,31.75,99.13,87.49,83.31,99.78,16.0,-12.37,40.0,40.0,86.0,87.49,83.31,99.78,2.8,10.0,Home
2018,Carlton,Hawthorn,40.67,49.77,89.81,97.29,99.49,88.17,-9.78,9.16,0.0,60.0,56.2,97.29,99.49,88.17,-45.4,25.6,Away
2018,West Coast,Footscray,65.75,40.55,93.8,94.33,90.4,98.25,3.43,-3.96,40.0,20.0,75.0,94.33,90.4,98.25,-1.4,-34.0,Home
2018,Port Adelaide,GWS,61.93,28.57,93.75,82.87,90.87,98.29,2.9,-15.73,80.0,80.0,86.6,82.87,90.87,98.29,23.0,27.4,Away
2018,Essendon,Sydney,57.01,54.42,94.62,93.36,96.47,80.06,-1.88,13.45,80.0,40.0,92.2,93.36,96.47,80.06,20.4,-8.2,Home
2018,Richmond,Collingwood,48.33,52.53,88.78,95.43,95.24,88.11,-6.53,7.36,80.0,80.0,93.4,95.43,95.24,88.11,28.6,21.2,Home
2018,Geelong,Brisbane Lions,76.86,34.27,99.13,92.64,83.34,96.68,15.97,-4.08,40.0,60.0,86.8,92.64,83.34,96.68,-4.2,24.2,Home
2018,GWS,St Kilda,51.32,38.6,82.85,88.91,98.03,91.73,-15.48,-2.87,80.0,60.0,87.6,88.91,98.03,91.73,10.2,-4.4,Home
2018,Gold Coast,Carlton,34.12,33.64,76.59,89.72,103.99,99.55,-27.56,-9.92,20.0,0.0,60.0,89.72,103.99,99.55,-29.8,-48.4,Away
2018,Adelaide,Melbourne,66.21,31.6,95.96,87.52,85.7,99.78,10.29,-12.35,60.0,40.0,76.2,87.52,85.7,99.78,-14.6,18.0,Away
2018,North Melbourne,West Coast,54.98,40.28,94.26,93.81,95.93,90.29,-1.68,3.55,40.0,60.0,88.4,93.81,95.93,90.29,-10.0,12.4,Home
2018,Footscray,Port Adelaide,51.89,43.06,94.21,93.67,98.26,90.85,-4.08,2.84,20.0,60.0,70.4,93.67,98.26,90.85,-33.4,7.2,Away
2018,Fremantle,Hawthorn,60.09,50.0,86.72,97.35,91.96,88.09,-5.26,9.3,40.0,60.0,68.8,97.35,91.96,88.09,-14.4,28.8,Away
2018,Richmond,Geelong,48.57,52.56,88.82,99.18,95.19,83.33,-6.45,16.03,80.0,60.0,97.8,99.18,95.19,83.33,30.6,7.8,Home
2018,Hawthorn,Essendon,67.57,39.53,97.38,94.65,88.01,96.4,9.42,-1.77,60.0,80.0,101.4,94.65,88.01,96.4,30.0,23.4,Home
2018,Brisbane Lions,North Melbourne,54.84,44.75,92.61,94.23,96.74,95.8,-4.17,-1.58,60.0,40.0,100.6,94.23,96.74,95.8,21.2,-2.4,Away
2018,Adelaide,Port Adelaide,65.91,43.32,95.92,93.64,85.71,90.72,10.23,2.94,60.0,60.0,85.2,93.64,85.71,90.72,-6.0,14.0,Home
2018,Sydney,Collingwood,65.47,52.29,93.3,95.39,80.12,88.15,13.32,7.28,20.0,60.0,72.0,95.39,80.12,88.15,-19.8,11.6,Home
2018,St Kilda,Footscray,53.49,40.37,88.84,94.07,91.71,98.21,-2.92,-4.17,40.0,20.0,80.6,94.07,91.71,98.21,-9.8,-41.8,Away
2018,Carlton,GWS,40.48,29.49,89.69,82.87,99.42,97.79,-9.82,-15.21,20.0,80.0,61.4,82.87,99.42,97.79,-37.4,9.8,Away
2018,Melbourne,Gold Coast,44.76,17.44,87.52,76.4,99.73,103.84,-12.29,-27.6,60.0,20.0,105.2,76.4,99.73,103.84,22.6,-26.2,Home
2018,West Coast,Fremantle,65.91,34.42,93.69,86.64,90.27,92.01,3.45,-5.38,60.0,20.0,81.4,86.64,90.27,92.01,10.0,-37.6,Home
2018,Essendon,St Kilda,57.21,38.43,94.67,88.8,96.43,91.74,-1.78,-3.0,60.0,20.0,93.6,88.8,96.43,91.74,19.2,-17.2,Home
2018,Hawthorn,Geelong,67.71,52.31,97.4,99.14,88.04,83.33,9.4,15.99,80.0,60.0,106.0,99.14,88.04,83.33,33.0,7.6,Home
2018,Gold Coast,Richmond,33.72,41.78,76.23,88.81,104.07,95.16,-28.0,-6.43,20.0,80.0,57.6,88.81,104.07,95.16,-37.6,26.0,Away
2018,Port Adelaide,West Coast,61.64,40.09,93.63,93.8,90.73,90.26,2.93,3.57,40.0,80.0,73.0,93.8,90.73,90.26,9.2,23.6,Away
2018,GWS,Adelaide,51.95,46.33,83.31,95.92,97.46,85.72,-14.42,10.22,80.0,60.0,94.2,95.92,97.46,85.72,28.6,-7.4,Home
2018,Collingwood,Brisbane Lions,59.01,34.11,95.33,92.63,88.12,96.76,7.26,-4.17,40.0,40.0,84.6,92.63,88.12,96.76,3.4,9.6,Home
2018,North Melbourne,Footscray,55.19,40.64,94.26,94.09,95.82,98.14,-1.57,-4.08,60.0,20.0,89.0,94.09,95.82,98.14,1.6,-35.2,Away
2018,Melbourne,Sydney,45.02,54.19,87.66,93.25,99.6,80.1,-12.03,13.3,80.0,40.0,110.4,93.25,99.6,80.1,42.2,-14.2,Away
2018,Fremantle,Carlton,59.81,33.95,86.64,89.59,92.13,99.54,-5.5,-10.04,20.0,20.0,62.8,89.59,92.13,99.54,-38.2,-54.2,Home
2018,Richmond,Essendon,48.82,39.35,88.9,94.73,95.06,96.39,-6.24,-1.67,80.0,80.0,100.6,94.73,95.06,96.39,31.4,31.0,Home
2018,Collingwood,Port Adelaide,59.19,43.12,95.35,93.55,88.08,90.66,7.32,2.91,40.0,20.0,89.8,93.55,88.08,90.66,6.4,1.2,Home
2018,Geelong,Fremantle,76.96,34.26,99.05,86.67,83.31,92.08,15.93,-5.42,40.0,40.0,91.8,86.67,83.31,92.08,3.0,-21.6,Home
2018,GWS,Sydney,52.56,54.39,83.45,93.24,97.42,80.1,-14.24,13.29,100.0,60.0,100.4,93.24,97.42,80.1,33.6,-10.0,Away
2018,St Kilda,Hawthorn,53.24,50.23,88.77,97.34,91.81,87.98,-3.09,9.41,20.0,80.0,76.2,97.34,91.81,87.98,-18.6,22.6,Away
2018,Gold Coast,Brisbane Lions,33.33,33.95,76.09,92.59,104.19,96.78,-28.27,-4.23,20.0,20.0,56.2,92.59,104.19,96.78,-45.0,-9.6,Away
2018,Carlton,Footscray,40.28,40.91,89.55,94.09,99.54,98.11,-10.09,-4.06,20.0,40.0,60.2,94.09,99.54,98.11,-47.0,-21.2,Away
2018,West Coast,Melbourne,66.06,31.92,93.73,87.63,90.18,99.57,3.57,-12.02,80.0,60.0,89.4,87.63,90.18,99.57,22.2,29.6,Away
2018,Adelaide,North Melbourne,66.06,45.0,95.91,94.24,85.77,95.81,10.16,-1.59,60.0,40.0,94.0,94.24,85.77,95.81,-0.8,-7.2,Home
2018,Port Adelaide,Essendon,61.36,39.17,93.49,94.68,90.72,96.35,2.79,-1.69,20.0,60.0,70.2,94.68,90.72,96.35,-7.2,20.6,Away
2018,Geelong,Gold Coast,77.06,17.24,99.19,76.07,83.18,104.04,16.19,-28.13,60.0,20.0,104.0,76.07,83.18,104.04,32.6,-37.0,Home
2018,Richmond,Footscray,49.06,41.18,88.88,94.03,95.01,98.0,-6.2,-4.01,100.0,60.0,101.4,94.03,95.01,98.0,33.4,-7.8,Home
2018,Fremantle,Collingwood,60.0,52.05,86.53,95.4,92.23,88.03,-5.72,7.42,20.0,60.0,66.6,95.4,92.23,88.03,-50.0,23.6,Away
2018,Carlton,Adelaide,40.09,46.12,89.46,95.89,99.46,85.75,-10.1,10.16,20.0,60.0,59.6,95.89,99.46,85.75,-37.6,-2.0,Away
2018,Sydney,Hawthorn,65.62,50.45,93.21,97.3,80.05,87.95,13.3,9.4,60.0,100.0,74.0,97.3,80.05,87.95,-7.2,30.0,Away
2018,Brisbane Lions,West Coast,54.59,40.37,92.56,93.72,96.73,90.22,-4.21,3.53,20.0,60.0,84.2,93.72,96.73,90.22,-15.4,11.8,Away
2018,Melbourne,GWS,44.81,30.38,87.68,83.3,99.55,97.31,-11.96,-14.28,60.0,80.0,103.4,83.3,99.55,97.31,23.0,29.2,Home
2018,St Kilda,North Melbourne,53.0,44.8,88.74,94.2,91.78,95.79,-3.1,-1.6,0.0,40.0,68.2,94.2,91.78,95.79,-32.2,-7.8,Away
2018,Richmond,Hawthorn,49.3,50.67,88.9,97.27,95.01,87.92,-6.18,9.4,100.0,100.0,98.8,97.27,95.01,87.92,23.2,17.4,Home
2018,Melbourne,Geelong,45.07,52.07,87.71,99.28,99.45,83.08,-11.82,16.38,80.0,60.0,104.2,99.28,99.45,83.08,32.4,52.6,Home
2018,Sydney,GWS,65.33,30.0,93.17,83.14,80.06,97.34,13.25,-14.47,60.0,60.0,76.0,83.14,80.06,97.34,-4.2,15.8,Away
2018,West Coast,Collingwood,65.77,52.27,93.73,95.35,90.18,87.98,3.58,7.42,60.0,60.0,86.8,95.35,90.18,87.98,6.2,12.2,Home
2018,Hawthorn,Melbourne,67.86,32.24,97.2,87.68,87.94,99.33,9.3,-11.72,80.0,80.0,81.0,87.68,87.94,99.33,-0.6,35.6,Away
2018,Collingwood,GWS,59.38,30.86,95.29,83.11,87.98,96.92,7.37,-14.07,60.0,60.0,87.2,83.11,87.98,96.92,14.6,20.6,Home
2018,Richmond,Collingwood,49.53,52.04,88.91,95.24,94.93,87.91,-6.09,7.37,100.0,80.0,96.8,95.24,94.93,87.91,23.8,17.0,Away
2018,West Coast,Melbourne,65.92,32.56,93.71,87.72,90.14,99.26,3.61,-11.62,80.0,80.0,95.8,87.72,90.14,99.26,17.4,23.0,Home
2018,West Coast,Collingwood,66.07,52.25,93.77,95.24,90.06,87.85,3.75,7.44,80.0,80.0,91.6,95.24,90.06,87.85,19.0,18.6,Home
2019,Carlton,Richmond,39.91,42.06,89.39,88.84,99.62,94.94,-10.32,-6.17,20.0,80.0,61.4,88.84,99.62,94.94,-44.0,15.4,Away
2019,Collingwood,Geelong,59.56,51.83,95.19,99.16,87.83,83.06,7.42,16.28,60.0,40.0,77.2,99.16,87.83,83.06,7.4,38.4,Away
2019,Melbourne,Port Adelaide,45.33,42.92,87.65,93.48,99.31,90.76,-11.75,2.73,80.0,20.0,88.8,93.48,99.31,90.76,11.6,-7.2,Away
2019,Adelaide,Hawthorn,66.22,50.45,96.04,97.14,85.69,87.97,10.37,9.21,60.0,60.0,103.2,97.14,85.69,87.97,17.8,-8.0,Away
2019,Footscray,Sydney,51.64,54.59,94.03,93.03,98.0,80.06,-4.0,13.11,60.0,60.0,78.0,93.03,98.0,80.06,2.4,-5.4,Home
2019,Brisbane Lions,West Coast,54.34,40.64,92.51,93.74,96.73,90.02,-4.26,3.75,20.0,80.0,81.0,93.74,96.73,90.02,-19.6,19.2,Home
2019,St Kilda,Gold Coast,52.75,17.05,88.76,75.87,91.84,104.26,-3.14,-28.55,0.0,0.0,75.6,75.87,91.84,104.26,-26.0,-62.2,Home
2019,GWS,Essendon,51.9,39.45,82.96,94.72,96.75,96.33,-14.04,-1.63,40.0,60.0,72.2,94.72,96.75,96.33,-2.4,19.2,Home
2019,Fremantle,North Melbourne,59.72,45.05,86.48,94.25,92.2,95.78,-5.73,-1.55,20.0,60.0,66.0,94.25,92.2,95.78,-46.0,10.0,Home
2019,Richmond,Collingwood,49.3,52.02,88.86,95.12,94.87,87.79,-6.08,7.38,80.0,40.0,85.8,95.12,94.87,87.79,7.2,4.2,Away
2019,Sydney,Adelaide,65.04,46.36,92.96,95.95,80.06,85.7,13.05,10.28,40.0,60.0,67.2,95.95,80.06,85.7,-9.2,14.0,Away
2019,Port Adelaide,Carlton,61.09,33.8,93.46,89.33,90.7,99.61,2.78,-10.38,20.0,0.0,78.2,89.33,90.7,99.61,-10.8,-57.6,Home
2019,Essendon,St Kilda,57.41,38.25,94.6,88.75,96.37,91.82,-1.8,-3.13,40.0,20.0,89.8,88.75,96.37,91.82,-3.8,-20.8,Away
2019,Geelong,Melbourne,77.16,32.41,99.1,87.58,83.02,99.28,16.26,-11.78,60.0,60.0,95.6,87.58,83.02,99.28,40.4,3.0,Home
2019,West Coast,GWS,66.22,30.49,93.66,83.14,90.05,96.4,3.64,-13.5,80.0,40.0,88.4,83.14,90.05,96.4,13.8,9.2,Home
2019,North Melbourne,Brisbane Lions,54.93,34.26,94.17,92.53,95.89,96.64,-1.73,-4.15,40.0,40.0,89.0,92.53,95.89,96.64,-14.4,-2.4,Away
2019,Hawthorn,Footscray,67.56,40.99,97.12,94.0,87.9,97.92,9.26,-3.96,60.0,80.0,77.0,94.0,87.9,97.92,-3.8,14.6,Away
2019,Gold Coast,Fremantle,32.95,34.1,75.92,86.61,104.15,92.12,-28.39,-5.52,0.0,40.0,59.2,86.61,104.15,92.12,-55.4,-17.8,Home
2019,Adelaide,Geelong,65.92,52.05,95.93,99.16,85.64,82.94,10.31,16.4,60.0,80.0,97.2,99.16,85.64,82.94,18.6,58.6,Away
2019,Melbourne,Essendon,45.12,39.27,87.49,94.53,99.34,96.32,-11.94,-1.82,40.0,40.0,68.2,94.53,99.34,96.32,-22.0,-5.2,Away
2019,Carlton,Sydney,39.72,54.35,89.29,92.9,99.58,80.08,-10.39,12.96,0.0,20.0,63.6,92.9,99.58,80.08,-39.8,-16.2,Away
2019,GWS,Richmond,52.5,42.33,82.95,88.81,96.44,94.9,-13.74,-6.17,40.0,60.0,71.8,88.81,96.44,94.9,2.8,-3.2,Home
2019,Collingwood,West Coast,59.29,40.45,95.16,93.68,87.74,89.96,7.47,3.75,60.0,80.0,83.0,93.68,87.74,89.96,16.2,19.0,Away
2019,Brisbane Lions,Port Adelaide,54.55,43.18,92.56,93.45,96.62,90.65,-4.09,2.81,60.0,40.0,86.4,93.45,96.62,90.65,2.2,-7.0,Home
2019,Footscray,Gold Coast,51.87,16.85,94.03,75.83,97.89,103.89,-3.9,-28.21,80.0,20.0,88.2,75.83,97.89,103.89,11.4,-35.6,Away
2019,Hawthorn,North Melbourne,67.26,44.84,97.1,94.15,87.94,95.91,9.2,-1.77,40.0,20.0,78.4,94.15,87.94,95.91,-8.4,-19.0,Home
2019,Fremantle,St Kilda,59.91,38.53,86.54,88.72,92.05,91.76,-5.52,-3.1,40.0,40.0,78.4,88.72,92.05,91.76,-6.8,-11.6,Home
2019,Sydney,Melbourne,64.76,32.26,92.9,87.55,80.07,99.42,12.97,-11.95,20.0,20.0,64.8,87.55,80.07,99.42,-16.4,-31.4,Away
2019,Collingwood,Footscray,59.03,41.26,95.12,93.97,87.76,97.84,7.4,-3.91,40.0,60.0,84.4,93.97,87.76,97.84,9.8,9.0,Home
2019,Geelong,GWS,77.25,30.12,99.16,83.21,82.92,96.32,16.42,-13.35,80.0,60.0,97.0,83.21,82.92,96.32,36.8,21.6,Away
2019,Essendon,Brisbane Lions,57.14,34.56,94.61,92.6,96.36,96.6,-1.77,-4.04,40.0,80.0,83.8,92.6,96.36,96.6,-10.2,11.8,Home
2019,Port Adelaide,Richmond,61.26,42.13,93.44,88.78,90.69,94.97,2.77,-6.27,40.0,40.0,83.6,88.78,90.69,94.97,-9.6,-13.6,Away
2019,North Melbourne,Adelaide,54.67,46.61,94.1,95.89,95.89,85.67,-1.81,10.23,20.0,60.0,82.2,95.89,95.89,85.67,-20.8,16.6,Home
2019,West Coast,Fremantle,66.37,33.94,93.69,86.51,89.93,91.99,3.79,-5.49,80.0,40.0,92.0,86.51,89.93,91.99,20.2,-11.6,Home
2019,Gold Coast,Carlton,33.71,33.64,75.82,89.25,103.69,99.57,-28.03,-10.41,40.0,0.0,66.4,89.25,103.69,99.57,-19.8,-37.8,Home
2019,St Kilda,Hawthorn,52.97,50.67,88.67,97.07,91.71,87.9,-3.1,9.21,40.0,40.0,79.4,97.07,91.71,87.9,-4.0,-7.0,Home
2019,Brisbane Lions,Collingwood,54.75,52.23,92.53,95.08,96.64,87.71,-4.14,7.41,60.0,40.0,90.6,95.08,96.64,87.71,1.6,4.8,Away
2019,North Melbourne,Essendon,54.88,39.55,94.05,94.65,95.81,96.29,-1.78,-1.66,40.0,60.0,81.0,94.65,95.81,96.29,-16.6,0.8,Away
2019,West Coast,Port Adelaide,66.52,42.99,93.64,93.44,89.86,90.71,3.82,2.75,80.0,40.0,81.6,93.44,89.86,90.71,9.6,-0.8,Away
2019,GWS,Fremantle,53.09,33.79,83.18,86.44,96.19,91.94,-13.25,-5.51,60.0,40.0,85.4,86.44,96.19,91.94,12.6,12.4,Away
2019,Melbourne,St Kilda,44.91,38.36,87.57,88.63,99.37,91.66,-11.87,-3.09,20.0,60.0,74.8,88.63,99.37,91.66,-33.6,-2.2,Away
2019,Richmond,Sydney,49.07,54.55,88.8,92.86,94.97,80.11,-6.24,12.9,40.0,20.0,79.2,92.86,94.97,80.11,-18.4,-19.0,Home
2019,Footscray,Carlton,51.63,33.49,93.9,89.18,97.79,99.48,-3.93,-10.39,40.0,0.0,83.0,89.18,97.79,99.48,2.8,-34.8,Away
2019,Adelaide,Gold Coast,65.62,17.78,95.8,75.72,85.64,103.43,10.18,-27.86,40.0,60.0,88.4,75.72,85.64,103.43,12.4,-18.6,Home
2019,Hawthorn,Geelong,67.4,52.27,97.01,99.11,87.87,82.91,9.18,16.37,40.0,60.0,80.2,99.11,87.87,82.91,-1.8,15.6,Away
2019,Richmond,Melbourne,49.31,32.57,88.8,87.5,94.9,99.36,-6.17,-11.94,60.0,20.0,85.4,87.5,94.9,99.36,-6.2,-28.4,Home
2019,Essendon,Collingwood,57.34,52.44,94.7,95.14,96.2,87.65,-1.52,7.54,60.0,60.0,92.6,95.14,96.2,87.65,8.0,18.2,Away
2019,Port Adelaide,North Melbourne,60.99,44.64,93.44,93.96,90.62,95.85,2.83,-1.9,60.0,20.0,90.4,93.96,90.62,95.85,12.0,-32.8,Home
2019,Gold Coast,Brisbane Lions,34.44,34.4,75.56,92.46,103.51,96.7,-28.11,-4.28,60.0,60.0,64.6,92.46,103.51,96.7,-12.8,-5.6,Away
2019,St Kilda,Adelaide,53.18,46.4,88.65,95.85,91.58,85.55,-2.99,10.33,80.0,40.0,79.2,95.85,91.58,85.55,10.4,6.2,Away
2019,Sydney,GWS,64.47,30.95,92.81,83.17,80.13,96.25,12.82,-13.31,20.0,60.0,73.0,83.17,80.13,96.25,-13.6,9.8,Away
2019,Fremantle,Footscray,60.09,41.07,86.48,93.82,91.91,97.8,-5.44,-4.02,60.0,40.0,86.4,93.82,91.91,97.8,19.0,-5.4,Home
2019,Hawthorn,Carlton,67.11,33.79,97.0,89.21,87.93,99.38,9.11,-10.27,40.0,20.0,84.0,89.21,87.93,99.38,0.2,-5.2,Home
2019,Geelong,West Coast,76.92,40.72,99.14,93.55,82.93,89.87,16.39,3.71,80.0,60.0,97.0,93.55,82.93,89.87,26.0,0.2,Home
2019,Collingwood,Port Adelaide,59.21,43.24,95.09,93.43,87.61,90.58,7.53,2.86,80.0,60.0,92.0,93.43,87.61,90.58,20.4,10.0,Home
2019,Melbourne,Hawthorn,44.7,50.44,87.39,96.99,99.32,87.93,-12.01,9.1,20.0,40.0,71.0,96.99,99.32,87.93,-31.8,-5.2,Home
2019,GWS,St Kilda,52.44,38.64,83.4,88.6,96.14,91.59,-12.98,-3.05,60.0,60.0,91.6,88.6,96.14,91.59,3.6,4.4,Home
2019,Brisbane Lions,Sydney,54.5,54.31,92.5,92.78,96.62,80.21,-4.15,12.7,60.0,20.0,90.2,92.78,96.62,80.21,-4.6,-18.4,Home
2019,Footscray,Richmond,51.39,42.4,93.76,88.79,97.78,94.78,-4.05,-6.06,20.0,60.0,72.8,88.79,97.78,94.78,-12.6,-4.2,Home
2019,West Coast,Gold Coast,66.23,17.58,93.44,75.48,89.9,103.55,3.57,-28.23,60.0,60.0,74.0,75.48,89.9,103.55,-2.6,-22.4,Home
2019,Carlton,North Melbourne,39.53,44.44,89.2,93.91,99.36,95.84,-10.25,-1.94,20.0,20.0,78.4,93.91,99.36,95.84,0.4,-19.6,Away
2019,Geelong,Essendon,77.02,39.82,99.15,94.64,82.85,96.15,16.48,-1.53,80.0,60.0,103.4,94.64,82.85,96.15,36.2,21.6,Home
2019,Adelaide,Fremantle,65.78,34.09,95.86,86.49,85.51,91.86,10.37,-5.39,60.0,60.0,87.6,86.49,85.51,91.86,18.4,6.4,Home
2019,Sydney,Essendon,64.19,39.64,92.75,94.55,80.26,96.12,12.63,-1.6,20.0,60.0,79.6,94.55,80.26,96.12,-17.6,17.4,Home
2019,Carlton,Collingwood,39.35,52.65,89.14,95.12,99.41,87.57,-10.36,7.6,20.0,80.0,76.4,95.12,99.41,87.57,-8.0,19.4,Away
2019,Footscray,Brisbane Lions,51.61,34.7,93.77,92.53,97.67,96.58,-3.94,-4.09,20.0,60.0,71.4,92.53,97.67,96.58,-7.0,-4.2,Home
2019,Gold Coast,Melbourne,34.07,32.42,75.38,87.38,103.43,99.27,-28.2,-11.97,40.0,40.0,59.4,87.38,103.43,99.27,-27.6,-14.8,Away
2019,St Kilda,West Coast,52.94,40.54,88.56,93.41,91.64,89.83,-3.14,3.62,40.0,60.0,74.6,93.41,91.64,89.83,-6.6,-8.4,Away
2019,Port Adelaide,Adelaide,61.16,46.64,93.37,95.76,90.62,85.4,2.77,10.38,40.0,60.0,86.8,95.76,90.62,85.4,-1.0,16.6,Away
2019,North Melbourne,Geelong,54.63,52.49,93.97,99.12,95.76,82.79,-1.8,16.52,40.0,80.0,78.4,99.12,95.76,82.79,-4.0,26.6,Away
2019,Hawthorn,GWS,67.25,31.76,96.94,83.58,87.91,95.99,9.07,-12.64,40.0,80.0,82.6,83.58,87.91,95.99,-2.4,22.8,Home
2019,Fremantle,Richmond,60.27,42.2,86.37,88.71,91.77,94.79,-5.41,-6.15,60.0,60.0,71.0,88.71,91.77,94.79,3.6,-4.8,Away
2019,West Coast,Melbourne,66.38,32.73,93.4,87.32,89.78,99.18,3.65,-11.94,60.0,60.0,67.2,87.32,89.78,99.18,-9.2,-11.0,Home
2019,Collingwood,St Kilda,59.39,38.46,95.14,88.52,87.57,91.63,7.62,-3.17,100.0,40.0,97.6,88.52,87.57,91.63,27.6,-9.2,Home
2019,Brisbane Lions,Adelaide,54.71,46.88,92.49,95.74,96.57,85.36,-4.12,10.4,40.0,80.0,83.2,95.74,96.57,85.36,-10.8,25.4,Home
2019,Geelong,Footscray,77.12,40.89,99.13,93.77,82.78,97.63,16.53,-3.89,80.0,40.0,96.4,93.77,82.78,97.63,26.6,-2.8,Home
2019,Essendon,Fremantle,57.08,33.94,94.5,86.37,96.08,91.81,-1.6,-5.46,40.0,40.0,84.6,86.37,96.08,91.81,12.8,-2.4,Home
2019,North Melbourne,Sydney,54.38,54.08,93.94,92.72,95.78,80.25,-1.85,12.61,40.0,20.0,80.2,92.72,95.78,80.25,-5.6,-20.4,Away
2019,Port Adelaide,Gold Coast,60.89,17.39,93.32,75.3,90.62,103.2,2.72,-28.05,40.0,20.0,82.4,75.3,90.62,103.2,-1.6,-28.8,Home
2019,Richmond,Hawthorn,49.54,50.22,88.76,96.88,94.77,87.8,-6.08,9.12,80.0,40.0,87.2,96.88,94.77,87.8,10.0,1.0,Home
2019,GWS,Carlton,53.01,33.64,83.31,89.14,95.84,99.43,-12.76,-10.38,60.0,20.0,86.6,89.14,95.84,99.43,6.4,-8.0,Home
2019,Sydney,Collingwood,64.35,52.86,92.69,95.18,80.23,87.53,12.59,7.7,40.0,100.0,76.2,95.18,80.23,87.53,-15.0,33.0,Away
2019,Hawthorn,Port Adelaide,67.39,43.05,96.8,93.31,87.81,90.53,9.02,2.8,40.0,60.0,77.4,93.31,87.81,90.53,-5.2,7.4,Home
2019,Footscray,North Melbourne,51.83,44.69,93.76,93.89,97.7,95.74,-3.98,-1.86,40.0,20.0,81.2,93.89,97.7,95.74,-8.8,-9.0,Away
2019,Adelaide,West Coast,65.93,40.81,95.73,93.38,85.38,89.74,10.38,3.68,80.0,60.0,89.4,93.38,85.38,89.74,27.6,-8.6,Away
2019,Richmond,Essendon,49.77,39.46,88.77,94.42,94.69,95.98,-5.98,-1.58,80.0,40.0,86.4,94.42,94.69,95.98,15.8,4.8,Home
2019,Gold Coast,Geelong,33.7,52.7,75.17,99.2,103.12,82.79,-28.1,16.59,0.0,100.0,55.2,99.2,103.12,82.79,-36.8,36.2,Away
2019,Melbourne,GWS,44.95,31.4,87.27,83.63,99.14,95.54,-11.95,-12.13,40.0,60.0,61.2,83.63,99.14,95.54,-18.6,24.2,Away
2019,St Kilda,Carlton,52.7,33.48,88.48,89.04,91.68,99.51,-3.26,-10.57,20.0,20.0,74.8,89.04,91.68,99.51,-18.4,-26.2,Home
2019,Fremantle,Brisbane Lions,60.0,34.55,86.29,92.49,91.74,96.56,-5.46,-4.11,40.0,60.0,73.4,92.49,91.74,96.56,-1.2,-1.2,Home
2019,North Melbourne,Richmond,54.13,42.47,93.94,88.74,95.72,94.59,-1.8,-5.91,40.0,80.0,91.8,88.74,95.72,94.59,7.6,16.0,Home
2019,Collingwood,Fremantle,59.57,33.78,95.15,86.26,87.5,91.7,7.69,-5.45,100.0,40.0,95.8,86.26,87.5,91.7,22.0,-5.8,Away
2019,GWS,Gold Coast,53.57,17.2,83.69,75.11,95.38,103.05,-11.9,-28.1,80.0,0.0,100.8,75.11,95.38,103.05,34.2,-27.6,Home
2019,Geelong,Sydney,77.22,54.27,99.19,92.64,82.75,80.23,16.62,12.55,100.0,40.0,103.6,92.64,82.75,80.23,37.0,-12.0,Home
2019,Brisbane Lions,Hawthorn,54.91,50.0,92.44,96.76,96.51,87.73,-4.1,9.07,60.0,60.0,91.0,96.76,96.51,87.73,11.0,5.6,Home
2019,Melbourne,Adelaide,44.75,46.67,87.23,95.68,99.13,85.38,-11.98,10.33,40.0,60.0,63.8,95.68,99.13,85.38,-15.8,10.6,Away
2019,St Kilda,Port Adelaide,52.91,42.86,88.43,93.21,91.6,90.5,-3.22,2.72,20.0,40.0,69.4,93.21,91.6,90.5,-23.8,-7.2,Away
2019,Essendon,Carlton,57.27,33.33,94.32,88.96,95.93,99.44,-1.63,-10.58,20.0,0.0,61.0,88.96,95.93,99.44,-11.4,-37.6,Home
2019,West Coast,Footscray,66.52,40.71,93.36,93.75,89.7,97.74,3.7,-4.03,80.0,40.0,76.8,93.75,89.7,97.74,2.2,-5.0,Home
2019,Richmond,Geelong,50.0,52.91,88.68,99.16,94.6,82.71,-5.99,16.63,60.0,100.0,78.6,99.16,94.6,82.71,0.0,29.8,Away
2019,Carlton,Brisbane Lions,39.17,34.39,88.83,92.43,99.38,96.44,-10.65,-4.05,0.0,60.0,56.4,92.43,99.38,96.44,-44.8,5.0,Home
2019,Gold Coast,North Melbourne,33.33,44.93,74.94,93.95,103.18,95.65,-28.39,-1.71,0.0,60.0,55.0,93.95,103.18,95.65,-34.4,18.2,Away
2019,Adelaide,GWS,65.64,32.18,95.67,83.94,85.38,95.08,10.31,-11.34,60.0,80.0,78.8,83.94,85.38,95.08,5.2,42.6,Home
2019,Sydney,West Coast,64.07,41.07,92.58,93.45,80.24,89.66,12.48,3.82,40.0,100.0,74.2,93.45,80.24,89.66,-8.2,26.0,Home
2019,Collingwood,Melbourne,59.31,32.58,95.1,87.23,87.48,99.11,7.67,-11.96,80.0,40.0,96.2,87.23,87.48,99.11,20.4,-7.6,Home
2019,Adelaide,Richmond,65.79,42.27,95.64,88.56,85.33,94.62,10.33,-6.13,60.0,60.0,85.0,88.56,85.33,94.62,6.0,-4.0,Home
2019,Essendon,Hawthorn,57.47,49.78,94.27,96.69,95.79,87.72,-1.54,9.01,40.0,40.0,62.0,96.69,95.79,87.72,-2.4,0.8,Home
2019,Gold Coast,St Kilda,32.98,38.29,74.92,88.39,103.15,91.7,-28.39,-3.38,0.0,20.0,58.0,88.39,103.15,91.7,-35.2,-32.0,Away
2019,Fremantle,Port Adelaide,60.18,43.11,86.24,93.31,91.66,90.46,-5.43,2.87,40.0,40.0,65.0,93.31,91.66,90.46,-8.8,3.6,Home
2019,Carlton,Footscray,39.45,40.53,88.81,93.7,99.3,97.82,-10.59,-4.16,20.0,40.0,59.6,93.7,99.3,97.82,-30.2,-13.4,Away
2019,North Melbourne,GWS,54.34,31.82,93.96,83.8,95.6,95.0,-1.64,-11.39,60.0,60.0,93.0,83.8,95.6,95.0,12.0,29.6,Away
2019,West Coast,Essendon,66.67,39.29,93.4,94.28,89.72,95.75,3.71,-1.49,80.0,60.0,92.4,94.28,89.72,95.75,12.4,7.8,Home
2019,Sydney,Hawthorn,64.22,49.57,92.63,96.65,80.22,87.74,12.55,8.95,60.0,40.0,81.2,96.65,80.22,87.74,5.2,-2.0,Home
2019,Melbourne,Fremantle,44.55,34.08,87.16,86.27,99.11,91.63,-12.03,-5.37,20.0,60.0,68.6,86.27,99.11,91.63,-16.8,-1.2,Home
2019,St Kilda,Brisbane Lions,52.68,34.23,88.37,92.36,91.67,96.4,-3.36,-4.07,40.0,40.0,71.6,92.36,91.67,96.4,-22.4,-2.4,Away
2019,Port Adelaide,Geelong,61.06,53.12,93.28,99.17,90.48,82.61,2.82,16.74,40.0,100.0,84.8,99.17,90.48,82.61,7.2,36.8,Home
2019,Footscray,Collingwood,51.6,53.07,93.72,95.11,97.83,87.42,-4.14,7.74,40.0,80.0,89.2,95.11,97.83,87.42,-22.2,20.8,Away
2019,Essendon,GWS,57.66,32.58,94.22,83.84,95.77,94.84,-1.57,-11.19,60.0,80.0,70.2,83.84,95.77,94.84,1.8,40.8,Home
2019,Geelong,Adelaide,77.31,46.9,99.07,95.65,82.58,85.29,16.68,10.38,80.0,60.0,93.8,95.65,82.58,85.29,29.8,8.6,Home
2019,Hawthorn,West Coast,67.53,40.89,96.58,93.43,87.73,89.68,8.89,3.78,20.0,80.0,69.0,93.43,87.73,89.68,-12.4,15.8,Away
2019,Sydney,Gold Coast,64.38,17.02,92.61,74.93,80.18,103.03,12.56,-28.26,60.0,0.0,82.2,74.93,80.18,103.03,8.0,-35.8,Home
2019,Collingwood,North Melbourne,59.48,45.18,95.08,93.9,87.39,95.58,7.74,-1.69,80.0,60.0,89.4,93.9,87.39,95.58,18.8,12.2,Away
2019,Port Adelaide,Footscray,61.23,40.79,93.22,93.67,90.4,97.79,2.84,-4.16,60.0,20.0,84.6,93.67,90.4,97.79,13.4,-27.2,Away
2019,St Kilda,Richmond,52.44,42.08,88.3,88.51,91.72,94.63,-3.48,-6.19,40.0,40.0,69.4,88.51,91.72,94.63,-30.0,-15.6,Away
2019,Brisbane Lions,Melbourne,55.11,32.43,92.41,87.16,96.32,99.05,-3.94,-11.97,60.0,20.0,85.6,87.16,96.32,99.05,12.0,-14.2,Home
2019,Fremantle,Carlton,60.36,33.18,86.24,88.83,91.61,99.31,-5.39,-10.57,60.0,20.0,75.2,88.83,91.61,99.31,1.0,-27.0,Away
2019,Hawthorn,Collingwood,67.24,53.28,96.52,94.95,87.7,87.37,8.86,7.63,20.0,60.0,71.4,94.95,87.7,87.37,-6.4,1.8,Home
2019,Essendon,Sydney,57.85,54.04,94.19,92.61,95.72,80.12,-1.55,12.62,60.0,60.0,73.6,92.61,95.72,80.12,1.6,15.4,Home
2019,Gold Coast,Richmond,32.63,42.34,74.8,88.55,102.98,94.58,-28.33,-6.1,0.0,40.0,61.2,88.55,102.98,94.58,-36.6,-16.2,Away
2019,Adelaide,Port Adelaide,65.94,42.92,95.59,93.11,85.31,90.35,10.3,2.78,60.0,40.0,83.0,93.11,85.31,90.35,3.4,0.8,Away
2019,Footscray,Geelong,51.36,52.89,93.61,99.07,97.67,82.55,-4.09,16.7,40.0,80.0,80.8,99.07,97.67,82.55,-13.4,26.4,Home
2019,Fremantle,West Coast,60.09,41.15,86.21,93.39,91.59,89.64,-5.38,3.79,60.0,80.0,79.6,93.39,91.59,89.64,1.6,13.8,Away
2019,Carlton,Melbourne,39.27,32.29,88.81,87.13,99.26,99.06,-10.54,-12.02,40.0,20.0,69.0,87.13,99.26,99.06,-7.6,-17.6,Away
2019,North Melbourne,St Kilda,54.09,38.57,93.88,88.26,95.45,91.75,-1.59,-3.55,80.0,40.0,92.4,88.26,95.45,91.75,22.0,-28.4,Home
2019,GWS,Brisbane Lions,54.12,34.53,83.77,92.45,94.74,96.27,-11.16,-3.86,60.0,60.0,88.6,92.45,94.74,96.27,21.0,18.4,Away
2019,West Coast,Collingwood,66.81,53.04,93.46,94.89,89.51,87.33,3.98,7.61,80.0,40.0,101.8,94.89,89.51,87.33,29.6,-0.4,Away
2019,Sydney,Carlton,64.53,33.48,92.55,88.84,80.11,99.27,12.57,-10.53,60.0,40.0,84.0,88.84,80.11,99.27,14.8,-6.0,Away
2019,Hawthorn,Fremantle,67.38,33.93,96.46,86.09,87.65,91.65,8.85,-5.57,20.0,40.0,68.8,86.09,87.65,91.65,-11.8,-16.8,Home
2019,Essendon,North Melbourne,58.04,45.41,94.14,93.92,95.65,95.4,-1.52,-1.5,80.0,80.0,78.8,93.92,95.65,95.4,8.2,24.8,Home
2019,Gold Coast,Adelaide,32.29,46.7,74.71,95.48,103.23,85.35,-28.66,10.15,0.0,60.0,60.0,95.48,103.23,85.35,-49.6,-5.6,Away
2019,Geelong,St Kilda,77.41,38.39,98.97,88.23,82.52,91.79,16.63,-3.63,60.0,20.0,79.2,88.23,82.52,91.79,17.8,-38.8,Home
2019,Richmond,GWS,49.77,32.22,88.68,83.72,94.49,94.74,-5.87,-11.21,40.0,40.0,84.0,83.72,94.49,94.74,-2.4,11.8,Home
2019,Footscray,Melbourne,51.58,32.59,93.56,87.17,97.57,99.07,-4.04,-11.98,60.0,40.0,77.0,87.17,97.57,99.07,-5.2,-11.4,Home
2019,Port Adelaide,Brisbane Lions,60.96,34.82,93.12,92.45,90.25,96.22,2.9,-3.8,60.0,80.0,85.4,92.45,90.25,96.22,18.4,22.6,Away
2019,Adelaide,Essendon,65.65,39.11,95.6,94.13,85.28,95.62,10.34,-1.51,60.0,80.0,89.4,94.13,85.28,95.62,13.0,1.0,Away
2019,Richmond,Port Adelaide,50.0,43.17,88.7,93.03,94.43,90.26,-5.8,2.78,60.0,40.0,90.4,93.03,94.43,90.26,10.4,-5.2,Home
2019,Carlton,Gold Coast,39.09,16.84,88.79,74.61,99.18,103.47,-10.49,-29.01,60.0,0.0,85.2,74.61,99.18,103.47,3.6,-52.0,Home
2019,GWS,Collingwood,53.49,53.25,83.62,94.85,94.73,87.31,-11.3,7.59,20.0,60.0,72.8,94.85,94.73,87.31,-10.2,0.6,Home
2019,Brisbane Lions,North Melbourne,55.31,45.22,92.46,93.89,96.11,95.38,-3.69,-1.51,80.0,60.0,95.2,93.89,96.11,95.38,28.4,16.4,Home
2019,Fremantle,Sydney,59.82,53.81,86.02,92.49,91.64,80.09,-5.63,12.53,20.0,60.0,66.0,92.49,91.64,80.09,-23.8,17.8,Home
2019,Geelong,Hawthorn,77.5,49.35,98.94,96.43,82.47,87.58,16.65,8.89,60.0,40.0,79.0,96.43,82.47,87.58,18.8,-1.8,Away
2019,Melbourne,West Coast,44.8,41.41,87.12,93.42,99.01,89.48,-11.97,3.97,40.0,60.0,77.4,93.42,99.01,89.48,-12.6,17.2,Away
2019,St Kilda,Footscray,52.21,41.05,88.16,93.52,91.77,97.5,-3.68,-4.02,20.0,80.0,67.8,93.52,91.77,97.5,-30.2,8.6,Home
2019,Collingwood,Richmond,59.23,42.6,94.81,88.72,87.38,94.36,7.47,-5.7,40.0,80.0,67.0,88.72,87.38,94.36,-17.0,31.4,Away
2019,Hawthorn,Brisbane Lions,67.52,35.11,96.41,92.45,87.52,96.07,8.93,-3.65,60.0,100.0,74.0,92.45,87.52,96.07,6.8,33.8,Away
2019,Carlton,Adelaide,39.37,46.93,88.81,95.56,99.13,85.31,-10.41,10.27,60.0,40.0,89.4,95.56,99.13,85.31,5.4,4.6,Home
2019,West Coast,North Melbourne,66.52,45.02,93.41,93.85,89.46,95.37,3.99,-1.53,80.0,40.0,94.6,93.85,89.46,95.37,28.8,8.6,Home
2019,St Kilda,Melbourne,52.42,32.44,88.22,87.1,91.77,98.99,-3.61,-11.97,20.0,40.0,75.0,87.1,91.77,98.99,-25.6,-7.0,Home
2019,Port Adelaide,GWS,60.7,31.87,92.96,83.84,90.28,94.62,2.69,-10.97,40.0,40.0,64.2,83.84,90.28,94.62,-8.6,3.4,Away
2019,Footscray,Fremantle,51.8,33.78,93.51,85.94,97.54,91.55,-4.07,-5.62,60.0,20.0,74.6,85.94,97.54,91.55,2.6,-27.8,Home
2019,Sydney,Geelong,64.26,52.65,92.4,98.86,80.03,82.47,12.5,16.56,40.0,40.0,70.8,98.86,80.03,82.47,8.6,0.6,Away
2019,Gold Coast,Essendon,31.96,39.38,74.62,94.13,103.45,95.57,-28.98,-1.46,0.0,80.0,63.2,94.13,103.45,95.57,-51.4,1.4,Away
2019,North Melbourne,Hawthorn,54.3,49.57,93.8,96.33,95.42,87.52,-1.64,8.85,40.0,60.0,84.2,96.33,95.42,87.52,3.4,5.2,Home
2019,Essendon,Port Adelaide,58.22,42.98,94.16,92.88,95.57,90.21,-1.43,2.69,100.0,20.0,88.2,92.88,95.57,90.21,10.4,-11.0,Away
2019,GWS,Sydney,54.02,53.59,83.68,92.37,94.4,80.08,-10.9,12.42,40.0,20.0,78.0,92.37,94.4,80.08,-1.0,-0.6,Home
2019,Fremantle,Geelong,60.0,52.86,85.9,98.88,91.59,82.47,-5.71,16.59,20.0,60.0,55.4,98.88,91.59,82.47,-34.4,8.2,Home
2019,Melbourne,Richmond,44.59,42.86,87.1,88.74,99.0,94.3,-11.99,-5.62,20.0,100.0,81.6,88.74,99.0,94.3,-13.6,44.4,Away
2019,Adelaide,St Kilda,65.37,38.22,95.48,88.26,85.31,91.75,10.19,-3.56,20.0,40.0,79.8,88.26,85.31,91.75,-7.4,-10.6,Home
2019,Collingwood,Gold Coast,58.97,16.67,94.74,74.73,87.4,103.46,7.39,-28.89,20.0,0.0,63.8,74.73,87.4,103.46,-25.2,-52.6,Home
2019,Carlton,West Coast,39.64,41.67,88.81,93.47,99.04,89.42,-10.33,4.09,80.0,80.0,86.8,93.47,99.04,89.42,11.4,31.6,Away
2019,Brisbane Lions,Footscray,55.51,40.87,92.43,93.55,95.99,97.47,-3.58,-3.96,100.0,80.0,94.4,93.55,95.99,97.47,28.0,13.8,Home
2019,GWS,Hawthorn,54.55,49.36,83.68,96.26,94.33,87.51,-10.83,8.78,60.0,60.0,80.4,96.26,94.33,87.51,0.6,2.0,Away
2019,Melbourne,Collingwood,44.39,53.02,87.04,94.8,98.99,87.33,-12.03,7.52,20.0,40.0,78.8,94.8,98.99,87.33,-13.6,-2.6,Away
2019,Port Adelaide,Sydney,60.43,53.36,92.95,92.35,90.16,80.09,2.81,12.39,40.0,0.0,78.8,92.35,90.16,80.09,5.8,-9.4,Home
2019,Brisbane Lions,Gold Coast,55.7,16.49,92.45,74.61,95.95,103.55,-3.54,-29.09,100.0,0.0,92.6,74.61,95.95,103.55,25.0,-58.0,Home
2019,Essendon,Footscray,57.96,40.69,94.1,93.52,95.64,97.47,-1.56,-3.99,80.0,60.0,86.2,93.52,95.64,97.47,-2.6,5.2,Away
2019,Geelong,North Melbourne,77.18,44.83,98.8,93.78,82.49,95.35,16.48,-1.58,40.0,40.0,73.6,93.78,82.49,95.35,-4.0,-1.0,Home
2019,St Kilda,Fremantle,52.63,33.63,88.22,85.92,91.75,91.53,-3.6,-5.62,40.0,40.0,84.0,85.92,91.75,91.53,-8.4,-26.8,Home
2019,Richmond,Carlton,50.22,33.78,88.75,88.78,94.22,99.04,-5.53,-10.36,100.0,60.0,107.2,88.78,94.22,99.04,44.4,5.8,Home
2019,West Coast,Adelaide,66.67,46.72,93.49,95.47,89.39,85.28,4.13,10.22,80.0,40.0,102.0,95.47,89.39,85.28,35.2,2.4,Home
2019,Melbourne,Sydney,44.2,53.14,86.96,92.27,98.92,80.14,-12.04,12.26,0.0,0.0,68.4,92.27,98.92,80.14,-18.0,-16.8,Away
2019,Carlton,St Kilda,39.46,38.05,88.68,88.18,98.98,91.7,-10.4,-3.59,60.0,60.0,75.0,88.18,98.98,91.7,1.2,0.0,Home
2019,Brisbane Lions,Geelong,55.9,52.63,92.56,98.73,95.86,82.35,-3.33,16.56,100.0,60.0,102.6,98.73,95.86,82.35,39.2,10.2,Home
2019,Adelaide,Collingwood,65.52,53.22,95.44,94.75,85.29,87.25,10.17,7.54,40.0,60.0,91.6,94.75,85.29,87.25,11.8,1.6,Away
2019,North Melbourne,Port Adelaide,54.5,43.23,93.6,92.97,95.29,90.08,-1.7,2.91,20.0,40.0,65.6,92.97,95.29,90.08,-19.8,3.8,Home
2019,Fremantle,Essendon,60.18,39.65,85.88,93.96,91.48,95.73,-5.62,-1.79,40.0,60.0,67.0,93.96,91.48,95.73,-9.2,-25.4,Away
2019,Richmond,West Coast,50.45,41.92,88.72,93.48,94.11,89.37,-5.45,4.14,100.0,80.0,91.8,93.48,94.11,89.37,31.6,19.0,Home
2019,GWS,Footscray,53.93,40.95,83.38,93.62,94.28,97.33,-11.08,-3.75,60.0,60.0,71.4,93.62,94.28,97.33,-6.6,22.8,Away
2019,Hawthorn,Gold Coast,67.23,16.33,96.24,74.49,87.39,103.76,8.88,-29.41,60.0,0.0,75.6,74.49,87.39,103.76,12.4,-57.8,Home
2019,Collingwood,Essendon,59.15,39.91,94.79,93.95,87.17,95.64,7.67,-1.71,60.0,60.0,89.0,93.95,87.17,95.64,14.6,-20.0,Home
2019,Sydney,St Kilda,63.98,37.89,92.28,88.14,80.06,91.67,12.35,-3.6,20.0,60.0,72.6,88.14,80.06,91.67,-4.8,3.4,Home
2019,North Melbourne,Melbourne,54.71,32.3,93.71,86.86,95.21,98.92,-1.51,-12.14,40.0,0.0,78.2,86.86,95.21,98.92,-1.6,-27.0,Home
2019,Geelong,Carlton,77.27,33.63,98.68,88.66,82.33,98.92,16.52,-10.35,40.0,60.0,74.4,88.66,82.33,98.92,4.6,1.8,Home
2019,Gold Coast,GWS,31.63,32.61,74.36,83.27,103.83,94.45,-29.62,-11.36,0.0,60.0,64.6,83.27,103.83,94.45,-52.8,-13.4,Away
2019,West Coast,Hawthorn,66.81,49.57,93.45,96.28,89.37,87.31,4.12,9.01,80.0,60.0,96.6,96.28,89.37,87.31,18.0,20.2,Away
2019,Footscray,Adelaide,52.02,46.52,93.69,95.33,97.26,85.35,-3.6,10.01,60.0,20.0,109.0,95.33,97.26,85.35,33.4,-20.4,Home
2019,Richmond,Brisbane Lions,50.67,35.4,88.72,92.52,94.08,95.81,-5.43,-3.32,100.0,100.0,90.6,92.52,94.08,95.81,27.4,29.8,Home
2019,Port Adelaide,Fremantle,60.61,33.48,92.9,85.81,90.2,91.47,2.71,-5.67,40.0,40.0,81.0,85.81,90.2,91.47,-3.8,-9.4,Home
2019,West Coast,Essendon,66.53,39.74,93.4,93.88,89.4,95.6,4.03,-1.73,60.0,40.0,91.8,93.88,89.4,95.6,7.8,-26.4,Home
2019,Geelong,Collingwood,77.37,53.42,98.74,94.75,82.29,87.12,16.63,7.67,60.0,80.0,88.0,94.75,82.29,87.12,23.0,26.2,Away
2019,GWS,Footscray,53.33,41.2,83.51,93.75,94.23,97.24,-10.9,-3.52,60.0,80.0,72.0,93.75,94.23,97.24,-8.4,45.6,Home
2019,Brisbane Lions,Richmond,56.09,43.11,92.44,88.7,95.78,94.0,-3.37,-5.35,80.0,100.0,91.8,88.7,95.78,94.0,22.0,25.2,Away
2019,Geelong,West Coast,77.05,41.74,98.64,93.45,82.24,89.34,16.57,4.14,40.0,60.0,76.8,93.45,82.24,89.34,15.6,9.0,Home
2019,Brisbane Lions,GWS,55.84,33.33,92.38,83.67,95.81,94.02,-3.46,-10.52,60.0,60.0,87.4,83.67,95.81,94.02,7.2,3.0,Away
2019,Richmond,Geelong,50.88,52.4,88.75,98.62,93.93,82.21,-5.24,16.58,100.0,60.0,89.6,98.62,93.93,82.21,28.2,26.4,Home
2019,Collingwood,GWS,59.32,34.04,94.68,83.67,87.04,93.95,7.68,-10.45,100.0,60.0,88.2,83.67,87.04,93.95,34.6,3.2,Away
2019,Richmond,GWS,51.1,34.74,88.75,83.52,93.87,93.72,-5.18,-10.37,100.0,80.0,88.0,83.52,93.87,93.72,25.4,15.2,Home
2020,Richmond,Carlton,51.32,33.48,88.8,88.6,93.72,98.98,-4.97,-10.48,100.0,40.0,96.2,88.6,93.72,98.98,37.6,-16.6,Home
2020,Footscray,Collingwood,52.23,53.62,93.66,94.58,97.27,86.98,-3.64,7.65,60.0,80.0,103.8,94.58,97.27,86.98,24.6,20.0,Away
2020,Essendon,Fremantle,57.71,33.33,93.81,85.77,95.64,91.51,-1.85,-5.76,20.0,20.0,62.6,85.77,95.64,91.51,-39.4,-18.2,Home
2020,Adelaide,Sydney,65.24,53.33,95.32,92.31,85.43,80.03,9.91,12.42,20.0,40.0,73.4,92.31,85.43,80.03,-23.0,4.4,Away
2020,GWS,Geelong,53.85,52.17,83.21,98.55,93.83,82.22,-10.79,16.51,80.0,40.0,80.8,98.55,93.83,82.22,9.6,11.6,Home
2020,Gold Coast,Port Adelaide,31.31,43.04,74.26,92.93,103.94,90.15,-29.83,2.8,0.0,60.0,60.6,92.93,103.94,90.15,-62.4,12.4,Away
2020,North Melbourne,St Kilda,54.91,37.72,93.7,88.08,95.19,91.71,-1.49,-3.69,60.0,40.0,80.8,88.08,95.19,91.71,1.8,-11.0,Home
2020,Hawthorn,Brisbane Lions,67.37,35.24,96.3,92.35,87.26,95.79,9.08,-3.46,60.0,40.0,86.4,92.35,87.26,95.79,23.0,3.0,Home
2020,West Coast,Melbourne,66.67,32.16,93.39,86.85,89.34,98.89,4.09,-12.12,40.0,0.0,84.6,86.85,89.34,98.89,0.2,-25.4,Home
2020,Collingwood,Richmond,59.07,43.36,94.57,88.84,86.87,93.69,7.75,-4.91,80.0,100.0,77.8,88.84,86.87,93.69,27.0,41.2,Draw
2020,Geelong,Hawthorn,77.14,49.79,98.5,96.29,82.27,87.21,16.4,9.12,40.0,80.0,81.4,96.29,82.27,87.21,5.4,34.0,Home
2020,Brisbane Lions,Fremantle,55.6,33.19,92.29,85.71,95.77,91.45,-3.52,-5.76,20.0,20.0,67.4,85.71,95.77,91.45,-20.8,-10.0,Home
2020,Carlton,Melbourne,39.73,32.02,88.58,86.77,99.0,98.85,-10.51,-12.15,20.0,0.0,68.0,86.77,99.0,98.85,-26.8,-27.0,Away
2020,Port Adelaide,Adelaide,60.78,46.32,92.9,95.26,90.02,85.4,2.9,9.88,80.0,20.0,94.6,95.26,90.02,85.4,22.0,-18.2,Home
2020,Gold Coast,West Coast,31.0,41.56,74.04,93.36,103.8,89.26,-29.92,4.14,0.0,40.0,47.2,93.36,103.8,89.26,-69.8,3.6,Home
2020,GWS,North Melbourne,54.35,44.64,83.32,93.62,93.72,95.1,-10.56,-1.49,80.0,80.0,76.4,93.62,93.72,95.1,1.6,12.0,Away
2020,Sydney,Essendon,64.14,39.57,92.27,93.74,80.01,95.56,12.4,-1.83,60.0,40.0,83.0,93.74,80.01,95.56,10.4,-26.4,Away
2020,St Kilda,Footscray,52.84,41.03,88.01,93.53,91.63,97.25,-3.69,-3.75,20.0,60.0,65.6,93.53,91.63,97.25,-15.2,17.8,Home
2020,Richmond,Hawthorn,51.53,49.58,88.72,96.18,93.57,87.25,-4.91,8.97,80.0,80.0,90.4,96.18,93.57,87.25,35.8,26.2,Away
2020,Footscray,GWS,52.0,34.38,93.44,83.2,97.23,93.65,-3.82,-10.61,40.0,60.0,77.0,83.2,97.23,93.65,-10.8,-14.0,Home
2020,North Melbourne,Sydney,55.11,53.53,93.59,92.23,95.02,80.0,-1.44,12.36,80.0,60.0,76.4,92.23,95.02,80.0,11.6,9.6,Away
2020,Collingwood,St Kilda,58.82,37.55,94.44,88.01,86.76,91.54,7.75,-3.59,60.0,40.0,62.2,88.01,86.76,91.54,13.8,-3.0,Home
2020,Geelong,Carlton,77.24,33.33,98.52,88.5,82.19,98.9,16.5,-10.49,40.0,20.0,77.2,88.5,82.19,98.9,4.0,-22.2,Away
2020,Brisbane Lions,West Coast,55.79,41.38,92.26,93.26,95.72,89.26,-3.48,4.03,20.0,40.0,68.6,93.26,95.72,89.26,-18.6,-4.0,Home
2020,Gold Coast,Adelaide,31.68,46.12,74.11,95.14,103.52,85.45,-29.55,9.7,20.0,0.0,55.0,95.14,103.52,85.45,-47.2,-37.6,Home
2020,Fremantle,Port Adelaide,59.91,43.29,85.67,92.93,91.43,89.9,-5.77,3.05,0.0,80.0,63.4,92.93,91.43,89.9,-19.2,25.2,Away
2020,Sydney,Footscray,63.87,40.85,92.19,93.36,79.96,97.09,12.36,-3.76,80.0,40.0,84.4,93.36,79.96,97.09,21.2,-18.2,Away
2020,GWS,Collingwood,53.76,53.81,82.94,94.41,93.45,86.65,-10.68,7.83,40.0,60.0,55.8,94.41,93.45,86.65,-19.4,20.4,Home
2020,Port Adelaide,West Coast,60.94,41.2,92.88,93.15,89.8,89.23,3.11,3.96,80.0,40.0,84.8,93.15,89.8,89.23,21.6,-2.4,Home
2020,St Kilda,Richmond,53.04,43.17,87.9,88.61,91.52,93.52,-3.68,-4.97,20.0,60.0,62.2,88.61,91.52,93.52,-12.4,20.0,Home
2020,Essendon,Carlton,57.89,33.62,93.71,88.48,95.51,98.85,-1.82,-10.46,60.0,40.0,71.0,88.48,95.51,98.85,-4.4,-16.2,Away
2020,Gold Coast,Fremantle,32.35,33.04,74.15,85.57,103.14,91.38,-29.14,-5.82,40.0,0.0,60.8,85.57,103.14,91.38,-18.4,-24.4,Home
2020,Brisbane Lions,Adelaide,55.98,45.92,92.22,94.99,95.6,85.45,-3.41,9.57,40.0,0.0,72.4,94.99,95.6,85.45,-7.2,-46.2,Home
2020,Melbourne,Geelong,44.0,51.95,86.7,98.47,98.74,82.19,-12.12,16.46,20.0,40.0,56.6,98.47,98.74,82.19,-20.2,5.6,Away
2020,Hawthorn,North Melbourne,67.51,44.87,96.13,93.52,87.15,94.97,9.02,-1.46,80.0,80.0,86.2,93.52,87.15,94.97,21.4,20.4,Home
2020,Carlton,St Kilda,39.56,37.39,88.4,87.91,98.74,91.46,-10.43,-3.62,40.0,40.0,65.2,87.91,98.74,91.46,-18.0,-5.2,Away
2020,Collingwood,Essendon,59.0,39.83,94.35,93.62,86.61,95.42,7.81,-1.82,40.0,40.0,63.8,93.62,86.61,95.42,18.0,-11.0,Away
2020,West Coast,Sydney,66.81,53.72,93.04,92.08,89.22,79.94,3.85,12.27,20.0,60.0,55.4,92.08,89.22,79.94,-23.0,5.0,Home
2020,Geelong,Gold Coast,76.92,16.16,98.37,74.1,82.11,102.89,16.43,-28.93,40.0,60.0,74.2,74.1,82.11,102.89,2.2,-1.8,Home
2020,Footscray,North Melbourne,52.21,44.68,93.3,93.43,96.96,94.89,-3.69,-1.47,40.0,60.0,52.4,93.43,96.96,94.89,-19.4,2.4,Home
2020,Brisbane Lions,Port Adelaide,56.17,43.53,92.2,92.88,95.5,89.69,-3.32,3.21,60.0,100.0,76.0,92.88,95.5,89.69,9.6,48.4,Home
2020,Adelaide,Fremantle,64.96,32.9,94.89,85.5,85.44,91.32,9.47,-5.84,0.0,0.0,53.6,85.5,85.44,91.32,-40.4,-20.6,Away
2020,Melbourne,Richmond,43.81,42.98,86.61,88.57,98.63,93.52,-12.1,-5.02,20.0,40.0,54.8,88.57,98.63,93.52,-17.4,11.0,Away
2020,GWS,Hawthorn,54.26,49.79,82.85,96.05,93.3,87.08,-10.62,9.01,40.0,80.0,57.8,96.05,93.3,87.08,-19.8,8.2,Home
2020,Geelong,Brisbane Lions,77.02,35.09,98.35,92.19,82.04,95.39,16.47,-3.23,60.0,80.0,78.8,92.19,82.04,95.39,13.4,17.6,Home
2020,Collingwood,Hawthorn,58.75,49.58,94.25,95.95,86.56,87.07,7.76,8.92,40.0,60.0,63.0,95.95,86.56,87.07,15.8,-6.2,Home
2020,Fremantle,St Kilda,59.65,37.66,85.43,87.88,91.2,91.39,-5.78,-3.57,20.0,60.0,54.4,87.88,91.2,91.39,-8.0,7.4,Home
2020,West Coast,Adelaide,66.95,45.73,93.01,94.76,89.13,85.38,3.91,9.4,40.0,0.0,57.2,94.76,89.13,85.38,-12.2,-37.6,Home
2020,Melbourne,Gold Coast,43.61,16.0,86.53,74.0,98.59,102.82,-12.14,-28.97,20.0,60.0,56.8,74.0,98.59,102.82,-12.2,5.2,Home
2020,Essendon,North Melbourne,57.64,44.49,93.55,93.31,95.31,94.87,-1.78,-1.57,60.0,40.0,63.4,93.31,95.31,94.87,-5.8,-8.4,Home
2020,Port Adelaide,GWS,61.11,34.02,92.78,82.85,89.68,93.07,3.12,-10.38,80.0,60.0,78.6,82.85,89.68,93.07,32.4,4.8,Home
2020,Richmond,Sydney,51.3,53.5,88.54,91.98,93.42,79.93,-4.94,12.17,40.0,40.0,65.2,91.98,93.42,79.93,-1.4,-10.8,Home
2020,Carlton,Footscray,39.38,41.1,88.33,93.29,98.69,96.84,-10.45,-3.58,40.0,60.0,64.0,93.29,98.69,96.84,-8.0,2.0,Home
2020,Geelong,Collingwood,77.11,53.59,98.29,94.18,81.97,86.44,16.5,7.81,80.0,40.0,78.8,94.18,81.97,86.44,25.2,11.8,Away
2020,Essendon,Footscray,57.83,40.93,93.5,93.2,95.22,96.85,-1.74,-3.68,80.0,60.0,64.6,93.2,95.22,96.85,8.0,2.0,Away
2020,GWS,Brisbane Lions,54.74,34.93,82.66,92.09,92.91,95.35,-10.42,-3.29,40.0,80.0,57.6,92.09,92.91,95.35,-5.0,17.8,Away
2020,Sydney,Gold Coast,63.6,15.84,91.84,73.94,79.83,102.71,12.13,-28.91,20.0,60.0,50.4,73.94,79.83,102.71,-13.0,11.2,Away
2020,Richmond,North Melbourne,51.52,44.3,88.43,93.22,93.28,94.81,-4.92,-1.6,40.0,20.0,51.0,93.22,93.28,94.81,-4.6,-11.6,Home
2020,Carlton,Port Adelaide,39.65,43.35,88.36,92.72,98.58,89.59,-10.31,3.15,60.0,80.0,68.4,92.72,98.58,89.59,7.2,26.4,Away
2020,Hawthorn,Melbourne,67.65,32.31,95.81,86.52,87.01,98.51,8.83,-12.07,40.0,40.0,50.4,86.52,87.01,98.51,-18.2,-7.8,Away
2020,Fremantle,West Coast,59.83,41.03,85.42,92.95,91.16,89.01,-5.75,3.98,40.0,40.0,58.8,92.95,91.16,89.01,-5.6,-11.0,Away
2020,Adelaide,St Kilda,64.68,37.5,94.63,87.84,85.34,91.36,9.31,-3.58,0.0,60.0,35.6,87.84,85.34,91.36,-43.6,6.6,Away
2020,Gold Coast,Footscray,33.01,41.18,74.03,93.2,102.5,96.75,-28.61,-3.59,60.0,80.0,70.6,93.2,102.5,96.75,8.8,18.2,Away
2020,GWS,Richmond,54.17,43.23,82.58,88.4,92.89,93.13,-10.47,-4.79,40.0,60.0,59.2,88.4,92.89,93.13,-5.0,6.2,Home
2020,North Melbourne,Carlton,54.87,33.91,93.07,88.3,94.77,98.51,-1.71,-10.3,0.0,60.0,45.6,88.3,94.77,98.51,-26.4,6.8,Away
2020,Sydney,Hawthorn,63.33,49.37,91.77,95.71,79.86,87.02,12.04,8.72,20.0,40.0,47.8,95.71,79.86,87.02,-18.2,-14.6,Home
2020,Port Adelaide,St Kilda,61.28,37.77,92.65,87.82,89.53,91.28,3.15,-3.52,80.0,60.0,66.8,87.82,89.53,91.28,12.0,3.4,Away
2020,Adelaide,Essendon,64.41,40.09,94.55,93.4,85.32,95.22,9.24,-1.83,0.0,60.0,39.6,93.4,85.32,95.22,-33.2,-1.6,Away
2020,West Coast,Collingwood,67.08,53.78,92.89,94.1,88.89,86.33,4.03,7.84,60.0,60.0,58.2,94.1,88.89,86.33,3.8,16.2,Home
2020,Melbourne,Brisbane Lions,43.86,35.22,86.53,92.08,98.4,95.29,-11.95,-3.24,60.0,80.0,64.2,92.08,98.4,95.29,6.2,19.4,Away
2020,Fremantle,Geelong,59.57,52.16,85.3,98.16,91.1,81.92,-5.81,16.42,40.0,60.0,51.4,98.16,91.1,81.92,-9.2,8.6,Away
2020,Footscray,Richmond,52.42,43.04,93.11,88.32,96.64,93.06,-3.57,-4.8,80.0,60.0,69.8,88.32,96.64,93.06,14.4,10.2,Away
2020,Melbourne,Port Adelaide,43.67,43.59,86.44,92.55,98.3,89.49,-11.93,3.08,40.0,60.0,63.2,92.55,98.3,89.49,5.2,0.4,Away
2020,Carlton,Hawthorn,39.47,49.17,88.25,95.62,98.42,86.97,-10.26,8.69,60.0,20.0,67.0,95.62,98.42,86.97,7.8,-22.4,Away
2020,Essendon,Brisbane Lions,57.58,35.5,93.34,92.0,95.14,95.19,-1.82,-3.22,60.0,80.0,58.8,92.0,95.14,95.19,-2.2,14.2,Away
2020,North Melbourne,Adelaide,54.63,45.53,93.0,94.47,94.71,85.27,-1.72,9.22,0.0,0.0,45.0,94.47,94.71,85.27,-25.6,-23.2,Home
2020,St Kilda,Sydney,53.25,53.28,87.79,91.71,91.18,79.8,-3.45,12.03,80.0,20.0,78.0,91.71,91.18,79.8,18.0,-19.0,Home
2020,West Coast,Geelong,67.22,52.36,92.93,98.06,88.8,81.78,4.16,16.45,80.0,80.0,71.6,98.06,88.8,81.78,23.0,15.4,Home
2020,Gold Coast,GWS,32.69,33.67,73.89,82.48,102.25,92.67,-28.49,-10.35,40.0,60.0,63.4,82.48,102.25,92.67,-2.8,2.2,Away
2020,Fremantle,Collingwood,59.31,53.56,85.15,94.0,91.0,86.38,-5.86,7.68,40.0,40.0,46.4,94.0,91.0,86.38,-9.8,-5.8,Home
2020,Port Adelaide,Footscray,61.02,41.42,92.53,93.01,89.37,96.63,3.18,-3.65,60.0,60.0,60.4,93.01,89.37,96.63,1.0,0.6,Home
2020,Richmond,Brisbane Lions,51.72,35.78,88.32,91.99,92.96,95.04,-4.7,-3.08,80.0,80.0,66.0,91.99,92.96,95.04,23.6,19.4,Home
2020,Geelong,North Melbourne,76.8,44.12,97.99,93.05,81.76,94.61,16.39,-1.57,60.0,20.0,61.8,93.05,81.76,94.61,13.0,-11.0,Home
2020,Adelaide,Melbourne,64.14,32.61,94.38,86.33,85.34,98.27,9.05,-12.02,0.0,40.0,46.4,86.33,85.34,98.27,-29.6,-4.4,Away
2020,Collingwood,Sydney,58.92,53.06,93.91,91.62,86.33,79.85,7.64,11.89,40.0,20.0,51.6,91.62,86.33,79.85,-7.8,-24.0,Home
2020,Gold Coast,St Kilda,32.38,38.03,73.71,87.82,102.05,91.09,-28.48,-3.32,20.0,80.0,57.6,87.82,102.05,91.09,-10.6,23.4,Away
2020,Essendon,GWS,57.33,34.34,93.2,82.37,95.13,92.37,-1.95,-10.16,60.0,60.0,54.2,82.37,95.13,92.37,-14.6,7.0,Away
2020,Port Adelaide,Richmond,61.18,43.29,92.45,88.31,89.27,92.85,3.2,-4.6,80.0,80.0,61.8,88.31,89.27,92.85,11.0,26.4,Home
2020,Brisbane Lions,Footscray,56.36,41.25,91.88,92.9,95.02,96.54,-3.16,-3.67,60.0,40.0,63.8,92.9,95.02,96.54,3.8,-11.8,Home
2020,West Coast,Carlton,67.36,34.2,92.88,88.18,88.75,98.4,4.17,-10.3,100.0,40.0,78.0,88.18,88.75,98.4,34.4,1.4,Home
2020,Melbourne,North Melbourne,43.48,43.93,86.33,92.97,98.13,94.6,-11.88,-1.64,60.0,20.0,68.0,92.97,98.13,94.6,11.2,-7.8,Home
2020,St Kilda,Geelong,53.45,52.14,87.8,97.97,91.05,81.71,-3.31,16.43,80.0,60.0,80.6,97.97,91.05,81.71,20.6,12.2,Away
2020,Fremantle,Hawthorn,59.48,49.38,85.1,95.6,90.91,86.91,-5.83,8.73,60.0,20.0,48.4,95.6,90.91,86.91,-4.8,-17.0,Home
2020,Adelaide,Collingwood,63.87,53.33,94.26,93.82,85.35,86.23,8.93,7.64,0.0,60.0,47.0,93.82,85.35,86.23,-35.8,-3.0,Away
2020,Gold Coast,Essendon,32.08,40.34,73.71,93.11,101.93,95.05,-28.36,-1.96,20.0,40.0,62.0,93.11,101.93,95.05,-4.0,-18.4,Draw
2020,Sydney,GWS,63.49,35.0,91.52,82.25,79.79,92.18,11.85,-10.09,20.0,60.0,47.0,82.25,79.79,92.18,-19.0,1.0,Home
2020,Geelong,Port Adelaide,76.89,43.83,97.96,92.45,81.61,89.23,16.52,3.24,60.0,80.0,66.0,92.45,81.61,89.23,18.6,11.8,Home
2020,North Melbourne,Brisbane Lions,54.82,35.62,92.85,91.89,94.59,94.97,-1.75,-3.1,20.0,80.0,58.2,91.89,94.59,94.97,-16.4,14.0,Away
2020,Melbourne,Collingwood,43.72,53.53,86.34,93.75,98.0,86.13,-11.73,7.68,60.0,60.0,70.4,93.75,98.0,86.13,19.2,-4.6,Home
2020,Fremantle,Carlton,59.66,34.05,85.02,88.1,90.78,98.34,-5.78,-10.33,60.0,40.0,47.2,88.1,90.78,98.34,-5.6,0.6,Away
2020,Footscray,Adelaide,52.19,45.34,92.86,94.14,96.54,85.3,-3.71,8.86,40.0,0.0,61.4,94.14,96.54,85.3,-6.2,-34.0,Home
2020,St Kilda,Essendon,53.22,40.17,87.68,93.07,91.05,95.0,-3.43,-1.96,80.0,20.0,72.8,93.07,91.05,95.0,10.0,-21.2,Home
2020,West Coast,Hawthorn,67.49,49.17,92.84,95.47,88.67,86.83,4.21,8.68,100.0,20.0,77.0,95.47,88.67,86.83,32.0,-13.4,Home
2020,Richmond,Gold Coast,51.93,16.67,88.27,73.7,92.85,101.79,-4.64,-28.36,60.0,20.0,74.2,73.7,92.85,101.79,20.6,-0.6,Home
2020,Gold Coast,Carlton,31.78,34.33,73.5,87.99,101.56,98.2,-28.33,-10.3,0.0,40.0,52.0,87.99,101.56,98.2,-11.2,-9.0,Away
2020,Footscray,Melbourne,52.4,32.9,92.9,86.37,96.45,97.88,-3.58,-11.58,40.0,60.0,65.0,86.37,96.45,97.88,-3.2,21.8,Home
2020,Port Adelaide,Hawthorn,61.34,48.97,92.32,95.38,89.24,86.81,3.11,8.6,60.0,20.0,61.2,95.38,89.24,86.81,-0.8,-13.4,Home
2020,Essendon,Richmond,57.08,43.1,92.94,88.2,94.95,92.72,-2.03,-4.58,20.0,60.0,50.2,88.2,94.95,92.72,-19.8,14.0,Away
2020,Fremantle,Sydney,59.4,52.85,84.91,91.46,90.68,79.67,-5.77,11.91,40.0,40.0,38.6,91.46,90.68,79.67,-7.6,-9.2,Home
2020,Adelaide,Geelong,63.6,52.34,94.05,97.95,85.35,81.51,8.72,16.61,0.0,80.0,47.6,97.95,85.35,81.51,-40.8,35.0,Away
2020,Brisbane Lions,St Kilda,56.54,38.3,91.81,87.64,94.88,90.93,-3.09,-3.34,80.0,80.0,66.8,87.64,94.88,90.93,10.2,12.4,Home
2020,West Coast,GWS,67.62,34.65,92.82,81.96,88.58,92.05,4.27,-10.25,100.0,60.0,79.8,81.96,88.58,92.05,31.8,-3.8,Home
2020,Collingwood,North Melbourne,59.09,43.75,93.65,92.76,86.16,94.51,7.55,-1.75,40.0,20.0,50.0,92.76,86.16,94.51,-20.2,-5.8,Home
2020,Hawthorn,Essendon,67.36,40.0,95.3,92.87,86.77,94.9,8.56,-2.05,20.0,0.0,56.2,92.87,86.77,94.9,-6.8,-22.8,Away
2020,Richmond,West Coast,52.14,41.28,88.16,92.75,92.65,88.5,-4.55,4.29,80.0,100.0,74.0,92.75,92.65,88.5,18.8,28.2,Home
2020,Footscray,Geelong,52.61,52.54,92.87,97.88,96.35,81.42,-3.51,16.63,40.0,80.0,70.8,97.88,96.35,81.42,1.4,34.2,Away
2020,Port Adelaide,Sydney,61.51,52.63,92.27,91.31,89.17,79.61,3.12,11.82,80.0,40.0,66.0,91.31,89.17,79.61,7.0,-9.0,Home
2020,Fremantle,GWS,59.57,34.31,84.84,81.79,90.52,91.89,-5.7,-10.26,60.0,60.0,42.2,81.79,90.52,91.89,4.6,-2.2,Away
2020,Melbourne,St Kilda,43.97,38.14,86.3,87.56,97.84,90.84,-11.62,-3.34,60.0,60.0,72.8,87.56,97.84,90.84,17.0,6.2,Home
2020,Carlton,Collingwood,39.3,53.31,87.93,93.59,98.05,86.06,-10.2,7.59,60.0,60.0,54.4,93.59,98.05,86.06,-1.8,-1.0,Away
2020,Gold Coast,North Melbourne,31.48,43.57,73.28,92.64,101.36,94.44,-28.35,-1.81,0.0,20.0,48.2,92.64,101.36,94.44,-16.8,-10.4,Home
2020,Hawthorn,Adelaide,67.08,45.15,95.25,93.93,86.77,85.31,8.51,8.64,20.0,0.0,59.8,93.93,86.77,85.31,-8.6,-45.8,Away
2020,West Coast,Essendon,67.76,40.25,92.68,92.86,88.5,94.85,4.22,-2.01,80.0,20.0,69.6,92.86,88.5,94.85,9.6,-7.0,Home
2020,Richmond,Fremantle,52.34,33.19,88.16,84.77,92.59,90.52,-4.48,-5.76,80.0,60.0,73.6,84.77,92.59,90.52,16.0,3.4,Home
2020,Sydney,Melbourne,63.64,32.76,91.22,86.22,79.6,97.74,11.74,-11.59,20.0,80.0,44.2,86.22,79.6,97.74,-15.6,27.8,Home
2020,GWS,Carlton,54.64,34.62,81.84,87.85,91.7,97.99,-10.01,-10.23,60.0,40.0,57.0,87.85,91.7,97.99,3.0,-8.0,Home
2020,Brisbane Lions,Collingwood,56.72,53.5,91.72,93.54,94.78,85.98,-3.08,7.63,80.0,80.0,66.2,93.54,94.78,85.98,9.8,6.2,Home
2020,North Melbourne,Port Adelaide,54.59,43.64,92.5,92.23,94.44,89.08,-1.94,3.17,0.0,80.0,41.4,92.23,94.44,89.08,-36.8,2.0,Away
2020,St Kilda,Hawthorn,53.42,48.77,87.48,95.15,90.76,86.77,-3.34,8.42,40.0,0.0,55.4,95.15,90.76,86.77,-5.0,-21.8,Home
2020,Geelong,Essendon,76.98,40.08,97.83,92.76,81.38,94.77,16.62,-2.04,100.0,20.0,82.2,92.76,81.38,94.77,38.2,-9.2,Home
2020,Footscray,West Coast,52.38,41.1,92.8,92.62,96.3,88.41,-3.53,4.24,40.0,80.0,73.2,92.62,96.3,88.41,7.4,10.8,Home
2020,Melbourne,Fremantle,44.21,33.05,86.14,84.65,97.67,90.45,-11.61,-5.81,60.0,40.0,68.4,84.65,97.67,90.45,13.4,-4.4,Away
2020,Adelaide,GWS,63.33,34.95,93.91,81.67,85.23,91.44,8.7,-9.91,20.0,60.0,49.8,81.67,85.23,91.44,-25.0,-0.4,Home
2020,Carlton,Sydney,39.13,52.42,87.74,91.18,97.89,79.53,-10.23,11.76,40.0,40.0,47.4,91.18,97.89,79.53,-3.6,-0.8,Home
2020,Brisbane Lions,Gold Coast,56.9,16.5,91.62,73.37,94.65,101.02,-3.06,-27.91,80.0,20.0,56.4,73.37,94.65,101.02,-1.2,1.0,Home
2020,St Kilda,West Coast,53.62,40.93,87.46,92.52,90.71,88.33,-3.3,4.23,40.0,60.0,55.8,92.52,90.71,88.33,-3.0,6.0,Away
2020,Geelong,Richmond,77.08,43.35,97.85,88.1,81.3,92.45,16.72,-4.41,100.0,80.0,85.8,88.1,81.3,92.45,44.8,13.2,Away
2020,North Melbourne,Fremantle,54.35,33.33,92.4,84.57,94.4,90.33,-2.02,-5.77,0.0,40.0,38.4,84.57,94.4,90.33,-37.4,-4.8,Away
2020,Port Adelaide,Essendon,61.67,39.92,92.2,92.65,88.98,94.8,3.24,-2.18,80.0,20.0,68.6,92.65,88.98,94.8,6.6,-22.4,Home
2020,GWS,Melbourne,55.1,32.62,81.5,86.02,91.28,97.56,-9.92,-11.61,40.0,40.0,52.0,86.02,91.28,97.56,-3.6,-0.8,Away
2020,Carlton,Adelaide,39.39,45.38,87.68,93.84,97.79,85.15,-10.2,8.7,60.0,40.0,48.8,93.84,97.79,85.15,1.8,-12.4,Away
2020,Hawthorn,Footscray,66.8,41.08,95.09,92.71,86.75,96.2,8.37,-3.52,0.0,60.0,58.4,92.71,86.75,96.2,-21.4,10.4,Away
2020,Sydney,Brisbane Lions,63.79,35.9,91.1,91.61,79.49,94.54,11.73,-2.96,40.0,100.0,50.2,91.61,79.49,94.54,0.0,16.0,Away
2020,Collingwood,Gold Coast,59.26,16.35,93.42,73.23,85.89,100.96,7.59,-28.0,60.0,20.0,55.4,73.23,85.89,100.96,2.8,-7.2,Home
2020,North Melbourne,West Coast,54.11,41.18,92.27,92.46,94.41,88.25,-2.15,4.25,0.0,60.0,38.4,92.46,94.41,88.25,-38.8,2.6,Away
2020,St Kilda,GWS,53.39,34.62,87.38,81.46,90.65,91.22,-3.33,-9.9,40.0,40.0,59.0,81.46,90.65,91.22,5.8,3.6,Home
2020,Essendon,Melbourne,56.84,32.91,92.52,86.01,94.77,97.51,-2.28,-11.58,20.0,40.0,52.8,86.01,94.77,97.51,-25.4,-11.0,Away
2020,Adelaide,Richmond,63.49,43.59,93.79,88.03,85.09,92.32,8.72,-4.34,60.0,100.0,61.0,88.03,85.09,92.32,-4.4,22.6,Away
2020,Brisbane Lions,Carlton,57.08,34.47,91.57,87.61,94.43,97.73,-2.88,-10.21,100.0,40.0,61.2,87.61,94.43,97.73,17.6,-2.2,Home
2020,Hawthorn,Gold Coast,66.53,16.19,94.98,73.1,86.73,100.8,8.28,-27.97,0.0,20.0,56.6,73.1,86.73,100.8,-22.2,-11.6,Home
2020,Sydney,Geelong,63.52,52.74,90.99,97.71,79.47,81.25,11.64,16.63,20.0,80.0,45.2,97.71,79.47,81.25,-14.6,27.8,Away
2020,Fremantle,Footscray,59.32,41.32,84.6,92.67,90.21,96.08,-5.62,-3.43,60.0,80.0,55.6,92.67,90.21,96.08,8.8,22.4,Away
2020,Collingwood,Port Adelaide,59.43,43.88,93.37,92.17,85.81,88.86,7.62,3.34,60.0,80.0,56.6,92.17,85.81,88.86,2.4,12.4,Away
2020,Port Adelaide,Geelong,61.83,52.94,92.11,97.65,88.77,81.21,3.36,16.61,100.0,80.0,71.8,97.65,88.77,81.21,27.6,17.0,Home
2020,Brisbane Lions,Richmond,57.26,43.83,91.54,88.01,94.36,92.19,-2.84,-4.24,100.0,100.0,66.2,88.01,94.36,92.19,20.8,27.2,Home
2020,St Kilda,Footscray,53.59,41.56,87.37,92.63,90.53,95.97,-3.21,-3.36,40.0,80.0,61.8,92.63,90.53,95.97,9.2,17.0,Home
2020,West Coast,Collingwood,67.89,53.28,92.38,93.27,88.14,85.76,4.27,7.58,60.0,60.0,56.4,93.27,88.14,85.76,3.2,10.4,Away
2020,Richmond,St Kilda,52.54,37.97,87.93,87.33,92.14,90.47,-4.26,-3.2,80.0,60.0,66.4,87.33,92.14,90.47,21.8,10.2,Home
2020,Geelong,Collingwood,76.77,53.47,97.54,93.23,81.16,85.73,16.55,7.56,60.0,60.0,64.4,93.23,81.16,85.73,8.2,4.6,Home
2020,Port Adelaide,Richmond,61.98,43.64,92.04,87.92,88.67,92.05,3.39,-4.19,100.0,80.0,69.8,87.92,88.67,92.05,28.8,22.6,Away
2020,Brisbane Lions,Geelong,57.44,52.72,91.49,97.54,94.27,81.06,-2.8,16.65,100.0,60.0,70.0,97.54,94.27,81.06,23.4,19.6,Away
2020,Richmond,Geelong,52.74,52.92,87.83,97.51,91.94,80.98,-4.17,16.7,80.0,60.0,62.8,97.51,91.94,80.98,18.4,14.4,Home
2021,Richmond,Carlton,52.94,34.32,87.81,87.55,91.85,97.69,-4.09,-10.23,80.0,20.0,67.6,87.55,91.85,97.69,19.4,-12.2,Home
2021,Collingwood,Footscray,59.18,41.39,93.11,92.57,85.76,95.91,7.41,-3.36,40.0,60.0,51.0,92.57,85.76,95.91,-13.8,10.8,Away
2021,Melbourne,Fremantle,44.02,33.62,85.97,84.52,97.41,90.18,-11.51,-5.67,60.0,40.0,55.6,84.52,97.41,90.18,-1.6,-3.4,Home
2021,Adelaide,Geelong,63.22,52.7,93.67,97.42,85.07,80.98,8.61,16.6,60.0,60.0,56.8,97.42,85.07,80.98,-1.8,13.4,Home
2021,Essendon,Hawthorn,56.6,48.57,92.43,95.0,94.71,86.67,-2.32,8.37,20.0,20.0,50.4,95.0,94.71,86.67,-26.8,-10.0,Away
2021,Brisbane Lions,Sydney,57.2,52.21,91.39,90.94,94.25,79.45,-2.88,11.6,80.0,20.0,70.0,90.94,94.25,79.45,13.8,-9.6,Away
2021,North Melbourne,Port Adelaide,53.88,44.12,92.15,91.93,94.31,88.58,-2.18,3.37,0.0,80.0,34.8,91.93,94.31,88.58,-41.6,22.4,Away
2021,GWS,St Kilda,54.55,37.82,81.21,87.25,91.17,90.45,-10.11,-3.26,40.0,60.0,58.0,87.25,91.17,90.45,-4.4,4.6,Away
2021,West Coast,Gold Coast,67.61,16.04,92.34,73.02,88.11,100.84,4.26,-28.08,60.0,20.0,59.2,73.02,88.11,100.84,8.4,-17.6,Home
2021,Carlton,Collingwood,39.22,53.25,87.54,93.03,97.71,85.73,-10.26,7.36,20.0,40.0,58.6,93.03,97.71,85.73,-12.4,-15.4,Away
2021,Geelong,Brisbane Lions,76.86,36.17,97.4,91.4,81.03,94.31,16.54,-2.94,40.0,60.0,73.0,91.4,81.03,94.31,9.8,-1.4,Home
2021,Sydney,Adelaide,63.27,45.61,91.01,93.68,79.48,85.09,11.64,8.62,40.0,80.0,69.6,93.68,79.48,85.09,1.8,6.2,Home
2021,Port Adelaide,Essendon,61.73,39.75,91.98,92.42,88.53,94.71,3.47,-2.31,80.0,0.0,71.0,92.42,88.53,94.71,25.6,-30.2,Home
2021,St Kilda,Melbourne,53.78,33.19,87.24,85.96,90.42,97.33,-3.23,-11.44,60.0,60.0,66.8,85.96,90.42,97.33,3.4,2.2,Away
2021,Gold Coast,North Melbourne,32.11,43.39,72.95,92.09,100.75,94.36,-28.06,-2.28,20.0,0.0,59.0,92.09,100.75,94.36,-16.0,-46.0,Home
2021,Hawthorn,Richmond,66.67,43.88,95.0,87.85,86.68,91.83,8.35,-4.03,40.0,80.0,70.8,87.85,86.68,91.83,-6.6,15.6,Away
2021,Footscray,West Coast,52.59,41.42,92.52,92.32,95.82,88.05,-3.32,4.31,80.0,60.0,66.4,92.32,95.82,88.05,16.2,10.4,Home
2021,Fremantle,GWS,59.07,34.29,84.46,81.2,90.15,91.15,-5.71,-10.1,40.0,20.0,55.4,81.2,90.15,91.15,-0.2,-13.6,Home
2021,Collingwood,Brisbane Lions,58.94,36.02,93.05,91.37,85.73,94.28,7.39,-2.93,40.0,40.0,62.4,91.37,85.73,94.28,-15.6,-8.0,Away
2021,North Melbourne,Footscray,53.65,41.63,91.98,92.54,94.37,95.81,-2.4,-3.3,0.0,80.0,43.0,92.54,94.37,95.81,-45.2,17.2,Away
2021,Adelaide,Gold Coast,63.37,15.89,93.67,73.07,85.16,100.47,8.53,-27.66,60.0,20.0,71.0,73.07,85.16,100.47,-7.4,-16.8,Home
2021,Richmond,Sydney,53.14,52.4,87.83,91.07,91.74,79.5,-3.96,11.69,100.0,40.0,78.0,91.07,91.74,79.5,24.4,4.2,Away
2021,Essendon,St Kilda,56.36,38.08,92.37,87.21,94.76,90.42,-2.42,-3.26,0.0,60.0,55.2,87.21,94.76,90.42,-38.0,2.8,Home
2021,West Coast,Port Adelaide,67.74,44.35,92.32,92.04,88.07,88.48,4.28,3.58,60.0,80.0,73.0,92.04,88.07,88.48,9.4,26.4,Home
2021,Carlton,Fremantle,39.06,33.47,87.53,84.47,97.72,90.08,-10.28,-5.63,20.0,60.0,67.8,84.47,97.72,90.08,-14.8,11.4,Home
2021,GWS,Melbourne,54.0,33.47,81.07,85.97,91.13,97.27,-10.2,-11.38,0.0,80.0,57.0,85.97,91.13,97.27,-21.6,10.0,Away
2021,Geelong,Hawthorn,76.95,48.78,97.37,94.9,81.03,86.66,16.51,8.28,60.0,40.0,80.8,94.9,81.03,86.66,13.2,-5.4,Home
2021,Sydney,Essendon,63.41,39.58,91.12,92.47,79.48,94.7,11.75,-2.26,60.0,20.0,93.4,92.47,79.48,94.7,14.2,-9.8,Home
2021,Port Adelaide,Richmond,61.89,44.12,91.99,87.8,88.52,91.79,3.49,-4.05,60.0,80.0,81.0,87.8,88.52,91.79,15.8,9.2,Home
2021,Footscray,Brisbane Lions,52.79,36.29,92.7,91.33,95.69,94.24,-3.02,-2.93,80.0,40.0,94.8,91.33,95.69,94.24,35.6,-11.2,Home
2021,St Kilda,West Coast,53.56,41.25,87.17,92.35,90.53,88.04,-3.42,4.35,40.0,60.0,68.6,92.35,90.53,88.04,-22.6,13.8,Home
2021,Gold Coast,Carlton,32.73,34.18,73.12,87.58,100.44,97.65,-27.57,-10.16,20.0,20.0,68.8,87.58,100.44,97.65,-9.8,-6.8,Away
2021,Collingwood,GWS,58.7,33.96,93.01,81.01,85.7,91.18,7.37,-10.32,40.0,0.0,67.8,81.01,85.7,91.18,-12.6,-26.0,Away
2021,North Melbourne,Adelaide,53.42,45.42,91.87,93.68,94.52,85.16,-2.67,8.53,0.0,60.0,42.4,93.68,94.52,85.16,-63.6,-7.8,Away
2021,Melbourne,Geelong,44.26,52.48,86.0,97.31,97.21,80.99,-11.28,16.49,100.0,60.0,84.0,97.31,97.21,80.99,19.6,0.6,Home
2021,Fremantle,Hawthorn,59.24,48.58,84.42,94.84,90.12,86.63,-5.71,8.25,40.0,40.0,70.4,94.84,90.12,86.63,-0.4,-3.6,Home
2021,St Kilda,Richmond,53.75,43.93,87.2,87.77,90.51,91.77,-3.37,-4.04,40.0,60.0,75.6,87.77,90.51,91.77,-19.2,7.6,Away
2021,West Coast,Collingwood,67.87,53.44,92.33,92.95,88.07,85.71,4.3,7.29,40.0,20.0,88.2,92.95,88.07,85.71,6.8,-18.8,Home
2021,Footscray,Gold Coast,52.99,15.74,92.65,73.06,95.61,100.31,-2.98,-27.5,80.0,20.0,94.6,73.06,95.61,100.31,33.4,-7.6,Home
2021,Sydney,GWS,63.56,34.58,91.1,81.05,79.48,91.03,11.74,-10.12,80.0,20.0,101.8,81.05,79.48,91.03,21.2,-19.0,Away
2021,Carlton,Port Adelaide,39.32,44.17,87.54,91.97,97.57,88.5,-10.12,3.49,40.0,60.0,81.0,91.97,97.57,88.5,-1.4,13.0,Away
2021,Brisbane Lions,Essendon,56.97,39.42,91.26,92.45,94.19,94.68,-2.96,-2.26,20.0,20.0,68.6,92.45,94.19,94.68,-18.0,-0.4,Home
2021,Adelaide,Fremantle,63.52,33.33,93.71,84.45,85.13,90.1,8.6,-5.67,60.0,40.0,85.6,84.45,85.13,90.1,-2.8,-10.2,Away
2021,Hawthorn,Melbourne,66.39,33.76,94.81,86.0,86.64,97.13,8.2,-11.2,40.0,100.0,78.8,86.0,86.64,97.13,0.6,23.6,Away
2021,Geelong,North Melbourne,77.04,43.21,97.24,91.82,81.0,94.55,16.4,-2.75,40.0,0.0,70.2,91.82,81.0,94.55,-12.4,-59.0,Home
2021,GWS,Footscray,53.47,41.87,81.0,92.71,90.92,95.52,-10.06,-2.84,40.0,100.0,72.6,92.71,90.92,95.52,-8.2,46.4,Away
2021,Geelong,West Coast,77.13,41.08,97.2,92.35,80.93,88.04,16.43,4.35,60.0,60.0,75.6,92.35,80.93,88.04,-0.2,12.4,Home
2021,Gold Coast,Sydney,32.43,52.59,72.98,91.06,100.39,79.47,-27.66,11.71,20.0,80.0,71.2,91.06,100.39,79.47,-9.8,22.0,Home
2021,Carlton,Brisbane Lions,39.15,36.13,87.5,91.28,97.57,94.09,-10.16,-2.84,40.0,40.0,82.4,91.28,97.57,94.09,-3.6,1.4,Away
2021,Melbourne,Richmond,44.49,44.17,86.04,87.87,97.04,91.68,-11.07,-3.85,100.0,60.0,92.4,87.87,97.04,91.68,29.8,18.6,Home
2021,Fremantle,North Melbourne,59.41,43.03,84.45,91.73,90.06,94.52,-5.63,-2.8,60.0,0.0,77.8,91.73,90.06,94.52,-1.8,-62.0,Home
2021,Hawthorn,Adelaide,66.12,45.64,94.73,93.66,86.68,85.12,8.08,8.56,20.0,60.0,68.0,93.66,86.68,85.12,-19.6,3.6,Home
2021,Collingwood,Essendon,58.47,39.26,92.91,92.35,85.75,94.69,7.22,-2.38,20.0,20.0,73.4,92.35,85.75,94.69,-10.6,-8.0,Away
2021,Port Adelaide,St Kilda,62.04,37.92,91.98,87.12,88.46,90.6,3.54,-3.54,80.0,40.0,96.4,87.12,88.46,90.6,19.8,-30.2,Home
2021,Richmond,Footscray,52.92,42.11,87.79,92.73,91.65,95.46,-3.92,-2.75,40.0,100.0,81.8,92.73,91.65,95.46,6.8,51.0,Home
2021,Collingwood,Gold Coast,58.23,15.6,92.9,73.1,85.79,100.2,7.16,-27.35,20.0,40.0,79.8,73.1,85.79,100.2,-12.2,3.2,Away
2021,Adelaide,GWS,63.27,35.19,93.67,80.93,85.16,90.99,8.53,-10.2,40.0,40.0,92.6,80.93,85.16,90.99,0.6,-14.4,Away
2021,St Kilda,Hawthorn,53.53,48.39,87.02,94.74,90.61,86.7,-3.65,8.07,20.0,20.0,66.0,94.74,90.61,86.7,-42.6,-19.2,Home
2021,Sydney,Geelong,63.31,52.26,91.0,97.28,79.51,80.85,11.6,16.59,60.0,80.0,90.0,97.28,79.51,80.85,7.8,21.6,Home
2021,Brisbane Lions,Port Adelaide,57.14,44.4,91.3,91.98,94.07,88.36,-2.79,3.64,60.0,80.0,82.4,91.98,94.07,88.36,11.2,20.2,Home
2021,North Melbourne,Melbourne,53.19,34.03,91.64,86.03,94.52,96.94,-2.91,-10.98,0.0,100.0,48.2,86.03,94.52,96.94,-61.8,32.2,Away
2021,Essendon,Carlton,56.54,34.45,92.38,87.49,94.67,97.58,-2.32,-10.17,40.0,40.0,88.4,87.49,94.67,97.58,-3.0,-2.2,Away
2021,West Coast,Fremantle,68.0,33.61,92.25,84.48,88.14,89.98,4.14,-5.51,40.0,80.0,85.0,84.48,88.14,89.98,-12.0,12.8,Home
2021,Richmond,Geelong,53.11,52.05,87.77,97.26,91.58,80.87,-3.86,16.56,40.0,60.0,81.6,97.26,91.58,80.87,5.4,21.0,Away
2021,Gold Coast,St Kilda,33.04,37.76,73.13,87.11,100.0,90.54,-27.11,-3.49,40.0,40.0,75.8,87.11,100.0,90.54,-3.8,-25.2,Away
2021,GWS,Essendon,52.94,39.51,81.05,92.41,90.74,94.73,-9.83,-2.35,60.0,40.0,80.0,92.41,90.74,94.73,5.2,4.6,Home
2021,North Melbourne,Collingwood,52.97,53.23,91.6,92.82,94.54,85.78,-2.96,7.1,0.0,0.0,55.0,92.82,94.54,85.78,-56.0,-21.2,Away
2021,Melbourne,Sydney,44.73,52.38,86.07,90.99,96.89,79.52,-10.89,11.58,100.0,60.0,95.2,90.99,96.89,79.52,34.6,1.6,Home
2021,Port Adelaide,Adelaide,62.2,45.45,91.88,93.56,88.36,85.2,3.54,8.38,60.0,40.0,76.6,93.56,88.36,85.2,-0.4,-6.2,Home
2021,Hawthorn,West Coast,66.26,40.91,94.67,92.33,86.79,88.11,7.92,4.25,20.0,60.0,72.0,92.33,86.79,88.11,-27.2,1.2,Away
2021,Footscray,Carlton,53.19,34.73,92.65,87.57,95.42,97.6,-2.79,-10.12,80.0,60.0,103.4,87.57,95.42,97.6,45.2,5.2,Home
2021,Brisbane Lions,Fremantle,57.32,33.47,91.31,84.45,93.97,90.06,-2.68,-5.62,80.0,60.0,85.0,84.45,93.97,90.06,21.2,-5.2,Home
2021,St Kilda,Geelong,53.72,52.24,87.06,97.32,90.47,80.83,-3.47,16.65,60.0,60.0,76.0,97.32,90.47,80.83,-8.4,32.6,Away
2021,Sydney,Collingwood,63.45,53.41,90.93,92.82,79.5,85.76,11.54,7.12,40.0,20.0,72.0,92.82,79.5,85.76,-9.2,-17.4,Home
2021,Hawthorn,North Melbourne,65.99,42.86,94.6,91.57,86.81,94.54,7.82,-2.99,20.0,0.0,71.2,91.57,86.81,94.54,-33.8,-34.0,Away
2021,Gold Coast,Brisbane Lions,32.74,36.4,73.04,91.31,99.83,93.92,-27.03,-2.63,40.0,80.0,69.6,91.31,99.83,93.92,-3.6,25.8,Away
2021,Richmond,GWS,52.89,35.78,87.71,81.17,91.65,90.81,-3.99,-9.78,40.0,80.0,79.8,81.17,91.65,90.81,1.8,12.4,Home
2021,Port Adelaide,Footscray,62.35,41.94,91.87,92.68,88.26,95.41,3.63,-2.75,80.0,80.0,79.8,92.68,88.26,95.41,16.8,22.8,Away
2021,Essendon,Fremantle,56.3,33.33,92.44,84.42,94.76,90.08,-2.35,-5.66,20.0,60.0,89.2,84.42,94.76,90.08,-10.8,-1.0,Home
2021,Melbourne,Carlton,44.96,34.58,86.03,87.57,96.81,97.62,-10.85,-10.13,100.0,40.0,88.2,87.57,96.81,97.62,29.6,-7.0,Home
2021,West Coast,Adelaide,68.13,45.27,92.34,93.45,88.05,85.2,4.32,8.26,60.0,20.0,90.8,93.45,88.05,85.2,1.4,-18.0,Home
2021,Brisbane Lions,Richmond,57.49,43.98,91.38,87.71,93.83,91.63,-2.47,-3.97,100.0,60.0,103.4,87.71,93.83,91.63,44.2,3.0,Home
2021,Carlton,Hawthorn,38.98,48.19,87.53,94.57,97.61,86.81,-10.16,7.79,20.0,20.0,87.0,94.57,97.61,86.81,-14.4,-32.2,Home
2021,Geelong,Gold Coast,77.22,16.36,97.26,72.95,80.76,99.94,16.66,-27.24,80.0,40.0,99.0,72.95,80.76,99.94,41.8,-16.0,Home
2021,Adelaide,Melbourne,63.01,34.31,93.41,86.04,85.25,96.75,8.18,-10.77,0.0,100.0,64.8,86.04,85.25,96.75,-32.2,29.8,Home
2021,Footscray,St Kilda,53.39,38.02,92.69,86.98,95.38,90.42,-2.71,-3.51,80.0,40.0,96.0,86.98,95.38,90.42,22.8,-16.6,Home
2021,Fremantle,Sydney,59.58,52.17,84.38,90.89,90.03,79.43,-5.66,11.58,40.0,40.0,77.6,90.89,90.03,79.43,-5.4,-3.8,Home
2021,GWS,West Coast,53.4,41.15,81.18,92.37,90.79,88.03,-9.75,4.37,60.0,80.0,86.4,92.37,90.79,88.03,5.6,11.4,Home
2021,Collingwood,Port Adelaide,58.0,44.21,92.72,91.84,85.73,88.28,7.04,3.58,20.0,60.0,70.4,91.84,85.73,88.28,-17.4,12.6,Away
2021,Essendon,North Melbourne,56.49,43.09,92.39,91.56,94.69,94.51,-2.33,-2.97,40.0,20.0,86.8,91.56,94.69,94.51,-8.8,-24.4,Home
2021,Footscray,Melbourne,53.59,34.17,92.79,86.06,95.25,96.75,-2.47,-10.75,80.0,80.0,101.2,86.06,95.25,96.75,32.6,19.6,Away
2021,Collingwood,Geelong,57.77,52.44,92.65,97.25,85.68,80.72,7.03,16.69,20.0,80.0,66.8,97.25,85.68,80.72,-12.2,42.6,Away
2021,Brisbane Lions,GWS,57.66,35.45,91.4,81.23,93.79,90.72,-2.41,-9.63,100.0,60.0,103.4,81.23,93.79,90.72,38.4,8.4,Home
2021,St Kilda,North Melbourne,53.5,42.91,86.86,91.51,90.53,94.61,-3.73,-3.12,40.0,20.0,62.0,91.51,90.53,94.61,-21.6,-32.8,Home
2021,West Coast,Essendon,68.25,39.34,92.33,92.49,88.04,94.63,4.33,-2.17,60.0,60.0,90.4,92.49,88.04,94.63,2.8,17.0,Away
2021,Gold Coast,Hawthorn,32.46,48.0,72.88,94.51,99.9,86.81,-27.27,7.73,40.0,20.0,68.2,94.51,99.9,86.81,-10.4,-26.8,Home
2021,Richmond,Adelaide,53.09,45.08,87.68,93.42,91.65,85.27,-4.02,8.17,40.0,20.0,69.8,93.42,91.65,85.27,-19.8,-29.6,Home
2021,Sydney,Carlton,63.6,34.44,90.88,87.53,79.44,97.54,11.55,-10.09,40.0,40.0,72.8,87.53,79.44,97.54,-3.8,-4.2,Home
2021,Port Adelaide,Fremantle,62.1,33.2,91.77,84.38,88.22,90.02,3.58,-5.65,60.0,40.0,72.0,84.38,88.22,90.02,7.2,-7.4,Home
2021,Melbourne,Brisbane Lions,45.19,36.67,86.06,91.48,96.67,93.73,-10.67,-2.27,80.0,100.0,89.2,91.48,96.67,93.73,18.4,47.6,Home
2021,Sydney,St Kilda,63.75,37.86,90.9,86.87,79.44,90.49,11.57,-3.68,60.0,60.0,80.8,86.87,79.44,90.49,8.6,-6.8,Home
2021,Adelaide,Collingwood,63.16,53.2,93.4,92.57,85.32,85.63,8.09,6.99,20.0,20.0,66.4,92.57,85.32,85.63,-34.6,-9.4,Away
2021,Essendon,Richmond,56.67,43.8,92.48,87.73,94.59,91.64,-2.14,-3.95,60.0,60.0,101.6,87.73,94.59,91.64,15.4,-7.4,Away
2021,Carlton,West Coast,39.24,40.98,87.51,92.29,97.54,88.04,-10.12,4.29,40.0,60.0,89.2,92.29,97.54,88.04,-5.0,19.0,Away
2021,Fremantle,Footscray,59.75,42.17,84.35,92.72,90.07,95.23,-5.73,-2.53,20.0,60.0,72.0,92.72,90.07,95.23,-26.8,19.2,Away
2021,Port Adelaide,Geelong,62.25,52.63,91.82,97.17,88.18,80.66,3.66,16.68,60.0,80.0,76.4,97.17,88.18,80.66,5.6,25.2,Away
2021,Sydney,Hawthorn,63.89,47.81,90.9,94.47,79.44,86.86,11.57,7.64,60.0,0.0,81.2,94.47,79.44,86.86,10.0,-34.8,Away
2021,Fremantle,Gold Coast,59.5,16.22,84.31,73.05,90.07,99.8,-5.78,-26.98,20.0,40.0,70.4,73.05,90.07,99.8,-20.6,-11.0,Home
2021,St Kilda,Adelaide,53.69,44.9,86.86,93.35,90.49,85.3,-3.69,8.07,40.0,20.0,62.8,93.35,90.49,85.3,-22.4,-22.2,Away
2021,North Melbourne,GWS,52.74,35.14,91.46,81.16,94.59,90.9,-3.15,-9.88,20.0,60.0,74.6,81.16,94.59,90.9,-26.6,3.4,Draw
2021,West Coast,Richmond,67.98,44.03,92.3,87.8,88.01,91.62,4.33,-3.86,60.0,60.0,89.4,87.8,88.01,91.62,11.6,-4.0,Home
2021,Melbourne,Collingwood,45.42,53.39,86.09,92.54,96.62,85.6,-10.6,6.99,80.0,40.0,88.0,92.54,96.62,85.6,16.8,-3.6,Away
2021,Geelong,Footscray,77.31,42.4,97.2,92.73,80.68,95.17,16.69,-2.46,100.0,80.0,91.6,92.73,80.68,95.17,29.8,29.2,Home
2021,Gold Coast,Port Adelaide,33.04,44.44,72.95,91.82,99.69,88.23,-26.98,3.61,20.0,60.0,64.8,91.82,99.69,88.23,-21.2,11.2,Away
2021,North Melbourne,Brisbane Lions,52.52,36.51,91.47,91.45,94.59,93.74,-3.15,-2.31,20.0,80.0,78.8,91.45,94.59,93.74,-20.6,33.4,Away
2021,GWS,Carlton,53.85,34.3,81.22,87.48,90.92,97.54,-9.88,-10.14,40.0,20.0,88.4,87.48,90.92,97.54,-10.0,-12.6,Home
2021,Hawthorn,Essendon,65.73,39.59,94.46,92.46,86.79,94.64,7.7,-2.21,20.0,60.0,73.6,92.46,86.79,94.64,-13.4,10.8,Away
2021,Brisbane Lions,Geelong,57.83,52.82,91.4,97.17,93.64,80.67,-2.26,16.66,80.0,100.0,99.6,97.17,93.64,80.67,33.2,18.2,Home
2021,Richmond,St Kilda,53.28,37.7,87.79,86.8,91.61,90.44,-3.86,-3.7,60.0,20.0,95.2,86.8,91.61,90.44,7.8,-25.4,Away
2021,Collingwood,Fremantle,57.54,33.06,92.51,84.29,85.56,89.99,7.01,-5.71,40.0,40.0,61.8,84.29,85.56,89.99,-3.8,-10.4,Away
2021,North Melbourne,Gold Coast,52.3,16.07,91.37,72.76,94.54,99.61,-3.19,-27.08,20.0,20.0,72.6,72.76,94.54,99.61,-21.6,-29.4,Home
2021,Port Adelaide,Sydney,62.0,51.97,91.8,90.82,88.11,79.46,3.71,11.47,60.0,60.0,84.6,90.82,88.11,79.46,11.4,4.2,Home
2021,Essendon,Melbourne,56.43,34.44,92.45,86.04,94.6,96.59,-2.18,-10.62,80.0,60.0,93.2,86.04,94.6,96.59,13.8,11.6,Away
2021,GWS,Hawthorn,54.29,48.02,81.31,94.42,90.8,86.79,-9.67,7.66,40.0,20.0,87.4,94.42,90.8,86.79,-3.2,-8.4,Away
2021,West Coast,Footscray,68.11,42.23,92.28,92.7,87.99,95.14,4.33,-2.47,60.0,60.0,86.8,92.7,87.99,95.14,4.8,25.0,Away
2021,Carlton,Adelaide,39.08,45.12,87.43,93.3,97.55,85.25,-10.2,8.06,20.0,40.0,74.2,93.3,97.55,85.25,-16.6,-11.2,Home
2021,Gold Coast,Richmond,32.76,43.85,72.72,87.66,99.49,91.55,-27.0,-3.94,20.0,40.0,62.6,87.66,99.49,91.55,-16.6,-1.0,Home
2021,Geelong,Essendon,77.39,39.84,97.08,92.37,80.7,94.55,16.54,-2.2,80.0,60.0,79.4,92.37,80.7,94.55,5.2,10.2,Home
2021,Melbourne,GWS,45.23,34.82,86.0,81.27,96.51,90.8,-10.57,-9.71,60.0,40.0,82.0,81.27,96.51,90.8,8.6,-6.0,Away
2021,Adelaide,Brisbane Lions,62.9,36.78,93.26,91.4,85.25,93.55,8.03,-2.17,40.0,80.0,78.2,91.4,85.25,93.55,-7.2,27.4,Away
2021,Fremantle,Carlton,59.67,34.16,84.3,87.43,89.97,97.5,-5.67,-10.15,60.0,40.0,77.4,87.43,89.97,97.5,-6.6,-9.4,Away
2021,Hawthorn,Port Adelaide,65.46,44.67,94.41,91.77,86.76,88.07,7.68,3.72,40.0,80.0,78.2,91.77,86.76,88.07,-3.4,17.2,Away
2021,Sydney,West Coast,63.64,41.22,90.78,92.18,79.46,88.01,11.43,4.21,40.0,40.0,79.6,92.18,79.46,88.01,-3.8,-12.2,Home
2021,Collingwood,St Kilda,57.31,37.96,92.49,86.75,85.57,90.3,6.97,-3.61,40.0,40.0,69.2,86.75,85.57,90.3,-0.2,-13.2,Away
2021,Footscray,North Melbourne,53.36,42.74,92.71,91.33,95.04,94.47,-2.35,-3.17,60.0,20.0,94.4,91.33,95.04,94.47,32.2,-21.2,Home
2021,Port Adelaide,Melbourne,62.15,34.71,91.76,85.94,88.0,96.44,3.78,-10.57,80.0,60.0,91.0,85.94,88.0,96.44,23.8,7.0,Away
2021,Essendon,Adelaide,56.2,44.94,92.3,93.19,94.55,85.3,-2.28,7.91,40.0,20.0,74.2,93.19,94.55,85.3,-12.4,-17.8,Home
2021,Hawthorn,Fremantle,65.2,33.33,94.33,84.26,86.76,89.95,7.6,-5.7,40.0,40.0,76.2,84.26,86.76,89.95,-5.6,-10.2,Away
2021,Carlton,Geelong,39.33,52.61,87.41,97.08,97.43,80.65,-10.1,16.59,40.0,80.0,76.0,97.08,97.43,80.65,-10.8,6.6,Away
2021,Brisbane Lions,St Kilda,58.0,38.21,91.44,86.72,93.48,90.24,-2.06,-3.58,80.0,60.0,95.4,86.72,93.48,90.24,32.2,10.8,Away
2021,GWS,Gold Coast,53.77,15.93,81.19,72.74,90.63,99.35,-9.62,-26.84,40.0,40.0,79.4,72.74,90.63,99.35,-7.4,-7.8,Away
2021,Footscray,Sydney,53.56,51.76,92.74,90.83,95.0,79.36,-2.29,11.59,60.0,60.0,87.2,90.83,95.0,79.36,15.8,15.0,Away
2021,Richmond,Collingwood,53.06,53.57,87.61,92.42,91.52,85.54,-3.95,6.94,40.0,40.0,80.8,92.42,91.52,85.54,2.6,-1.8,Away
2021,West Coast,North Melbourne,67.84,42.57,92.05,91.31,88.07,94.5,4.01,-3.22,40.0,20.0,64.0,91.31,88.07,94.5,-27.4,-12.6,Away
2021,Fremantle,Geelong,59.43,52.8,84.31,97.03,89.86,80.58,-5.56,16.61,60.0,80.0,80.8,97.03,89.86,80.58,11.4,9.8,Away
2021,Richmond,Brisbane Lions,52.85,37.04,87.58,91.39,91.51,93.49,-3.98,-2.12,20.0,60.0,72.8,91.39,91.51,93.49,-6.2,13.0,Home
2021,St Kilda,Port Adelaide,53.47,44.9,86.74,91.69,90.18,88.0,-3.51,3.71,60.0,60.0,74.0,91.69,90.18,88.0,13.2,8.4,Away
2021,Gold Coast,Footscray,33.33,42.46,72.71,92.67,99.19,94.97,-26.72,-2.32,40.0,60.0,57.0,92.67,99.19,94.97,-15.0,17.6,Away
2021,Melbourne,Hawthorn,45.04,48.22,85.94,94.23,96.35,86.8,-10.48,7.46,60.0,40.0,73.8,94.23,96.35,86.8,7.6,-10.6,Draw
2021,North Melbourne,Essendon,52.5,39.68,91.26,92.28,94.43,94.4,-3.19,-2.14,40.0,40.0,72.0,92.28,94.43,94.4,-6.6,-3.0,Away
2021,Collingwood,Carlton,57.09,34.43,92.41,87.32,85.51,97.37,6.96,-10.13,60.0,40.0,77.0,87.32,85.51,97.37,3.4,-11.6,Away
2021,Adelaide,West Coast,62.65,41.06,93.04,91.99,85.3,88.04,7.76,3.98,20.0,40.0,58.4,91.99,85.3,88.04,-24.8,-26.2,Away
2021,GWS,Sydney,53.27,51.95,81.11,90.81,90.52,79.32,-9.58,11.6,40.0,60.0,79.2,90.81,90.52,79.32,5.2,14.4,Away
2021,Port Adelaide,Collingwood,61.9,53.75,91.65,92.35,87.95,85.52,3.73,6.89,80.0,40.0,75.6,92.35,87.95,85.52,15.2,-3.4,Home
2021,Carlton,North Melbourne,39.17,42.8,87.33,91.23,97.3,94.43,-10.05,-3.22,60.0,40.0,72.8,91.23,97.3,94.43,-1.4,-10.2,Away
2021,Brisbane Lions,Gold Coast,57.77,16.67,91.38,72.73,93.51,99.16,-2.15,-26.65,60.0,40.0,84.4,72.73,93.51,99.16,13.4,-11.8,Home
2021,West Coast,St Kilda,67.58,38.46,92.0,86.68,87.97,90.15,4.06,-3.53,40.0,60.0,62.4,86.68,87.97,90.15,-22.2,12.4,Home
2021,Melbourne,Footscray,44.86,42.69,85.92,92.67,96.32,94.94,-10.48,-2.29,40.0,60.0,70.2,92.67,96.32,94.94,3.2,14.2,Away
2021,Adelaide,Hawthorn,62.4,48.03,92.97,94.2,85.32,86.79,7.66,7.46,20.0,20.0,55.0,94.2,85.32,86.79,-32.2,-18.2,Home
2021,Sydney,Fremantle,63.78,33.61,90.82,84.2,79.31,89.88,11.63,-5.69,60.0,60.0,83.4,84.2,79.31,89.88,17.8,3.2,Home
2021,Geelong,Richmond,77.48,43.67,97.04,87.62,80.49,91.5,16.71,-3.93,80.0,20.0,80.2,87.62,80.49,91.5,19.4,-10.0,Home
2021,Essendon,GWS,56.38,35.4,92.28,81.07,94.36,90.55,-2.1,-9.65,60.0,40.0,75.2,81.07,94.36,90.55,8.4,0.0,Away
2021,St Kilda,Carlton,53.25,34.69,86.68,87.31,90.16,97.34,-3.53,-10.11,60.0,60.0,74.8,87.31,90.16,97.34,12.0,-2.0,Away
2021,Footscray,Adelaide,53.33,44.76,92.65,92.99,94.88,85.32,-2.25,7.68,80.0,20.0,88.2,92.99,94.88,85.32,19.2,-29.6,Home
2021,North Melbourne,Geelong,52.28,52.99,91.28,97.03,94.39,80.44,-3.14,16.76,60.0,80.0,82.2,97.03,94.39,80.44,2.2,26.0,Away
2021,Collingwood,West Coast,56.86,41.3,92.31,92.0,85.54,87.97,6.82,4.07,20.0,40.0,71.6,92.0,85.54,87.97,-12.4,-21.4,Home
2021,Gold Coast,Melbourne,33.05,34.98,72.73,85.88,99.24,96.29,-26.75,-10.5,40.0,40.0,71.0,85.88,99.24,96.29,-11.6,2.6,Away
2021,Hawthorn,Brisbane Lions,64.94,36.89,94.18,91.43,86.82,93.47,7.41,-2.05,20.0,60.0,70.2,91.43,86.82,93.47,-19.4,18.6,Home
2021,Essendon,Sydney,56.15,52.14,92.2,90.84,94.3,79.27,-2.13,11.69,40.0,80.0,68.6,90.84,94.3,79.27,3.2,33.4,Away
2021,Fremantle,Richmond,59.18,43.5,84.15,87.56,89.89,91.5,-5.76,-4.0,40.0,20.0,70.4,87.56,89.89,91.5,-10.2,-16.8,Home
2021,GWS,Port Adelaide,52.78,45.12,81.0,91.67,90.38,87.91,-9.55,3.78,40.0,80.0,67.6,91.67,90.38,87.91,-4.6,10.8,Away
2021,Geelong,GWS,77.57,35.96,96.97,80.97,80.37,90.43,16.76,-9.63,100.0,40.0,85.0,80.97,80.37,90.43,38.8,-6.4,Away
2021,Carlton,Gold Coast,39.0,16.52,87.36,72.54,97.3,99.37,-10.03,-27.06,60.0,40.0,80.8,72.54,97.3,99.37,2.2,-29.4,Away
2021,Richmond,North Melbourne,53.04,43.03,87.48,91.18,91.43,94.32,-4.0,-3.17,20.0,40.0,70.4,91.18,91.43,94.32,-9.6,-3.6,Home
2021,Adelaide,Port Adelaide,62.55,45.34,92.91,91.68,85.36,87.88,7.57,3.83,20.0,80.0,58.8,91.68,85.36,87.88,-37.4,14.2,Away
2021,St Kilda,Sydney,53.04,52.33,86.67,90.87,90.2,79.31,-3.59,11.68,40.0,100.0,78.6,90.87,90.2,79.31,-2.2,36.8,Home
2021,Hawthorn,Collingwood,65.08,53.54,94.18,92.3,86.8,85.46,7.42,6.89,20.0,40.0,70.6,92.3,86.8,85.46,-20.6,-1.0,Home
2021,Footscray,Essendon,53.53,39.92,92.67,92.22,94.8,94.33,-2.14,-2.14,80.0,40.0,89.6,92.22,94.8,94.33,18.0,4.0,Away
2021,Fremantle,Brisbane Lions,59.35,36.73,84.09,91.41,89.81,93.46,-5.74,-2.07,40.0,40.0,63.2,91.41,89.81,93.46,-11.8,7.4,Away
2021,West Coast,Melbourne,67.7,35.25,91.91,85.97,87.97,96.16,3.97,-10.28,40.0,40.0,64.6,85.97,87.97,96.16,-19.4,20.0,Away
2021,GWS,Richmond,52.29,43.32,80.98,87.48,90.31,91.36,-9.5,-3.92,40.0,40.0,71.8,87.48,90.31,91.36,-4.4,-1.0,Home
2021,Hawthorn,Footscray,65.22,42.91,94.18,92.66,86.79,94.8,7.44,-2.16,40.0,60.0,79.4,92.66,86.79,94.8,-10.0,9.6,Home
2021,Port Adelaide,Carlton,62.06,34.96,91.61,87.3,87.8,97.26,3.83,-10.05,80.0,40.0,76.2,87.3,87.8,97.26,8.2,-4.8,Home
2021,Geelong,St Kilda,77.27,38.31,96.9,86.68,80.37,90.15,16.69,-3.52,80.0,40.0,78.4,86.68,80.37,90.15,26.8,1.8,Home
2021,Brisbane Lions,Collingwood,57.94,53.33,91.46,92.28,93.38,85.49,-1.94,6.84,40.0,40.0,93.4,92.28,93.38,85.49,9.8,-3.0,Home
2021,North Melbourne,Sydney,52.07,52.12,91.11,90.82,94.31,79.34,-3.23,11.6,40.0,80.0,71.6,90.82,94.31,79.34,-4.4,12.6,Away
2021,Melbourne,Adelaide,44.67,44.58,85.94,92.83,96.09,85.3,-10.24,7.55,60.0,20.0,86.0,92.83,96.09,85.3,23.6,-27.8,Home
2021,Gold Coast,Essendon,32.77,40.16,72.56,92.23,99.19,94.31,-26.86,-2.1,40.0,60.0,64.2,92.23,99.19,94.31,-27.6,14.8,Away
2021,Fremantle,West Coast,59.11,41.13,84.03,91.85,89.87,87.94,-5.86,3.94,40.0,40.0,61.2,91.85,89.87,87.94,-21.4,-2.8,Home
2021,Footscray,Port Adelaide,53.31,45.56,92.55,91.71,94.74,87.72,-2.22,4.01,60.0,100.0,80.2,91.71,94.74,87.72,8.0,33.4,Away
2021,Richmond,Hawthorn,53.23,47.84,87.44,94.12,91.39,86.69,-3.99,7.48,40.0,60.0,74.0,94.12,91.39,86.69,-5.6,7.8,Draw
2021,Sydney,Gold Coast,63.92,17.24,90.82,72.38,79.33,99.18,11.6,-27.03,80.0,20.0,92.0,72.38,79.33,99.18,11.6,-41.4,Home
2021,Brisbane Lions,West Coast,58.1,40.96,91.57,91.8,93.31,87.92,-1.76,3.91,60.0,40.0,109.2,91.8,93.31,87.92,33.2,-3.8,Home
2021,Geelong,Melbourne,77.36,35.51,96.88,85.97,80.35,96.02,16.69,-10.13,80.0,60.0,81.4,85.97,80.35,96.02,24.4,25.6,Away
2021,Carlton,GWS,38.84,36.52,87.21,81.09,97.35,90.21,-10.22,-9.28,40.0,60.0,76.4,81.09,97.35,90.21,-18.6,3.6,Away
2021,St Kilda,Fremantle,53.23,33.47,86.65,84.02,90.14,89.82,-3.55,-5.81,20.0,40.0,78.4,84.02,90.14,89.82,-7.4,-30.8,Home
2021,Essendon,Collingwood,55.92,53.12,92.24,92.21,94.18,85.6,-1.96,6.66,60.0,20.0,88.4,92.21,94.18,85.6,15.8,-23.2,Home
2021,Adelaide,North Melbourne,62.3,42.86,92.77,91.08,85.33,94.31,7.45,-3.25,20.0,20.0,65.6,91.08,85.33,94.31,-23.4,-9.2,Home
2021,Port Adelaide,Geelong,62.2,53.17,91.65,96.84,87.67,80.36,4.01,16.65,100.0,60.0,91.6,96.84,87.67,80.36,31.2,9.8,Home
2021,Sydney,GWS,64.06,37.07,90.91,81.13,79.27,90.14,11.75,-9.18,80.0,80.0,99.6,81.13,79.27,90.14,23.8,11.6,Away
2021,Melbourne,Brisbane Lions,44.9,36.99,85.96,91.63,95.98,93.3,-10.1,-1.68,80.0,80.0,90.0,91.63,95.98,93.3,26.4,44.8,Home
2021,Footscray,Essendon,53.09,40.4,92.49,92.26,94.68,94.12,-2.21,-1.88,40.0,60.0,75.0,92.26,94.68,94.12,5.4,19.8,Home
2021,Geelong,GWS,77.07,37.61,96.74,81.1,80.37,90.07,16.53,-9.13,40.0,80.0,66.4,81.1,80.37,90.07,-6.4,9.2,Home
2021,Brisbane Lions,Footscray,58.27,42.75,91.57,92.47,93.3,94.57,-1.74,-2.11,60.0,40.0,105.0,92.47,93.3,94.57,28.4,11.2,Away
2021,Melbourne,Geelong,45.12,52.96,85.98,96.75,95.91,80.34,-10.01,16.57,100.0,40.0,95.6,96.75,95.91,80.34,37.0,-3.4,Home
2021,Port Adelaide,Footscray,62.35,42.97,91.64,92.45,87.58,94.53,4.08,-2.1,100.0,40.0,89.4,92.45,87.58,94.53,34.2,1.6,Away
2021,Melbourne,Footscray,45.34,43.19,86.06,92.49,95.8,94.44,-9.82,-1.96,100.0,60.0,95.0,92.49,95.8,94.44,34.0,18.4,Home
2022,Melbourne,Footscray,45.56,43.02,86.17,92.44,95.74,94.53,-9.65,-2.1,100.0,60.0,108.6,92.44,95.74,94.53,47.0,9.0,Home
2022,Carlton,Richmond,38.68,43.15,87.18,87.43,97.33,91.37,-10.23,-3.99,20.0,20.0,73.2,87.43,97.33,91.37,-27.2,-9.6,Home
2022,St Kilda,Collingwood,53.41,52.92,86.69,92.15,90.06,85.63,-3.42,6.57,40.0,20.0,87.6,92.15,90.06,85.63,6.8,-25.0,Away
2022,Geelong,Essendon,77.15,40.24,96.64,92.15,80.43,94.1,16.37,-1.98,40.0,60.0,70.0,92.15,80.43,94.1,-16.2,12.6,Home
2022,GWS,Sydney,52.73,52.31,81.04,90.87,90.12,79.26,-9.25,11.72,80.0,60.0,84.2,90.87,90.12,79.26,7.6,15.6,Away
2022,Brisbane Lions,Port Adelaide,58.04,45.78,91.54,91.55,93.27,87.64,-1.74,3.93,60.0,80.0,104.6,91.55,93.27,87.64,30.6,14.6,Home
2022,Hawthorn,North Melbourne,65.35,42.69,94.1,91.0,86.68,94.31,7.48,-3.34,60.0,20.0,83.8,91.0,86.68,94.31,7.8,-14.4,Home
2022,Adelaide,Fremantle,62.45,33.33,92.78,83.95,85.27,89.85,7.52,-5.92,40.0,40.0,74.0,83.95,85.27,89.85,-6.2,-28.6,Away
2022,West Coast,Gold Coast,67.44,17.09,91.79,72.28,88.0,99.34,3.82,-27.29,20.0,20.0,70.6,72.28,88.0,99.34,-19.8,-56.6,Away
2022,Footscray,Carlton,53.28,34.82,92.4,87.21,94.53,97.29,-2.15,-10.16,60.0,40.0,83.4,87.21,94.53,97.29,4.2,-14.4,Away
2022,Sydney,Geelong,63.81,52.76,90.92,96.72,79.29,80.41,11.74,16.47,60.0,40.0,95.2,96.72,79.29,80.41,18.2,-5.8,Home
2022,Collingwood,Adelaide,57.03,44.4,92.17,92.76,85.63,85.27,6.59,7.51,40.0,20.0,78.2,92.76,85.63,85.27,-16.0,-10.2,Home
2022,Essendon,Brisbane Lions,56.1,36.84,92.11,91.52,94.19,93.22,-2.11,-1.72,60.0,60.0,81.0,91.52,94.19,93.22,0.8,20.0,Away
2022,Port Adelaide,Hawthorn,62.11,47.66,91.51,94.07,87.62,86.62,3.9,7.5,60.0,80.0,81.2,94.07,87.62,86.62,11.6,15.6,Away
2022,Gold Coast,Melbourne,32.5,35.77,72.42,86.19,99.26,95.69,-27.06,-9.58,40.0,100.0,58.4,86.19,99.26,95.69,-41.4,44.0,Away
2022,North Melbourne,West Coast,51.85,40.8,90.94,91.77,94.28,88.03,-3.37,3.76,0.0,0.0,57.4,91.77,94.28,88.03,-26.2,-26.8,Home
2022,Richmond,GWS,53.01,37.29,87.41,81.09,91.39,90.22,-4.03,-9.29,20.0,60.0,73.2,81.09,91.39,90.22,-7.0,-0.2,Home
2022,Fremantle,St Kilda,59.27,38.15,83.95,86.69,89.84,90.08,-5.9,-3.45,60.0,40.0,64.0,86.69,89.84,90.08,-20.4,5.0,Away
2022,Footscray,Sydney,53.06,52.49,92.39,90.95,94.55,79.28,-2.17,11.78,40.0,80.0,84.4,90.95,94.55,79.28,-8.0,30.0,Home
2022,Adelaide,Port Adelaide,62.2,45.6,92.69,91.44,85.3,87.69,7.41,3.77,20.0,40.0,70.4,91.44,85.3,87.69,-8.8,-20.2,Home
2022,Melbourne,Essendon,45.78,40.08,86.18,92.08,95.64,94.2,-9.53,-2.15,100.0,40.0,107.4,92.08,95.64,94.2,45.8,-6.2,Home
2022,GWS,Gold Coast,52.25,17.8,81.05,72.41,90.3,99.18,-9.41,-27.0,40.0,40.0,79.2,72.41,90.3,99.18,-15.2,-24.4,Home
2022,Collingwood,Geelong,57.2,52.55,92.19,96.69,85.57,80.46,6.66,16.38,40.0,40.0,80.2,96.69,85.57,80.46,-16.6,-11.0,Away
2022,Brisbane Lions,North Melbourne,58.2,42.52,91.53,90.9,93.18,94.21,-1.67,-3.33,60.0,20.0,88.0,90.9,93.18,94.21,7.4,-19.2,Home
2022,Carlton,Hawthorn,38.93,47.86,87.24,94.12,97.27,86.56,-10.11,7.61,40.0,80.0,76.0,94.12,97.27,86.56,-18.2,26.0,Home
2022,St Kilda,Richmond,53.2,42.97,86.65,87.45,90.01,91.35,-3.42,-3.95,60.0,40.0,84.2,87.45,90.01,91.35,13.2,1.0,Home
2022,West Coast,Fremantle,67.18,33.6,91.7,83.89,88.01,89.79,3.73,-5.91,0.0,40.0,70.6,83.89,88.01,89.79,-20.8,-23.2,Away
2022,Port Adelaide,Melbourne,61.87,36.03,91.44,86.21,87.7,95.59,3.75,-9.46,20.0,100.0,69.6,86.21,87.7,95.59,-21.4,45.0,Away
2022,Geelong,Brisbane Lions,77.24,37.1,96.7,91.66,80.48,93.1,16.37,-1.45,60.0,60.0,92.8,91.66,80.48,93.1,0.2,21.4,Home
2022,Sydney,North Melbourne,63.95,42.35,90.89,90.82,79.27,94.33,11.73,-3.55,60.0,20.0,97.6,90.82,79.27,94.33,25.0,-34.2,Home
2022,Collingwood,West Coast,56.98,40.64,92.18,91.61,85.61,88.03,6.62,3.61,40.0,0.0,82.8,91.61,85.61,88.03,-15.4,-30.0,Away
2022,Richmond,Footscray,53.2,42.86,87.45,92.35,91.4,94.48,-4.01,-2.14,20.0,40.0,83.8,92.35,91.4,94.48,-12.2,-6.0,Home
2022,Fremantle,GWS,59.04,36.97,83.92,81.06,89.7,90.16,-5.79,-9.26,60.0,40.0,73.6,81.06,89.7,90.16,0.6,-12.8,Home
2022,Essendon,Adelaide,55.87,44.22,92.03,92.7,94.21,85.31,-2.2,7.4,20.0,40.0,71.0,92.7,94.21,85.31,-25.6,-7.2,Home
2022,Hawthorn,St Kilda,65.49,38.4,94.08,86.71,86.54,90.0,7.6,-3.35,60.0,60.0,83.6,86.71,86.54,90.0,22.0,14.0,Away
2022,Gold Coast,Carlton,32.23,35.08,72.35,87.22,99.12,97.22,-27.0,-10.09,20.0,60.0,62.4,87.22,99.12,97.22,-33.4,-14.2,Home
2022,Brisbane Lions,Collingwood,58.37,53.1,91.61,92.15,93.07,85.61,-1.47,6.59,60.0,40.0,96.2,92.15,93.07,85.61,26.0,-1.0,Home
2022,North Melbourne,Footscray,52.05,42.69,90.79,92.29,94.32,94.49,-3.56,-2.22,20.0,20.0,61.8,92.29,94.32,94.49,-33.6,-27.8,Away
2022,West Coast,Sydney,66.92,52.29,91.61,90.88,88.01,79.26,3.63,11.73,20.0,60.0,72.0,90.88,88.01,79.26,-24.4,9.8,Away
2022,St Kilda,Gold Coast,53.39,17.65,86.82,72.43,89.97,98.96,-3.2,-26.76,80.0,40.0,103.2,72.43,89.97,98.96,30.6,-13.8,Home
2022,Adelaide,Richmond,62.35,42.8,92.71,87.47,85.35,91.34,7.38,-3.93,40.0,40.0,86.6,87.47,85.35,91.34,0.2,3.2,Home
2022,Melbourne,GWS,46.0,36.67,86.17,80.94,95.47,90.15,-9.37,-9.36,100.0,20.0,97.2,80.94,95.47,90.15,34.8,-19.8,Home
2022,Carlton,Port Adelaide,39.18,45.42,87.16,91.33,97.21,87.67,-10.13,3.68,60.0,0.0,82.8,91.33,97.21,87.67,-1.2,-36.4,Home
2022,Essendon,Fremantle,56.05,33.87,92.05,83.93,94.22,89.63,-2.19,-5.71,20.0,60.0,71.2,83.93,94.22,89.63,-32.4,4.4,Away
2022,Hawthorn,Geelong,65.23,52.73,94.04,96.67,86.65,80.46,7.45,16.36,40.0,60.0,85.4,96.67,86.65,80.46,2.8,-4.8,Home
2022,GWS,St Kilda,52.68,38.65,80.82,86.82,90.27,89.91,-9.62,-3.14,20.0,80.0,71.0,86.82,90.27,89.91,-26.2,24.2,Away
2022,Footscray,Adelaide,53.25,44.05,92.38,92.73,94.44,85.34,-2.08,7.4,40.0,40.0,86.4,92.73,94.44,85.34,0.6,-4.8,Away
2022,Port Adelaide,West Coast,61.63,40.87,91.33,91.54,87.68,88.07,3.67,3.5,0.0,20.0,68.8,91.54,87.68,88.07,-22.8,-29.4,Home
2022,Fremantle,Carlton,59.2,34.94,83.98,87.18,89.57,97.2,-5.6,-10.1,80.0,80.0,87.0,87.18,89.57,97.2,25.6,2.2,Home
2022,North Melbourne,Geelong,51.84,52.53,90.75,96.64,94.41,80.48,-3.69,16.31,20.0,60.0,65.2,96.64,94.41,80.48,-38.4,9.4,Away
2022,Gold Coast,Brisbane Lions,32.79,36.95,72.38,91.63,98.91,93.07,-26.75,-1.45,40.0,80.0,77.2,91.63,98.91,93.07,-1.6,27.6,Away
2022,Richmond,Melbourne,53.39,36.29,87.46,86.24,91.36,95.38,-3.96,-9.22,40.0,100.0,90.0,86.24,91.36,95.38,-0.6,33.4,Away
2022,Hawthorn,Sydney,65.37,52.47,94.03,90.93,86.63,79.22,7.46,11.83,60.0,80.0,87.2,90.93,86.63,79.22,5.2,22.6,Away
2022,Essendon,Collingwood,55.82,52.9,91.99,92.15,94.24,85.64,-2.28,6.56,20.0,40.0,75.8,92.15,94.24,85.64,-32.2,5.2,Away
2022,West Coast,Richmond,66.67,42.63,91.43,87.39,88.13,91.33,3.33,-3.99,20.0,40.0,56.8,87.39,88.13,91.33,-40.8,0.0,Away
2022,Geelong,Fremantle,77.32,34.14,96.68,84.0,80.45,89.51,16.39,-5.52,60.0,80.0,92.4,84.0,80.45,89.51,8.2,32.4,Away
2022,Adelaide,GWS,62.5,36.36,92.67,80.74,85.29,90.22,7.39,-9.65,60.0,20.0,83.4,80.74,85.29,90.22,-4.4,-25.6,Away
2022,Melbourne,Hawthorn,46.22,47.67,86.22,93.98,95.3,86.68,-9.16,7.36,100.0,40.0,89.0,93.98,95.3,86.68,32.6,-7.0,Home
2022,Carlton,North Melbourne,39.43,42.19,87.13,90.69,97.2,94.46,-10.15,-3.8,60.0,20.0,78.8,90.69,97.2,94.46,-9.8,-46.4,Home
2022,St Kilda,Port Adelaide,53.57,45.24,86.8,91.38,89.85,87.57,-3.1,3.83,100.0,20.0,97.6,91.38,89.85,87.57,31.0,-3.8,Away
2022,Collingwood,Gold Coast,56.76,17.5,92.15,72.41,85.63,99.05,6.57,-26.86,40.0,20.0,89.8,72.41,85.63,99.05,4.0,-17.4,Home
2022,Footscray,Essendon,53.04,39.92,92.32,91.97,94.38,94.24,-2.07,-2.3,40.0,20.0,84.6,91.97,94.38,94.24,5.6,-21.2,Home
2022,Sydney,Brisbane Lions,64.09,37.2,90.97,91.71,79.2,93.04,11.89,-1.34,80.0,80.0,96.6,91.71,79.2,93.04,26.8,35.8,Away
2022,Port Adelaide,Footscray,61.78,42.91,91.28,92.34,87.48,94.33,3.82,-2.01,40.0,60.0,75.8,92.34,87.48,94.33,9.2,14.4,Home
2022,Fremantle,North Melbourne,59.36,42.02,83.97,90.63,89.47,94.5,-5.5,-3.9,100.0,0.0,92.6,90.63,89.47,94.5,35.0,-59.4,Home
2022,Richmond,Collingwood,53.17,53.08,87.55,92.19,91.26,85.64,-3.77,6.6,40.0,40.0,96.8,92.19,91.26,85.64,14.6,0.6,Home
2022,Sydney,Gold Coast,63.85,17.36,90.97,72.48,79.26,99.11,11.82,-26.85,60.0,20.0,93.0,72.48,79.26,99.11,16.0,-19.8,Away
2022,GWS,Geelong,52.21,52.71,80.87,96.62,90.06,80.43,-9.35,16.35,40.0,60.0,72.6,96.62,90.06,80.43,-6.6,13.6,Away
2022,Essendon,Hawthorn,55.6,47.49,91.93,93.96,94.26,86.69,-2.36,7.33,20.0,20.0,77.0,93.96,94.26,86.69,-23.2,-21.8,Home
2022,Brisbane Lions,West Coast,58.53,40.71,91.75,91.36,93.03,88.28,-1.29,3.11,80.0,20.0,113.8,91.36,93.03,88.28,36.2,-59.6,Home
2022,Melbourne,St Kilda,46.43,38.89,86.23,86.71,95.27,89.76,-9.12,-3.1,100.0,80.0,90.8,86.71,95.27,89.76,32.0,28.8,Home
2022,Carlton,Adelaide,39.68,44.27,87.18,92.59,97.13,85.35,-10.03,7.26,60.0,60.0,81.2,92.59,97.13,85.35,-2.2,-7.8,Home
2022,Collingwood,Footscray,56.92,42.75,92.18,92.3,85.69,94.32,6.54,-2.04,40.0,40.0,91.8,92.3,85.69,94.32,-2.2,8.8,Away
2022,Hawthorn,Richmond,65.12,42.86,93.93,87.6,86.73,91.25,7.26,-3.7,20.0,60.0,79.0,87.6,86.73,91.25,-27.0,26.6,Away
2022,North Melbourne,Port Adelaide,51.63,45.45,90.5,91.27,94.51,87.45,-4.04,3.85,0.0,60.0,59.0,91.27,94.51,87.45,-53.4,13.4,Away
2022,St Kilda,Geelong,53.36,52.9,86.65,96.61,89.76,80.34,-3.17,16.42,60.0,60.0,80.6,96.61,89.76,80.34,14.6,21.6,Home
2022,Sydney,Essendon,63.6,39.76,90.91,91.96,79.25,94.23,11.77,-2.3,60.0,40.0,93.2,91.96,79.25,94.23,15.4,-12.0,Home
2022,Adelaide,Brisbane Lions,62.26,37.45,92.54,91.77,85.41,92.91,7.15,-1.14,40.0,80.0,77.0,91.77,85.41,92.91,-18.2,29.6,Away
2022,Gold Coast,Fremantle,32.52,34.4,72.49,84.01,98.96,89.34,-26.68,-5.34,40.0,100.0,79.6,84.01,98.96,89.34,-11.8,39.6,Home
2022,GWS,Carlton,51.75,34.8,80.68,87.24,90.06,97.07,-9.54,-9.91,20.0,60.0,63.0,87.24,90.06,97.07,-22.4,7.2,Away
2022,West Coast,Melbourne,66.41,36.55,91.24,86.24,88.31,95.19,2.95,-9.02,20.0,100.0,52.8,86.24,88.31,95.19,-63.6,33.8,Away
2022,Carlton,Sydney,39.92,52.65,87.27,90.94,97.03,79.19,-9.83,11.86,80.0,60.0,98.2,90.94,97.03,79.19,19.2,24.8,Home
2022,Footscray,Gold Coast,53.23,18.03,92.31,72.48,94.23,98.69,-1.94,-26.43,60.0,40.0,94.4,72.48,94.23,98.69,26.0,-10.6,Home
2022,Geelong,Port Adelaide,77.04,45.67,96.58,91.32,80.36,87.37,16.37,3.98,40.0,80.0,87.0,91.32,80.36,87.37,17.6,33.6,Home
2022,North Melbourne,Melbourne,51.42,36.8,90.41,86.29,94.55,95.08,-4.17,-8.86,0.0,100.0,53.2,86.29,94.55,95.08,-65.0,42.2,Away
2022,Adelaide,St Kilda,62.02,38.74,92.49,86.65,85.44,89.74,7.07,-3.14,40.0,60.0,70.4,86.65,85.44,89.74,-24.6,2.8,Away
2022,Richmond,Essendon,53.36,39.61,87.66,91.87,91.26,94.25,-3.65,-2.41,60.0,20.0,106.2,91.87,91.26,94.25,23.6,-24.4,Home
2022,GWS,West Coast,51.3,40.55,80.65,91.14,90.12,88.35,-9.63,2.8,20.0,0.0,67.2,91.14,90.12,88.35,-21.6,-81.0,Home
2022,Hawthorn,Brisbane Lions,64.86,37.7,93.93,91.79,86.79,92.86,7.2,-1.07,20.0,100.0,83.2,91.79,86.79,92.86,-17.8,38.8,Home
2022,Fremantle,Collingwood,59.52,52.87,83.91,92.1,89.3,85.72,-5.4,6.43,80.0,40.0,81.6,92.1,89.3,85.72,25.6,-9.2,Away
2022,Sydney,Richmond,63.74,43.08,90.93,87.64,79.24,91.17,11.8,-3.58,40.0,80.0,90.2,87.64,79.24,91.17,9.2,33.8,Home
2022,Geelong,Adelaide,77.12,44.09,96.55,92.45,80.3,85.45,16.41,7.01,60.0,20.0,87.4,92.45,80.3,85.45,27.0,-32.6,Home
2022,Brisbane Lions,GWS,58.69,36.89,91.83,80.89,92.9,90.1,-1.08,-9.36,80.0,40.0,112.8,80.89,92.9,90.1,36.4,2.2,Home
2022,Melbourne,Fremantle,46.64,34.26,86.32,83.83,94.99,89.28,-8.74,-5.46,100.0,60.0,94.4,83.83,94.99,89.28,38.2,8.8,Away
2022,West Coast,Footscray,66.16,42.97,91.13,92.34,88.45,94.22,2.7,-1.9,0.0,60.0,48.6,92.34,88.45,94.22,-78.8,16.2,Away
2022,Gold Coast,Hawthorn,33.06,47.31,72.54,93.98,98.72,86.83,-26.4,7.2,40.0,20.0,80.2,93.98,98.72,86.83,-9.2,-19.2,Home
2022,St Kilda,North Melbourne,53.54,41.86,86.66,90.34,89.7,94.57,-3.09,-4.26,60.0,0.0,70.8,90.34,89.7,94.57,1.8,-60.8,Home
2022,Collingwood,Carlton,56.7,35.06,92.08,87.3,85.64,97.01,6.49,-9.78,60.0,80.0,85.0,87.3,85.64,97.01,-0.6,21.6,Home
2022,Port Adelaide,Essendon,61.92,39.45,91.23,91.78,87.36,94.22,3.9,-2.47,80.0,20.0,81.6,91.78,87.36,94.22,27.2,-21.2,Home
2022,Footscray,Geelong,53.41,52.69,92.47,96.55,94.15,80.25,-1.69,16.46,80.0,60.0,107.6,96.55,94.15,80.25,36.6,23.4,Away
2022,Adelaide,West Coast,61.78,40.39,92.37,91.07,85.47,88.59,6.92,2.5,0.0,0.0,62.4,91.07,85.47,88.59,-41.2,-82.2,Home
2022,Gold Coast,North Melbourne,33.6,41.7,72.73,90.26,98.54,94.58,-26.02,-4.36,60.0,0.0,88.4,90.26,98.54,94.58,14.6,-59.4,Home
2022,Melbourne,Sydney,46.46,52.45,86.26,90.96,94.99,79.27,-8.8,11.79,80.0,40.0,90.4,90.96,94.99,79.27,26.2,2.2,Away
2022,Hawthorn,Collingwood,65.0,53.05,93.9,92.05,86.9,85.62,7.05,6.49,20.0,60.0,85.4,92.05,86.9,85.62,-24.4,-2.0,Away
2022,Fremantle,Brisbane Lions,59.29,37.55,83.85,91.87,89.21,92.91,-5.37,-1.05,60.0,80.0,68.4,91.87,89.21,92.91,9.4,28.8,Home
2022,Richmond,Port Adelaide,53.54,45.49,87.67,91.18,91.2,87.28,-3.58,3.92,80.0,80.0,115.0,91.18,91.2,87.28,37.0,13.6,Home
2022,Essendon,Carlton,55.78,34.92,91.7,87.28,94.17,96.97,-2.5,-9.77,20.0,80.0,64.8,87.28,94.17,96.97,-22.2,27.8,Away
2022,Fremantle,Hawthorn,59.45,47.13,83.88,93.85,89.2,86.87,-5.33,7.03,60.0,20.0,74.4,93.85,89.2,86.87,11.6,-23.2,Home
2022,Brisbane Lions,St Kilda,58.85,38.98,91.86,86.69,92.92,89.62,-1.07,-2.98,60.0,60.0,102.8,86.69,92.92,89.62,21.2,9.0,Home
2022,North Melbourne,GWS,51.21,36.59,90.18,80.96,94.61,90.18,-4.47,-9.38,0.0,40.0,44.0,80.96,94.61,90.18,-61.8,2.8,Away
2022,Collingwood,Melbourne,56.87,37.05,92.02,86.21,85.58,94.95,6.48,-8.81,60.0,60.0,73.6,86.21,85.58,94.95,-6.2,21.8,Home
2022,Richmond,Carlton,53.73,35.18,87.64,87.26,91.15,96.89,-3.55,-9.7,80.0,80.0,97.4,87.26,91.15,96.89,17.6,23.0,Home
2022,St Kilda,Essendon,53.73,39.3,86.63,91.63,89.6,94.14,-3.02,-2.54,60.0,20.0,79.0,91.63,89.6,94.14,5.0,-21.0,Away
2022,Port Adelaide,Sydney,62.07,52.63,91.13,90.92,87.26,79.24,3.89,11.79,60.0,60.0,75.8,90.92,87.26,79.24,11.0,9.4,Home
2022,West Coast,Geelong,65.91,52.87,91.0,96.53,88.59,80.23,2.43,16.45,0.0,80.0,54.2,96.53,88.59,80.23,-66.6,26.6,Away
2022,GWS,Footscray,51.72,43.18,81.05,92.43,90.03,94.13,-9.14,-1.72,40.0,60.0,89.2,92.43,90.03,94.13,0.8,27.6,Away
2022,Gold Coast,Adelaide,34.13,43.92,72.88,92.37,98.33,85.42,-25.66,6.96,80.0,20.0,92.2,92.37,98.33,85.42,32.0,-23.2,Home
2022,Melbourne,Brisbane Lions,46.27,37.4,86.15,91.83,94.92,92.85,-8.84,-1.03,40.0,60.0,77.0,91.83,94.92,92.85,9.0,10.4,Home
2022,Footscray,Hawthorn,53.2,46.95,92.49,93.83,94.15,86.89,-1.67,6.99,80.0,20.0,112.2,93.83,94.15,86.89,35.0,-20.4,Home
2022,West Coast,Essendon,65.66,39.53,90.95,91.66,88.57,94.1,2.39,-2.47,0.0,20.0,60.8,91.66,88.57,94.1,-55.2,-19.4,Home
2022,Carlton,Fremantle,40.16,34.52,87.22,83.9,96.85,89.19,-9.71,-5.3,60.0,60.0,85.6,83.9,96.85,89.19,10.4,-1.4,Home
2022,Geelong,Richmond,77.21,42.91,96.5,87.63,80.2,91.1,16.45,-3.52,80.0,80.0,84.6,87.63,80.2,91.1,19.6,15.2,Home
2022,Sydney,St Kilda,63.88,38.82,90.86,86.6,79.25,89.64,11.73,-3.08,60.0,60.0,86.0,86.6,79.25,89.64,7.6,5.6,Home
2022,North Melbourne,Adelaide,51.0,43.75,90.1,92.33,94.62,85.47,-4.56,6.87,0.0,20.0,49.8,92.33,94.62,85.47,-56.0,-22.2,Away
2022,Collingwood,GWS,57.03,37.1,92.0,81.15,85.53,90.17,6.52,-9.18,80.0,40.0,72.8,81.15,85.53,90.17,4.4,7.4,Home
2022,Port Adelaide,Gold Coast,62.21,17.89,91.12,73.05,87.21,98.23,3.93,-25.38,60.0,80.0,75.0,73.05,87.21,98.23,12.2,37.8,Home
2022,Brisbane Lions,Footscray,59.0,43.4,91.75,92.55,92.9,94.13,-1.15,-1.59,40.0,80.0,87.6,92.55,92.9,94.13,-9.6,33.8,Home
2022,Carlton,St Kilda,40.4,38.67,87.21,86.5,96.76,89.62,-9.63,-3.17,60.0,40.0,80.8,86.5,96.76,89.62,10.6,-6.6,Away
2022,Essendon,Sydney,55.56,52.43,91.67,90.85,94.12,79.16,-2.48,11.8,20.0,60.0,71.2,90.85,94.12,79.16,-9.8,6.2,Home
2022,Adelaide,Melbourne,61.92,36.9,92.37,86.21,85.42,94.84,6.96,-8.7,40.0,40.0,80.0,86.21,85.42,94.84,-3.6,7.0,Away
2022,Gold Coast,Collingwood,34.65,53.23,73.12,91.99,98.21,85.51,-25.29,6.53,60.0,100.0,104.8,91.99,98.21,85.51,30.2,16.2,Away
2022,Geelong,North Melbourne,77.29,41.54,96.48,90.04,80.21,94.66,16.43,-4.66,100.0,0.0,86.4,90.04,80.21,94.66,22.2,-53.6,Home
2022,Richmond,West Coast,53.91,40.23,87.63,90.98,91.1,88.59,-3.52,2.41,60.0,20.0,84.8,90.98,91.1,88.59,10.0,-38.4,Home
2022,GWS,Hawthorn,51.28,46.77,81.13,93.81,90.17,86.96,-9.19,6.9,40.0,20.0,103.6,93.81,90.17,86.96,11.2,-24.2,Home
2022,Fremantle,Port Adelaide,59.61,45.31,83.83,91.12,89.17,87.22,-5.35,3.93,60.0,60.0,76.4,91.12,89.17,87.22,-0.4,-1.2,Home
2022,Geelong,Melbourne,77.37,37.15,96.57,86.22,80.12,94.78,16.61,-8.62,100.0,40.0,98.8,86.22,80.12,94.78,37.6,3.4,Home
2022,Sydney,Footscray,64.02,43.23,90.84,92.5,79.19,94.15,11.76,-1.66,60.0,60.0,81.4,92.5,79.19,94.15,7.4,21.8,Home
2022,Collingwood,North Melbourne,57.2,41.38,91.94,89.93,85.47,94.76,6.52,-4.87,100.0,0.0,77.6,89.93,85.47,94.76,10.0,-66.6,Home
2022,Gold Coast,Richmond,34.38,42.75,73.08,87.71,98.09,91.1,-25.21,-3.44,60.0,60.0,99.8,87.71,98.09,91.1,33.0,10.6,Home
2022,St Kilda,Fremantle,53.52,34.39,86.51,83.86,89.6,89.18,-3.14,-5.32,40.0,80.0,71.4,83.86,89.6,89.18,-7.8,8.4,Away
2022,Port Adelaide,GWS,62.36,36.8,91.12,81.09,87.24,90.0,3.9,-9.06,60.0,40.0,79.4,81.09,87.24,90.0,4.2,5.2,Home
2022,Brisbane Lions,Essendon,59.16,39.38,91.79,91.67,92.85,94.11,-1.07,-2.46,60.0,40.0,86.8,91.67,92.85,94.11,-0.4,-1.6,Away
2022,Hawthorn,Adelaide,64.75,43.97,93.72,92.32,86.93,85.44,6.84,6.89,0.0,40.0,67.4,92.32,86.93,85.44,-29.6,-5.2,Home
2022,West Coast,Carlton,65.79,35.04,90.98,87.19,88.67,96.75,2.33,-9.64,20.0,40.0,76.0,87.19,88.67,96.75,-35.0,4.6,Away
2022,Footscray,St Kilda,53.39,38.91,92.45,86.48,94.2,89.64,-1.76,-3.21,40.0,20.0,90.8,86.48,94.2,89.64,-9.0,-26.6,Home
2022,Adelaide,Collingwood,61.69,53.41,92.24,91.93,85.44,85.46,6.82,6.53,40.0,100.0,79.0,91.93,85.44,85.46,-3.2,10.6,Away
2022,GWS,Brisbane Lions,51.69,37.25,80.88,91.78,89.98,92.86,-9.25,-1.09,40.0,40.0,77.0,91.78,89.98,92.86,-3.0,-5.2,Away
2022,North Melbourne,Richmond,50.8,42.58,89.91,87.72,94.75,91.11,-4.88,-3.44,0.0,60.0,54.2,87.72,94.75,91.11,-57.4,11.4,Home
2022,Carlton,Geelong,40.24,53.05,87.25,96.56,96.67,80.09,-9.49,16.63,60.0,100.0,84.2,96.56,96.67,80.09,18.0,34.8,Away
2022,Fremantle,Sydney,59.77,52.24,83.92,90.89,89.14,79.16,-5.23,11.84,80.0,60.0,90.8,90.89,89.14,79.16,9.0,16.8,Away
2022,Hawthorn,West Coast,64.89,40.08,93.71,90.91,86.87,88.72,6.89,2.21,20.0,20.0,73.8,90.91,86.87,88.72,-9.8,-27.4,Home
2022,Melbourne,Port Adelaide,46.48,45.14,86.18,91.11,94.77,87.13,-8.66,4.0,40.0,60.0,78.2,91.11,94.77,87.13,5.4,12.0,Home
2022,Essendon,Gold Coast,55.73,17.74,91.69,73.16,94.1,98.06,-2.44,-25.1,60.0,60.0,90.6,73.16,94.1,98.06,3.6,20.0,Home
2022,Richmond,Fremantle,54.09,34.65,87.72,83.88,91.11,89.13,-3.44,-5.25,40.0,60.0,95.0,83.88,91.11,89.13,8.2,2.8,Draw
2022,Sydney,Adelaide,64.15,43.8,90.88,92.23,79.14,85.45,11.85,6.8,60.0,20.0,86.0,92.23,79.14,85.45,17.8,-10.4,Home
2022,North Melbourne,Hawthorn,51.0,46.59,89.91,93.72,94.73,86.85,-4.86,6.93,20.0,40.0,63.2,93.72,94.73,86.85,-44.2,-4.0,Away
2022,Port Adelaide,Geelong,62.5,53.23,91.06,96.54,87.12,80.04,3.97,16.65,60.0,100.0,83.8,96.54,87.12,80.04,11.6,38.2,Away
2022,Brisbane Lions,Gold Coast,58.94,17.6,91.8,73.09,92.8,98.08,-1.01,-25.19,60.0,40.0,85.6,73.09,92.8,98.08,5.6,-2.0,Home
2022,Footscray,Melbourne,53.57,37.01,92.44,86.17,94.13,94.72,-1.71,-8.62,60.0,60.0,93.6,86.17,94.13,94.72,-0.8,10.6,Home
2022,Carlton,GWS,40.08,36.51,87.19,80.79,96.64,90.01,-9.53,-9.38,40.0,20.0,79.2,80.79,96.64,90.01,6.8,-20.8,Home
2022,Collingwood,Essendon,57.36,39.62,91.93,91.71,85.46,94.02,6.52,-2.34,100.0,80.0,83.2,91.71,85.46,94.02,10.8,18.4,Home
2022,West Coast,St Kilda,65.54,38.76,90.88,86.42,88.74,89.63,2.16,-3.26,20.0,20.0,78.6,86.42,88.74,89.63,-26.2,-28.0,Away
2022,Fremantle,Melbourne,59.53,36.86,83.82,86.2,89.05,94.75,-5.25,-8.62,40.0,60.0,75.4,86.2,89.05,94.75,0.2,13.8,Away
2022,Collingwood,Port Adelaide,57.52,44.96,91.91,91.07,85.44,87.15,6.52,3.94,100.0,40.0,82.8,91.07,85.44,87.15,6.4,4.6,Home
2022,Sydney,GWS,64.29,36.22,90.93,80.68,79.15,90.01,11.89,-9.49,80.0,20.0,97.8,80.68,79.15,90.01,29.0,-24.0,Home
2022,St Kilda,Hawthorn,53.31,46.79,86.43,93.78,89.58,86.83,-3.2,7.0,40.0,60.0,68.2,93.78,89.58,86.83,-15.4,7.8,Home
2022,Geelong,Footscray,77.45,43.07,96.56,92.47,80.06,94.14,16.65,-1.68,100.0,60.0,103.0,92.47,80.06,94.14,37.0,-2.8,Home
2022,Adelaide,Carlton,61.45,35.29,92.22,87.19,85.51,96.56,6.72,-9.44,20.0,60.0,81.0,87.19,85.51,96.56,-8.4,17.0,Home
2022,Gold Coast,West Coast,34.88,39.92,73.17,90.83,98.13,88.75,-25.16,2.1,20.0,20.0,79.0,90.83,98.13,88.75,-14.0,-28.2,Home
2022,Richmond,Brisbane Lions,53.88,37.5,87.65,91.83,91.03,92.8,-3.44,-0.97,20.0,60.0,89.2,91.83,91.03,92.8,5.2,4.8,Home
2022,Essendon,North Melbourne,55.91,41.22,91.68,89.88,93.99,94.79,-2.34,-4.94,60.0,20.0,94.2,89.88,93.99,94.79,10.6,-43.6,Home
2022,Melbourne,Collingwood,46.69,53.58,86.2,91.9,94.64,85.43,-8.51,6.52,60.0,100.0,85.0,91.9,94.64,85.43,10.2,5.4,Away
2022,Hawthorn,Gold Coast,65.02,17.46,93.72,73.3,86.81,98.15,6.97,-25.05,60.0,40.0,84.4,73.3,86.81,98.15,13.8,-13.0,Home
2022,GWS,Essendon,51.26,39.46,80.51,91.72,90.1,93.94,-9.75,-2.24,20.0,80.0,50.6,91.72,90.1,93.94,-36.4,22.2,Home
2022,Footscray,Fremantle,53.75,34.51,92.42,83.73,94.14,89.04,-1.74,-5.33,40.0,40.0,78.8,83.73,94.14,89.04,-16.8,-2.8,Away
2022,Geelong,St Kilda,77.54,39.0,96.55,86.4,80.04,89.53,16.67,-3.17,100.0,60.0,104.0,86.4,80.04,89.53,42.0,-2.8,Home
2022,Port Adelaide,Richmond,62.26,42.41,91.05,87.68,87.16,91.04,3.92,-3.42,20.0,40.0,84.0,87.68,87.16,91.04,3.0,7.2,Away
2022,North Melbourne,Sydney,50.79,52.42,89.84,90.97,94.82,79.07,-5.03,12.01,20.0,80.0,69.2,90.97,94.82,79.07,-41.8,33.4,Away
2022,Brisbane Lions,Carlton,59.09,35.16,91.84,87.13,92.82,96.54,-0.98,-9.48,60.0,40.0,100.8,87.13,92.82,96.54,16.2,5.0,Home
2022,West Coast,Adelaide,65.3,43.63,90.85,92.2,88.78,85.45,2.09,6.76,0.0,20.0,77.8,92.2,88.78,85.45,-30.8,-14.0,Away
2022,St Kilda,Brisbane Lions,53.49,37.35,86.36,91.88,89.57,92.8,-3.25,-0.92,40.0,60.0,71.2,91.88,89.57,92.8,-14.8,14.6,Away
2022,Footscray,GWS,53.54,35.94,92.39,80.57,94.14,90.02,-1.76,-9.6,40.0,20.0,81.0,80.57,94.14,90.02,-12.0,-35.4,Home
2022,Adelaide,North Melbourne,61.6,41.06,92.22,89.83,85.46,94.88,6.78,-5.09,40.0,20.0,82.2,89.83,85.46,94.88,-5.0,-27.0,Home
2022,Gold Coast,Geelong,35.38,53.41,73.26,96.58,98.04,80.01,-24.98,16.72,40.0,100.0,82.4,96.58,98.04,80.01,-13.4,28.6,Away
2022,Melbourne,Carlton,46.51,35.02,86.2,87.12,94.65,96.57,-8.51,-9.53,40.0,40.0,84.0,87.12,94.65,96.57,3.0,1.4,Home
2022,Fremantle,West Coast,59.3,39.77,83.75,90.84,89.02,88.8,-5.29,2.05,40.0,0.0,72.4,90.84,89.02,88.8,-1.0,-27.0,Home
2022,Richmond,Hawthorn,54.05,46.62,87.72,93.67,91.0,86.76,-3.34,6.97,40.0,80.0,89.0,93.67,91.0,86.76,7.8,19.6,Home
2022,Sydney,Collingwood,64.42,53.76,91.03,91.91,79.09,85.44,12.05,6.52,100.0,100.0,111.6,91.91,79.09,85.44,42.8,5.8,Home
2022,Essendon,Port Adelaide,56.08,44.79,91.68,91.01,93.94,87.2,-2.29,3.84,60.0,20.0,92.4,91.01,93.94,87.2,15.0,-3.0,Away
2022,Brisbane Lions,Melbourne,59.25,37.11,91.86,86.19,92.74,94.61,-0.89,-8.48,80.0,60.0,100.2,86.19,92.74,94.61,19.6,9.6,Away
2022,GWS,Fremantle,51.67,34.77,80.48,83.73,89.9,88.94,-9.58,-5.23,20.0,40.0,61.0,83.73,89.9,88.94,-25.4,-4.4,Away
2022,North Melbourne,Gold Coast,50.59,17.32,89.8,73.21,94.9,98.12,-5.14,-25.11,20.0,20.0,79.0,73.21,94.9,98.12,-31.4,-25.8,Away
2022,Geelong,West Coast,77.62,39.62,96.62,90.76,79.97,88.77,16.8,2.0,100.0,0.0,102.8,90.76,79.97,88.77,35.0,-19.2,Home
2022,Essendon,Richmond,55.86,42.64,91.62,87.8,94.04,90.96,-2.45,-3.21,40.0,60.0,84.8,87.8,94.04,90.96,-3.8,20.4,Away
2022,Port Adelaide,Adelaide,62.03,43.85,91.12,92.24,87.15,85.43,3.99,6.82,20.0,60.0,92.4,92.24,87.15,85.43,2.8,7.2,Home
2022,Hawthorn,Footscray,65.15,42.91,93.62,92.33,86.84,94.07,6.84,-1.75,60.0,60.0,84.6,92.33,86.84,94.07,1.0,-0.4,Away
2022,Carlton,Collingwood,40.32,53.56,87.09,91.83,96.54,85.43,-9.52,6.45,20.0,80.0,71.0,91.83,96.54,85.43,-12.2,-1.0,Away
2022,St Kilda,Sydney,53.28,52.59,86.32,91.01,89.55,79.04,-3.28,12.08,40.0,100.0,70.4,91.01,89.55,79.04,-9.6,37.6,Away
2022,Brisbane Lions,Richmond,59.02,42.86,91.8,87.9,92.79,90.93,-1.0,-3.07,60.0,80.0,91.8,87.9,92.79,90.93,0.0,34.4,Home
2022,Melbourne,Sydney,46.72,52.77,86.24,91.0,94.53,79.03,-8.35,12.09,60.0,100.0,93.6,91.0,94.53,79.03,18.4,37.0,Away
2022,Geelong,Collingwood,77.7,53.73,96.68,91.8,79.91,85.4,16.93,6.44,100.0,80.0,112.0,91.8,79.91,85.4,46.0,-1.8,Home
2022,Fremantle,Footscray,59.46,43.12,83.74,92.32,88.9,94.02,-5.18,-1.7,60.0,60.0,69.2,92.32,88.9,94.02,3.0,-1.4,Home
2022,Melbourne,Brisbane Lions,46.54,37.6,86.21,91.82,94.53,92.81,-8.38,-0.99,60.0,60.0,87.4,91.82,94.53,92.81,16.0,-3.0,Away
2022,Collingwood,Fremantle,57.68,35.02,91.76,83.72,85.39,88.85,6.42,-5.15,60.0,80.0,76.2,83.72,85.39,88.85,-3.8,5.6,Home
2022,Geelong,Brisbane Lions,77.78,37.84,96.65,91.82,79.9,92.78,16.91,-0.97,100.0,80.0,106.4,91.82,79.9,92.78,44.8,1.0,Home
2022,Sydney,Collingwood,64.55,53.53,91.0,91.74,79.01,85.34,12.1,6.45,100.0,60.0,98.8,91.74,79.01,85.34,34.8,-1.0,Home
2022,Geelong,Sydney,77.86,52.94,96.69,91.01,79.84,79.04,17.01,12.08,100.0,100.0,111.6,91.01,79.84,79.04,53.4,20.4,Home
